date,region,blood_group,demand_units,supply_units,shortage_risk
2024-01-01,North,A+,19,25,Low
2024-01-01,North,A-,38,21,High
2024-01-01,North,B+,10,19,Low
2024-01-01,North,B-,17,43,Low
2024-01-01,North,AB+,40,20,High
2024-01-01,North,AB-,13,43,Low
2024-01-01,North,O+,24,42,Low
2024-01-01,North,O-,39,8,High
2024-01-01,South,A+,37,44,Low
2024-01-01,South,A-,15,40,Low
2024-01-01,South,B+,14,13,Medium
2024-01-01,South,B-,26,39,Low
2024-01-01,South,AB+,7,4,High
2024-01-01,South,AB-,10,5,High
2024-01-01,South,O+,21,44,Low
2024-01-01,South,O-,18,39,Low
2024-01-01,East,A+,31,42,Low
2024-01-01,East,A-,6,34,Low
2024-01-01,East,B+,39,21,High
2024-01-01,East,B-,24,33,Low
2024-01-01,East,AB+,20,28,Low
2024-01-01,East,AB-,24,32,Low
2024-01-01,East,O+,9,6,High
2024-01-01,East,O-,15,31,Low
2024-01-01,West,A+,31,33,Low
2024-01-01,West,A-,34,16,High
2024-01-01,West,B+,26,41,Low
2024-01-01,West,B-,14,23,Low
2024-01-01,West,AB+,25,25,Low
2024-01-01,West,AB-,30,11,High
2024-01-01,West,O+,28,35,Low
2024-01-01,West,O-,40,9,High
2024-01-01,Central,A+,25,18,Medium
2024-01-01,Central,A-,34,10,High
2024-01-01,Central,B+,22,31,Low
2024-01-01,Central,B-,20,12,High
2024-01-01,Central,AB+,11,6,High
2024-01-01,Central,AB-,23,27,Low
2024-01-01,Central,O+,31,18,High
2024-01-01,Central,O-,15,23,Low
2024-01-02,North,A+,25,15,High
2024-01-02,North,A-,15,34,Low
2024-01-02,North,B+,37,32,Medium
2024-01-02,North,B-,36,22,High
2024-01-02,North,AB+,36,4,High
2024-01-02,North,AB-,10,28,Low
2024-01-02,North,O+,37,32,Medium
2024-01-02,North,O-,20,16,Medium
2024-01-02,South,A+,27,6,High
2024-01-02,South,A-,8,21,Low
2024-01-02,South,B+,36,41,Low
2024-01-02,South,B-,35,21,High
2024-01-02,South,AB+,39,3,High
2024-01-02,South,AB-,11,30,Low
2024-01-02,South,O+,13,19,Low
2024-01-02,South,O-,28,28,Low
2024-01-02,East,A+,28,5,High
2024-01-02,East,A-,30,6,High
2024-01-02,East,B+,40,15,High
2024-01-02,East,B-,28,38,Low
2024-01-02,East,AB+,23,7,High
2024-01-02,East,AB-,29,35,Low
2024-01-02,East,O+,33,38,Low
2024-01-02,East,O-,22,42,Low
2024-01-02,West,A+,12,11,Medium
2024-01-02,West,A-,11,28,Low
2024-01-02,West,B+,28,24,Medium
2024-01-02,West,B-,40,26,High
2024-01-02,West,AB+,14,15,Low
2024-01-02,West,AB-,37,28,Medium
2024-01-02,West,O+,37,5,High
2024-01-02,West,O-,7,5,Medium
2024-01-02,Central,A+,13,24,Low
2024-01-02,Central,A-,35,36,Low
2024-01-02,Central,B+,34,12,High
2024-01-02,Central,B-,37,11,High
2024-01-02,Central,AB+,25,42,Low
2024-01-02,Central,AB-,25,13,High
2024-01-02,Central,O+,30,42,Low
2024-01-02,Central,O-,24,40,Low
2024-01-03,North,A+,26,35,Low
2024-01-03,North,A-,37,37,Low
2024-01-03,North,B+,36,39,Low
2024-01-03,North,B-,24,33,Low
2024-01-03,North,AB+,6,26,Low
2024-01-03,North,AB-,26,10,High
2024-01-03,North,O+,31,40,Low
2024-01-03,North,O-,24,43,Low
2024-01-03,South,A+,6,41,Low
2024-01-03,South,A-,35,19,High
2024-01-03,South,B+,19,6,High
2024-01-03,South,B-,35,13,High
2024-01-03,South,AB+,38,43,Low
2024-01-03,South,AB-,29,12,High
2024-01-03,South,O+,20,5,High
2024-01-03,South,O-,12,15,Low
2024-01-03,East,A+,6,31,Low
2024-01-03,East,A-,25,29,Low
2024-01-03,East,B+,14,29,Low
2024-01-03,East,B-,18,29,Low
2024-01-03,East,AB+,37,42,Low
2024-01-03,East,AB-,35,6,High
2024-01-03,East,O+,13,36,Low
2024-01-03,East,O-,18,38,Low
2024-01-03,West,A+,25,45,Low
2024-01-03,West,A-,35,36,Low
2024-01-03,West,B+,29,23,Medium
2024-01-03,West,B-,16,32,Low
2024-01-03,West,AB+,39,24,High
2024-01-03,West,AB-,39,25,High
2024-01-03,West,O+,21,42,Low
2024-01-03,West,O-,35,15,High
2024-01-03,Central,A+,20,20,Low
2024-01-03,Central,A-,40,22,High
2024-01-03,Central,B+,19,22,Low
2024-01-03,Central,B-,23,16,High
2024-01-03,Central,AB+,36,23,High
2024-01-03,Central,AB-,35,25,Medium
2024-01-03,Central,O+,40,20,High
2024-01-03,Central,O-,23,10,High
2024-01-04,North,A+,39,27,High
2024-01-04,North,A-,30,25,Medium
2024-01-04,North,B+,14,21,Low
2024-01-04,North,B-,7,21,Low
2024-01-04,North,AB+,10,25,Low
2024-01-04,North,AB-,33,44,Low
2024-01-04,North,O+,21,33,Low
2024-01-04,North,O-,18,15,Medium
2024-01-04,South,A+,39,20,High
2024-01-04,South,A-,40,20,High
2024-01-04,South,B+,13,9,High
2024-01-04,South,B-,20,18,Medium
2024-01-04,South,AB+,8,45,Low
2024-01-04,South,AB-,38,17,High
2024-01-04,South,O+,19,6,High
2024-01-04,South,O-,11,29,Low
2024-01-04,East,A+,26,33,Low
2024-01-04,East,A-,11,11,Low
2024-01-04,East,B+,5,38,Low
2024-01-04,East,B-,15,29,Low
2024-01-04,East,AB+,35,33,Medium
2024-01-04,East,AB-,17,21,Low
2024-01-04,East,O+,25,21,Medium
2024-01-04,East,O-,8,8,Low
2024-01-04,West,A+,19,37,Low
2024-01-04,West,A-,7,14,Low
2024-01-04,West,B+,31,14,High
2024-01-04,West,B-,7,28,Low
2024-01-04,West,AB+,36,14,High
2024-01-04,West,AB-,23,5,High
2024-01-04,West,O+,5,22,Low
2024-01-04,West,O-,11,24,Low
2024-01-04,Central,A+,23,32,Low
2024-01-04,Central,A-,39,36,Medium
2024-01-04,Central,B+,36,11,High
2024-01-04,Central,B-,37,32,Medium
2024-01-04,Central,AB+,22,15,High
2024-01-04,Central,AB-,12,24,Low
2024-01-04,Central,O+,15,32,Low
2024-01-04,Central,O-,21,14,High
2024-01-05,North,A+,5,24,Low
2024-01-05,North,A-,23,39,Low
2024-01-05,North,B+,17,14,Medium
2024-01-05,North,B-,30,30,Low
2024-01-05,North,AB+,37,23,High
2024-01-05,North,AB-,10,28,Low
2024-01-05,North,O+,11,14,Low
2024-01-05,North,O-,13,33,Low
2024-01-05,South,A+,25,18,Medium
2024-01-05,South,A-,5,19,Low
2024-01-05,South,B+,29,18,High
2024-01-05,South,B-,33,20,High
2024-01-05,South,AB+,26,22,Medium
2024-01-05,South,AB-,5,19,Low
2024-01-05,South,O+,28,18,High
2024-01-05,South,O-,8,45,Low
2024-01-05,East,A+,12,32,Low
2024-01-05,East,A-,24,13,High
2024-01-05,East,B+,30,35,Low
2024-01-05,East,B-,24,10,High
2024-01-05,East,AB+,23,26,Low
2024-01-05,East,AB-,19,17,Medium
2024-01-05,East,O+,13,33,Low
2024-01-05,East,O-,14,32,Low
2024-01-05,West,A+,28,29,Low
2024-01-05,West,A-,40,33,Medium
2024-01-05,West,B+,39,45,Low
2024-01-05,West,B-,18,18,Low
2024-01-05,West,AB+,10,36,Low
2024-01-05,West,AB-,33,36,Low
2024-01-05,West,O+,28,7,High
2024-01-05,West,O-,12,6,High
2024-01-05,Central,A+,40,35,Medium
2024-01-05,Central,A-,17,39,Low
2024-01-05,Central,B+,39,12,High
2024-01-05,Central,B-,15,23,Low
2024-01-05,Central,AB+,38,31,Medium
2024-01-05,Central,AB-,12,16,Low
2024-01-05,Central,O+,36,8,High
2024-01-05,Central,O-,37,31,Medium
2024-01-06,North,A+,8,32,Low
2024-01-06,North,A-,13,35,Low
2024-01-06,North,B+,31,32,Low
2024-01-06,North,B-,8,38,Low
2024-01-06,North,AB+,34,22,High
2024-01-06,North,AB-,6,28,Low
2024-01-06,North,O+,21,3,High
2024-01-06,North,O-,18,40,Low
2024-01-06,South,A+,9,5,High
2024-01-06,South,A-,32,25,Medium
2024-01-06,South,B+,9,37,Low
2024-01-06,South,B-,8,7,Medium
2024-01-06,South,AB+,35,5,High
2024-01-06,South,AB-,23,29,Low
2024-01-06,South,O+,16,11,High
2024-01-06,South,O-,31,26,Medium
2024-01-06,East,A+,29,31,Low
2024-01-06,East,A-,29,27,Medium
2024-01-06,East,B+,10,45,Low
2024-01-06,East,B-,39,11,High
2024-01-06,East,AB+,27,10,High
2024-01-06,East,AB-,16,37,Low
2024-01-06,East,O+,30,36,Low
2024-01-06,East,O-,13,17,Low
2024-01-06,West,A+,5,4,Medium
2024-01-06,West,A-,24,32,Low
2024-01-06,West,B+,39,30,Medium
2024-01-06,West,B-,39,27,High
2024-01-06,West,AB+,19,18,Medium
2024-01-06,West,AB-,34,25,Medium
2024-01-06,West,O+,14,20,Low
2024-01-06,West,O-,17,10,High
2024-01-06,Central,A+,7,45,Low
2024-01-06,Central,A-,31,42,Low
2024-01-06,Central,B+,6,18,Low
2024-01-06,Central,B-,18,7,High
2024-01-06,Central,AB+,11,41,Low
2024-01-06,Central,AB-,7,31,Low
2024-01-06,Central,O+,8,18,Low
2024-01-06,Central,O-,7,28,Low
2024-01-07,North,A+,33,17,High
2024-01-07,North,A-,39,16,High
2024-01-07,North,B+,8,11,Low
2024-01-07,North,B-,37,21,High
2024-01-07,North,AB+,19,39,Low
2024-01-07,North,AB-,25,39,Low
2024-01-07,North,O+,25,18,Medium
2024-01-07,North,O-,24,12,High
2024-01-07,South,A+,38,17,High
2024-01-07,South,A-,31,22,Medium
2024-01-07,South,B+,22,6,High
2024-01-07,South,B-,40,40,Low
2024-01-07,South,AB+,16,43,Low
2024-01-07,South,AB-,32,38,Low
2024-01-07,South,O+,36,6,High
2024-01-07,South,O-,27,44,Low
2024-01-07,East,A+,29,36,Low
2024-01-07,East,A-,25,29,Low
2024-01-07,East,B+,31,12,High
2024-01-07,East,B-,24,27,Low
2024-01-07,East,AB+,16,37,Low
2024-01-07,East,AB-,35,18,High
2024-01-07,East,O+,19,22,Low
2024-01-07,East,O-,14,32,Low
2024-01-07,West,A+,8,38,Low
2024-01-07,West,A-,31,29,Medium
2024-01-07,West,B+,40,36,Medium
2024-01-07,West,B-,13,27,Low
2024-01-07,West,AB+,20,19,Medium
2024-01-07,West,AB-,18,24,Low
2024-01-07,West,O+,10,31,Low
2024-01-07,West,O-,28,8,High
2024-01-07,Central,A+,39,15,High
2024-01-07,Central,A-,8,20,Low
2024-01-07,Central,B+,29,41,Low
2024-01-07,Central,B-,7,7,Low
2024-01-07,Central,AB+,17,40,Low
2024-01-07,Central,AB-,40,16,High
2024-01-07,Central,O+,35,16,High
2024-01-07,Central,O-,26,22,Medium
2024-01-08,North,A+,5,16,Low
2024-01-08,North,A-,17,10,High
2024-01-08,North,B+,35,18,High
2024-01-08,North,B-,18,28,Low
2024-01-08,North,AB+,20,38,Low
2024-01-08,North,AB-,25,21,Medium
2024-01-08,North,O+,29,32,Low
2024-01-08,North,O-,39,44,Low
2024-01-08,South,A+,27,22,Medium
2024-01-08,South,A-,21,26,Low
2024-01-08,South,B+,37,34,Medium
2024-01-08,South,B-,34,9,High
2024-01-08,South,AB+,35,23,High
2024-01-08,South,AB-,18,26,Low
2024-01-08,South,O+,25,29,Low
2024-01-08,South,O-,7,39,Low
2024-01-08,East,A+,19,12,High
2024-01-08,East,A-,6,19,Low
2024-01-08,East,B+,40,40,Low
2024-01-08,East,B-,31,21,High
2024-01-08,East,AB+,14,15,Low
2024-01-08,East,AB-,26,17,High
2024-01-08,East,O+,29,39,Low
2024-01-08,East,O-,20,34,Low
2024-01-08,West,A+,40,44,Low
2024-01-08,West,A-,26,19,Medium
2024-01-08,West,B+,36,44,Low
2024-01-08,West,B-,36,32,Medium
2024-01-08,West,AB+,15,25,Low
2024-01-08,West,AB-,15,11,Medium
2024-01-08,West,O+,39,34,Medium
2024-01-08,West,O-,16,37,Low
2024-01-08,Central,A+,8,36,Low
2024-01-08,Central,A-,7,7,Low
2024-01-08,Central,B+,8,3,High
2024-01-08,Central,B-,31,11,High
2024-01-08,Central,AB+,19,7,High
2024-01-08,Central,AB-,14,3,High
2024-01-08,Central,O+,18,35,Low
2024-01-08,Central,O-,34,26,Medium
2024-01-09,North,A+,8,42,Low
2024-01-09,North,A-,35,45,Low
2024-01-09,North,B+,36,4,High
2024-01-09,North,B-,5,37,Low
2024-01-09,North,AB+,40,29,Medium
2024-01-09,North,AB-,5,4,Medium
2024-01-09,North,O+,38,20,High
2024-01-09,North,O-,39,21,High
2024-01-09,South,A+,6,35,Low
2024-01-09,South,A-,32,14,High
2024-01-09,South,B+,11,9,Medium
2024-01-09,South,B-,38,12,High
2024-01-09,South,AB+,20,15,Medium
2024-01-09,South,AB-,38,19,High
2024-01-09,South,O+,27,20,Medium
2024-01-09,South,O-,30,8,High
2024-01-09,East,A+,28,28,Low
2024-01-09,East,A-,34,39,Low
2024-01-09,East,B+,20,17,Medium
2024-01-09,East,B-,24,8,High
2024-01-09,East,AB+,7,8,Low
2024-01-09,East,AB-,30,27,Medium
2024-01-09,East,O+,29,38,Low
2024-01-09,East,O-,35,6,High
2024-01-09,West,A+,5,13,Low
2024-01-09,West,A-,10,34,Low
2024-01-09,West,B+,32,44,Low
2024-01-09,West,B-,26,39,Low
2024-01-09,West,AB+,11,36,Low
2024-01-09,West,AB-,7,17,Low
2024-01-09,West,O+,18,39,Low
2024-01-09,West,O-,35,20,High
2024-01-09,Central,A+,7,7,Low
2024-01-09,Central,A-,22,37,Low
2024-01-09,Central,B+,7,14,Low
2024-01-09,Central,B-,25,4,High
2024-01-09,Central,AB+,18,40,Low
2024-01-09,Central,AB-,14,28,Low
2024-01-09,Central,O+,9,22,Low
2024-01-09,Central,O-,15,39,Low
2024-01-10,North,A+,20,39,Low
2024-01-10,North,A-,29,37,Low
2024-01-10,North,B+,26,27,Low
2024-01-10,North,B-,13,8,High
2024-01-10,North,AB+,37,25,High
2024-01-10,North,AB-,8,9,Low
2024-01-10,North,O+,32,17,High
2024-01-10,North,O-,9,24,Low
2024-01-10,South,A+,30,23,Medium
2024-01-10,South,A-,6,43,Low
2024-01-10,South,B+,22,31,Low
2024-01-10,South,B-,36,17,High
2024-01-10,South,AB+,27,38,Low
2024-01-10,South,AB-,29,30,Low
2024-01-10,South,O+,16,40,Low
2024-01-10,South,O-,29,8,High
2024-01-10,East,A+,23,18,Medium
2024-01-10,East,A-,9,8,Medium
2024-01-10,East,B+,22,12,High
2024-01-10,East,B-,29,43,Low
2024-01-10,East,AB+,14,27,Low
2024-01-10,East,AB-,25,26,Low
2024-01-10,East,O+,11,8,Medium
2024-01-10,East,O-,5,22,Low
2024-01-10,West,A+,33,26,Medium
2024-01-10,West,A-,22,9,High
2024-01-10,West,B+,13,8,High
2024-01-10,West,B-,16,30,Low
2024-01-10,West,AB+,33,38,Low
2024-01-10,West,AB-,40,35,Medium
2024-01-10,West,O+,31,9,High
2024-01-10,West,O-,6,8,Low
2024-01-10,Central,A+,27,38,Low
2024-01-10,Central,A-,10,41,Low
2024-01-10,Central,B+,25,27,Low
2024-01-10,Central,B-,5,21,Low
2024-01-10,Central,AB+,31,27,Medium
2024-01-10,Central,AB-,10,38,Low
2024-01-10,Central,O+,20,39,Low
2024-01-10,Central,O-,38,13,High
2024-01-11,North,A+,29,13,High
2024-01-11,North,A-,13,20,Low
2024-01-11,North,B+,24,20,Medium
2024-01-11,North,B-,36,12,High
2024-01-11,North,AB+,9,13,Low
2024-01-11,North,AB-,32,20,High
2024-01-11,North,O+,31,22,Medium
2024-01-11,North,O-,35,7,High
2024-01-11,South,A+,28,19,High
2024-01-11,South,A-,20,43,Low
2024-01-11,South,B+,36,41,Low
2024-01-11,South,B-,17,32,Low
2024-01-11,South,AB+,11,11,Low
2024-01-11,South,AB-,24,3,High
2024-01-11,South,O+,30,24,Medium
2024-01-11,South,O-,29,24,Medium
2024-01-11,East,A+,33,24,Medium
2024-01-11,East,A-,32,44,Low
2024-01-11,East,B+,13,22,Low
2024-01-11,East,B-,25,41,Low
2024-01-11,East,AB+,17,33,Low
2024-01-11,East,AB-,25,14,High
2024-01-11,East,O+,30,23,Medium
2024-01-11,East,O-,23,43,Low
2024-01-11,West,A+,36,39,Low
2024-01-11,West,A-,20,23,Low
2024-01-11,West,B+,29,20,High
2024-01-11,West,B-,30,26,Medium
2024-01-11,West,AB+,12,39,Low
2024-01-11,West,AB-,17,40,Low
2024-01-11,West,O+,39,14,High
2024-01-11,West,O-,40,4,High
2024-01-11,Central,A+,34,16,High
2024-01-11,Central,A-,33,21,High
2024-01-11,Central,B+,9,29,Low
2024-01-11,Central,B-,36,11,High
2024-01-11,Central,AB+,24,18,Medium
2024-01-11,Central,AB-,21,45,Low
2024-01-11,Central,O+,14,30,Low
2024-01-11,Central,O-,29,7,High
2024-01-12,North,A+,33,41,Low
2024-01-12,North,A-,35,40,Low
2024-01-12,North,B+,30,37,Low
2024-01-12,North,B-,37,29,Medium
2024-01-12,North,AB+,39,5,High
2024-01-12,North,AB-,28,37,Low
2024-01-12,North,O+,10,9,Medium
2024-01-12,North,O-,20,45,Low
2024-01-12,South,A+,27,13,High
2024-01-12,South,A-,7,39,Low
2024-01-12,South,B+,30,24,Medium
2024-01-12,South,B-,32,9,High
2024-01-12,South,AB+,5,9,Low
2024-01-12,South,AB-,21,17,Medium
2024-01-12,South,O+,37,36,Medium
2024-01-12,South,O-,40,40,Low
2024-01-12,East,A+,19,31,Low
2024-01-12,East,A-,28,28,Low
2024-01-12,East,B+,34,40,Low
2024-01-12,East,B-,37,12,High
2024-01-12,East,AB+,27,4,High
2024-01-12,East,AB-,35,9,High
2024-01-12,East,O+,23,29,Low
2024-01-12,East,O-,10,10,Low
2024-01-12,West,A+,14,25,Low
2024-01-12,West,A-,24,24,Low
2024-01-12,West,B+,34,16,High
2024-01-12,West,B-,38,33,Medium
2024-01-12,West,AB+,27,33,Low
2024-01-12,West,AB-,11,31,Low
2024-01-12,West,O+,33,23,High
2024-01-12,West,O-,9,22,Low
2024-01-12,Central,A+,7,10,Low
2024-01-12,Central,A-,6,24,Low
2024-01-12,Central,B+,11,13,Low
2024-01-12,Central,B-,20,36,Low
2024-01-12,Central,AB+,16,38,Low
2024-01-12,Central,AB-,15,24,Low
2024-01-12,Central,O+,40,30,Medium
2024-01-12,Central,O-,34,17,High
2024-01-13,North,A+,30,43,Low
2024-01-13,North,A-,16,14,Medium
2024-01-13,North,B+,32,28,Medium
2024-01-13,North,B-,6,42,Low
2024-01-13,North,AB+,17,31,Low
2024-01-13,North,AB-,32,27,Medium
2024-01-13,North,O+,5,16,Low
2024-01-13,North,O-,18,20,Low
2024-01-13,South,A+,9,39,Low
2024-01-13,South,A-,11,37,Low
2024-01-13,South,B+,16,26,Low
2024-01-13,South,B-,25,15,High
2024-01-13,South,AB+,34,10,High
2024-01-13,South,AB-,21,45,Low
2024-01-13,South,O+,36,36,Low
2024-01-13,South,O-,25,41,Low
2024-01-13,East,A+,29,42,Low
2024-01-13,East,A-,30,40,Low
2024-01-13,East,B+,12,25,Low
2024-01-13,East,B-,27,32,Low
2024-01-13,East,AB+,16,22,Low
2024-01-13,East,AB-,10,11,Low
2024-01-13,East,O+,25,10,High
2024-01-13,East,O-,20,22,Low
2024-01-13,West,A+,12,14,Low
2024-01-13,West,A-,28,12,High
2024-01-13,West,B+,37,27,Medium
2024-01-13,West,B-,31,41,Low
2024-01-13,West,AB+,13,39,Low
2024-01-13,West,AB-,29,30,Low
2024-01-13,West,O+,16,34,Low
2024-01-13,West,O-,39,44,Low
2024-01-13,Central,A+,16,38,Low
2024-01-13,Central,A-,15,34,Low
2024-01-13,Central,B+,23,11,High
2024-01-13,Central,B-,16,23,Low
2024-01-13,Central,AB+,33,42,Low
2024-01-13,Central,AB-,8,25,Low
2024-01-13,Central,O+,5,34,Low
2024-01-13,Central,O-,13,15,Low
2024-01-14,North,A+,29,38,Low
2024-01-14,North,A-,37,44,Low
2024-01-14,North,B+,36,29,Medium
2024-01-14,North,B-,36,29,Medium
2024-01-14,North,AB+,33,34,Low
2024-01-14,North,AB-,15,8,High
2024-01-14,North,O+,6,17,Low
2024-01-14,North,O-,23,5,High
2024-01-14,South,A+,22,17,Medium
2024-01-14,South,A-,39,21,High
2024-01-14,South,B+,15,32,Low
2024-01-14,South,B-,36,38,Low
2024-01-14,South,AB+,37,10,High
2024-01-14,South,AB-,12,20,Low
2024-01-14,South,O+,39,26,High
2024-01-14,South,O-,39,5,High
2024-01-14,East,A+,33,37,Low
2024-01-14,East,A-,18,30,Low
2024-01-14,East,B+,11,44,Low
2024-01-14,East,B-,20,22,Low
2024-01-14,East,AB+,7,31,Low
2024-01-14,East,AB-,21,25,Low
2024-01-14,East,O+,10,31,Low
2024-01-14,East,O-,12,18,Low
2024-01-14,West,A+,18,40,Low
2024-01-14,West,A-,27,42,Low
2024-01-14,West,B+,32,13,High
2024-01-14,West,B-,13,16,Low
2024-01-14,West,AB+,18,6,High
2024-01-14,West,AB-,27,37,Low
2024-01-14,West,O+,22,41,Low
2024-01-14,West,O-,39,13,High
2024-01-14,Central,A+,25,21,Medium
2024-01-14,Central,A-,23,39,Low
2024-01-14,Central,B+,22,35,Low
2024-01-14,Central,B-,11,11,Low
2024-01-14,Central,AB+,31,6,High
2024-01-14,Central,AB-,22,44,Low
2024-01-14,Central,O+,13,11,Medium
2024-01-14,Central,O-,20,12,High
2024-01-15,North,A+,25,18,Medium
2024-01-15,North,A-,30,34,Low
2024-01-15,North,B+,14,39,Low
2024-01-15,North,B-,22,43,Low
2024-01-15,North,AB+,31,27,Medium
2024-01-15,North,AB-,33,7,High
2024-01-15,North,O+,10,28,Low
2024-01-15,North,O-,37,20,High
2024-01-15,South,A+,28,32,Low
2024-01-15,South,A-,36,23,High
2024-01-15,South,B+,5,8,Low
2024-01-15,South,B-,34,43,Low
2024-01-15,South,AB+,27,7,High
2024-01-15,South,AB-,39,28,Medium
2024-01-15,South,O+,18,30,Low
2024-01-15,South,O-,18,34,Low
2024-01-15,East,A+,22,23,Low
2024-01-15,East,A-,23,24,Low
2024-01-15,East,B+,40,39,Medium
2024-01-15,East,B-,13,39,Low
2024-01-15,East,AB+,36,24,High
2024-01-15,East,AB-,8,5,High
2024-01-15,East,O+,11,43,Low
2024-01-15,East,O-,34,4,High
2024-01-15,West,A+,12,13,Low
2024-01-15,West,A-,33,32,Medium
2024-01-15,West,B+,5,30,Low
2024-01-15,West,B-,17,11,High
2024-01-15,West,AB+,24,13,High
2024-01-15,West,AB-,22,8,High
2024-01-15,West,O+,28,19,High
2024-01-15,West,O-,10,26,Low
2024-01-15,Central,A+,15,6,High
2024-01-15,Central,A-,30,43,Low
2024-01-15,Central,B+,24,17,Medium
2024-01-15,Central,B-,32,44,Low
2024-01-15,Central,AB+,10,9,Medium
2024-01-15,Central,AB-,5,16,Low
2024-01-15,Central,O+,35,7,High
2024-01-15,Central,O-,13,40,Low
2024-01-16,North,A+,19,36,Low
2024-01-16,North,A-,33,3,High
2024-01-16,North,B+,5,24,Low
2024-01-16,North,B-,12,30,Low
2024-01-16,North,AB+,13,33,Low
2024-01-16,North,AB-,9,17,Low
2024-01-16,North,O+,29,8,High
2024-01-16,North,O-,11,9,Medium
2024-01-16,South,A+,25,26,Low
2024-01-16,South,A-,24,11,High
2024-01-16,South,B+,29,11,High
2024-01-16,South,B-,14,7,High
2024-01-16,South,AB+,38,39,Low
2024-01-16,South,AB-,5,42,Low
2024-01-16,South,O+,15,31,Low
2024-01-16,South,O-,27,16,High
2024-01-16,East,A+,14,29,Low
2024-01-16,East,A-,33,16,High
2024-01-16,East,B+,10,9,Medium
2024-01-16,East,B-,13,10,Medium
2024-01-16,East,AB+,29,25,Medium
2024-01-16,East,AB-,32,23,Medium
2024-01-16,East,O+,13,18,Low
2024-01-16,East,O-,22,44,Low
2024-01-16,West,A+,10,18,Low
2024-01-16,West,A-,40,41,Low
2024-01-16,West,B+,23,4,High
2024-01-16,West,B-,24,16,High
2024-01-16,West,AB+,38,41,Low
2024-01-16,West,AB-,37,15,High
2024-01-16,West,O+,30,21,Medium
2024-01-16,West,O-,8,18,Low
2024-01-16,Central,A+,36,27,Medium
2024-01-16,Central,A-,12,18,Low
2024-01-16,Central,B+,36,43,Low
2024-01-16,Central,B-,9,36,Low
2024-01-16,Central,AB+,5,26,Low
2024-01-16,Central,AB-,25,11,High
2024-01-16,Central,O+,29,39,Low
2024-01-16,Central,O-,31,26,Medium
2024-01-17,North,A+,39,14,High
2024-01-17,North,A-,35,7,High
2024-01-17,North,B+,6,40,Low
2024-01-17,North,B-,9,3,High
2024-01-17,North,AB+,21,16,Medium
2024-01-17,North,AB-,7,6,Medium
2024-01-17,North,O+,30,35,Low
2024-01-17,North,O-,23,43,Low
2024-01-17,South,A+,37,29,Medium
2024-01-17,South,A-,32,28,Medium
2024-01-17,South,B+,10,43,Low
2024-01-17,South,B-,39,37,Medium
2024-01-17,South,AB+,14,20,Low
2024-01-17,South,AB-,10,22,Low
2024-01-17,South,O+,10,35,Low
2024-01-17,South,O-,18,12,High
2024-01-17,East,A+,39,23,High
2024-01-17,East,A-,30,40,Low
2024-01-17,East,B+,9,22,Low
2024-01-17,East,B-,32,18,High
2024-01-17,East,AB+,8,18,Low
2024-01-17,East,AB-,10,30,Low
2024-01-17,East,O+,12,32,Low
2024-01-17,East,O-,8,22,Low
2024-01-17,West,A+,16,10,High
2024-01-17,West,A-,5,11,Low
2024-01-17,West,B+,5,13,Low
2024-01-17,West,B-,36,25,High
2024-01-17,West,AB+,38,36,Medium
2024-01-17,West,AB-,21,13,High
2024-01-17,West,O+,28,11,High
2024-01-17,West,O-,22,10,High
2024-01-17,Central,A+,6,24,Low
2024-01-17,Central,A-,32,20,High
2024-01-17,Central,B+,38,7,High
2024-01-17,Central,B-,21,39,Low
2024-01-17,Central,AB+,9,34,Low
2024-01-17,Central,AB-,34,35,Low
2024-01-17,Central,O+,28,6,High
2024-01-17,Central,O-,36,39,Low
2024-01-18,North,A+,15,26,Low
2024-01-18,North,A-,15,19,Low
2024-01-18,North,B+,11,39,Low
2024-01-18,North,B-,12,17,Low
2024-01-18,North,AB+,37,3,High
2024-01-18,North,AB-,7,3,High
2024-01-18,North,O+,20,5,High
2024-01-18,North,O-,35,26,Medium
2024-01-18,South,A+,29,12,High
2024-01-18,South,A-,16,5,High
2024-01-18,South,B+,40,44,Low
2024-01-18,South,B-,31,17,High
2024-01-18,South,AB+,25,18,Medium
2024-01-18,South,AB-,31,23,Medium
2024-01-18,South,O+,22,7,High
2024-01-18,South,O-,28,10,High
2024-01-18,East,A+,37,6,High
2024-01-18,East,A-,16,17,Low
2024-01-18,East,B+,38,5,High
2024-01-18,East,B-,30,7,High
2024-01-18,East,AB+,34,21,High
2024-01-18,East,AB-,24,23,Medium
2024-01-18,East,O+,10,38,Low
2024-01-18,East,O-,34,3,High
2024-01-18,West,A+,28,15,High
2024-01-18,West,A-,23,39,Low
2024-01-18,West,B+,24,42,Low
2024-01-18,West,B-,20,32,Low
2024-01-18,West,AB+,28,40,Low
2024-01-18,West,AB-,36,15,High
2024-01-18,West,O+,39,18,High
2024-01-18,West,O-,14,3,High
2024-01-18,Central,A+,31,4,High
2024-01-18,Central,A-,19,37,Low
2024-01-18,Central,B+,27,43,Low
2024-01-18,Central,B-,5,24,Low
2024-01-18,Central,AB+,5,45,Low
2024-01-18,Central,AB-,29,22,Medium
2024-01-18,Central,O+,11,16,Low
2024-01-18,Central,O-,38,18,High
2024-01-19,North,A+,31,34,Low
2024-01-19,North,A-,8,12,Low
2024-01-19,North,B+,22,8,High
2024-01-19,North,B-,7,17,Low
2024-01-19,North,AB+,38,29,Medium
2024-01-19,North,AB-,28,32,Low
2024-01-19,North,O+,10,40,Low
2024-01-19,North,O-,11,35,Low
2024-01-19,South,A+,13,43,Low
2024-01-19,South,A-,30,7,High
2024-01-19,South,B+,8,30,Low
2024-01-19,South,B-,13,18,Low
2024-01-19,South,AB+,23,19,Medium
2024-01-19,South,AB-,25,28,Low
2024-01-19,South,O+,25,23,Medium
2024-01-19,South,O-,33,20,High
2024-01-19,East,A+,19,7,High
2024-01-19,East,A-,17,11,High
2024-01-19,East,B+,11,12,Low
2024-01-19,East,B-,11,13,Low
2024-01-19,East,AB+,33,32,Medium
2024-01-19,East,AB-,25,29,Low
2024-01-19,East,O+,12,37,Low
2024-01-19,East,O-,27,16,High
2024-01-19,West,A+,33,22,High
2024-01-19,West,A-,34,19,High
2024-01-19,West,B+,12,8,High
2024-01-19,West,B-,15,22,Low
2024-01-19,West,AB+,7,16,Low
2024-01-19,West,AB-,25,12,High
2024-01-19,West,O+,10,18,Low
2024-01-19,West,O-,27,28,Low
2024-01-19,Central,A+,37,6,High
2024-01-19,Central,A-,24,19,Medium
2024-01-19,Central,B+,16,4,High
2024-01-19,Central,B-,30,31,Low
2024-01-19,Central,AB+,40,38,Medium
2024-01-19,Central,AB-,20,9,High
2024-01-19,Central,O+,34,9,High
2024-01-19,Central,O-,13,10,Medium
2024-01-20,North,A+,5,6,Low
2024-01-20,North,A-,19,11,High
2024-01-20,North,B+,17,28,Low
2024-01-20,North,B-,28,43,Low
2024-01-20,North,AB+,10,40,Low
2024-01-20,North,AB-,21,7,High
2024-01-20,North,O+,6,7,Low
2024-01-20,North,O-,17,44,Low
2024-01-20,South,A+,33,11,High
2024-01-20,South,A-,10,24,Low
2024-01-20,South,B+,12,5,High
2024-01-20,South,B-,34,6,High
2024-01-20,South,AB+,15,39,Low
2024-01-20,South,AB-,32,28,Medium
2024-01-20,South,O+,36,4,High
2024-01-20,South,O-,29,30,Low
2024-01-20,East,A+,16,25,Low
2024-01-20,East,A-,18,14,Medium
2024-01-20,East,B+,22,20,Medium
2024-01-20,East,B-,33,12,High
2024-01-20,East,AB+,7,42,Low
2024-01-20,East,AB-,20,44,Low
2024-01-20,East,O+,23,34,Low
2024-01-20,East,O-,31,38,Low
2024-01-20,West,A+,35,6,High
2024-01-20,West,A-,10,20,Low
2024-01-20,West,B+,29,11,High
2024-01-20,West,B-,31,15,High
2024-01-20,West,AB+,38,18,High
2024-01-20,West,AB-,39,4,High
2024-01-20,West,O+,29,25,Medium
2024-01-20,West,O-,35,37,Low
2024-01-20,Central,A+,36,25,High
2024-01-20,Central,A-,37,23,High
2024-01-20,Central,B+,29,20,High
2024-01-20,Central,B-,16,4,High
2024-01-20,Central,AB+,25,41,Low
2024-01-20,Central,AB-,19,4,High
2024-01-20,Central,O+,22,6,High
2024-01-20,Central,O-,35,36,Low
2024-01-21,North,A+,27,40,Low
2024-01-21,North,A-,19,13,High
2024-01-21,North,B+,11,18,Low
2024-01-21,North,B-,20,20,Low
2024-01-21,North,AB+,39,6,High
2024-01-21,North,AB-,19,39,Low
2024-01-21,North,O+,29,25,Medium
2024-01-21,North,O-,16,14,Medium
2024-01-21,South,A+,20,40,Low
2024-01-21,South,A-,25,25,Low
2024-01-21,South,B+,6,25,Low
2024-01-21,South,B-,14,39,Low
2024-01-21,South,AB+,17,34,Low
2024-01-21,South,AB-,39,22,High
2024-01-21,South,O+,16,34,Low
2024-01-21,South,O-,7,8,Low
2024-01-21,East,A+,8,17,Low
2024-01-21,East,A-,19,4,High
2024-01-21,East,B+,38,33,Medium
2024-01-21,East,B-,5,24,Low
2024-01-21,East,AB+,17,11,High
2024-01-21,East,AB-,26,14,High
2024-01-21,East,O+,25,6,High
2024-01-21,East,O-,6,12,Low
2024-01-21,West,A+,14,10,Medium
2024-01-21,West,A-,38,26,High
2024-01-21,West,B+,9,26,Low
2024-01-21,West,B-,30,40,Low
2024-01-21,West,AB+,11,24,Low
2024-01-21,West,AB-,24,23,Medium
2024-01-21,West,O+,13,13,Low
2024-01-21,West,O-,32,43,Low
2024-01-21,Central,A+,36,44,Low
2024-01-21,Central,A-,25,14,High
2024-01-21,Central,B+,40,42,Low
2024-01-21,Central,B-,27,17,High
2024-01-21,Central,AB+,16,27,Low
2024-01-21,Central,AB-,24,21,Medium
2024-01-21,Central,O+,13,14,Low
2024-01-21,Central,O-,5,39,Low
2024-01-22,North,A+,30,39,Low
2024-01-22,North,A-,7,14,Low
2024-01-22,North,B+,25,42,Low
2024-01-22,North,B-,19,43,Low
2024-01-22,North,AB+,11,34,Low
2024-01-22,North,AB-,14,24,Low
2024-01-22,North,O+,9,18,Low
2024-01-22,North,O-,27,23,Medium
2024-01-22,South,A+,15,43,Low
2024-01-22,South,A-,10,45,Low
2024-01-22,South,B+,26,31,Low
2024-01-22,South,B-,5,19,Low
2024-01-22,South,AB+,18,18,Low
2024-01-22,South,AB-,9,25,Low
2024-01-22,South,O+,21,9,High
2024-01-22,South,O-,5,6,Low
2024-01-22,East,A+,29,31,Low
2024-01-22,East,A-,31,13,High
2024-01-22,East,B+,31,34,Low
2024-01-22,East,B-,29,25,Medium
2024-01-22,East,AB+,39,27,High
2024-01-22,East,AB-,11,33,Low
2024-01-22,East,O+,19,13,High
2024-01-22,East,O-,33,7,High
2024-01-22,West,A+,7,21,Low
2024-01-22,West,A-,6,23,Low
2024-01-22,West,B+,21,9,High
2024-01-22,West,B-,9,24,Low
2024-01-22,West,AB+,15,27,Low
2024-01-22,West,AB-,15,7,High
2024-01-22,West,O+,40,8,High
2024-01-22,West,O-,26,41,Low
2024-01-22,Central,A+,35,4,High
2024-01-22,Central,A-,32,44,Low
2024-01-22,Central,B+,15,41,Low
2024-01-22,Central,B-,32,13,High
2024-01-22,Central,AB+,8,9,Low
2024-01-22,Central,AB-,26,16,High
2024-01-22,Central,O+,17,29,Low
2024-01-22,Central,O-,40,37,Medium
2024-01-23,North,A+,21,45,Low
2024-01-23,North,A-,23,22,Medium
2024-01-23,North,B+,20,9,High
2024-01-23,North,B-,8,28,Low
2024-01-23,North,AB+,40,34,Medium
2024-01-23,North,AB-,14,6,High
2024-01-23,North,O+,28,3,High
2024-01-23,North,O-,32,8,High
2024-01-23,South,A+,23,45,Low
2024-01-23,South,A-,35,15,High
2024-01-23,South,B+,11,4,High
2024-01-23,South,B-,18,13,Medium
2024-01-23,South,AB+,23,8,High
2024-01-23,South,AB-,35,10,High
2024-01-23,South,O+,24,28,Low
2024-01-23,South,O-,35,34,Medium
2024-01-23,East,A+,21,8,High
2024-01-23,East,A-,39,27,High
2024-01-23,East,B+,16,26,Low
2024-01-23,East,B-,29,26,Medium
2024-01-23,East,AB+,16,31,Low
2024-01-23,East,AB-,7,19,Low
2024-01-23,East,O+,33,32,Medium
2024-01-23,East,O-,21,17,Medium
2024-01-23,West,A+,22,39,Low
2024-01-23,West,A-,8,12,Low
2024-01-23,West,B+,11,8,Medium
2024-01-23,West,B-,27,37,Low
2024-01-23,West,AB+,31,40,Low
2024-01-23,West,AB-,19,38,Low
2024-01-23,West,O+,8,27,Low
2024-01-23,West,O-,38,29,Medium
2024-01-23,Central,A+,39,33,Medium
2024-01-23,Central,A-,20,33,Low
2024-01-23,Central,B+,24,8,High
2024-01-23,Central,B-,30,5,High
2024-01-23,Central,AB+,37,39,Low
2024-01-23,Central,AB-,38,39,Low
2024-01-23,Central,O+,14,10,Medium
2024-01-23,Central,O-,33,14,High
2024-01-24,North,A+,15,16,Low
2024-01-24,North,A-,17,11,High
2024-01-24,North,B+,7,30,Low
2024-01-24,North,B-,10,30,Low
2024-01-24,North,AB+,17,43,Low
2024-01-24,North,AB-,14,41,Low
2024-01-24,North,O+,21,23,Low
2024-01-24,North,O-,9,8,Medium
2024-01-24,South,A+,29,38,Low
2024-01-24,South,A-,30,38,Low
2024-01-24,South,B+,25,20,Medium
2024-01-24,South,B-,38,32,Medium
2024-01-24,South,AB+,5,42,Low
2024-01-24,South,AB-,38,29,Medium
2024-01-24,South,O+,12,29,Low
2024-01-24,South,O-,14,12,Medium
2024-01-24,East,A+,11,9,Medium
2024-01-24,East,A-,11,21,Low
2024-01-24,East,B+,39,25,High
2024-01-24,East,B-,31,19,High
2024-01-24,East,AB+,29,44,Low
2024-01-24,East,AB-,36,39,Low
2024-01-24,East,O+,35,5,High
2024-01-24,East,O-,16,20,Low
2024-01-24,West,A+,30,12,High
2024-01-24,West,A-,30,5,High
2024-01-24,West,B+,30,24,Medium
2024-01-24,West,B-,20,6,High
2024-01-24,West,AB+,35,20,High
2024-01-24,West,AB-,28,4,High
2024-01-24,West,O+,26,22,Medium
2024-01-24,West,O-,24,20,Medium
2024-01-24,Central,A+,36,9,High
2024-01-24,Central,A-,19,11,High
2024-01-24,Central,B+,24,31,Low
2024-01-24,Central,B-,25,20,Medium
2024-01-24,Central,AB+,31,41,Low
2024-01-24,Central,AB-,10,15,Low
2024-01-24,Central,O+,33,16,High
2024-01-24,Central,O-,31,34,Low
2024-01-25,North,A+,38,26,High
2024-01-25,North,A-,8,35,Low
2024-01-25,North,B+,15,7,High
2024-01-25,North,B-,24,35,Low
2024-01-25,North,AB+,30,11,High
2024-01-25,North,AB-,38,39,Low
2024-01-25,North,O+,6,14,Low
2024-01-25,North,O-,17,15,Medium
2024-01-25,South,A+,8,18,Low
2024-01-25,South,A-,7,32,Low
2024-01-25,South,B+,8,26,Low
2024-01-25,South,B-,17,20,Low
2024-01-25,South,AB+,28,32,Low
2024-01-25,South,AB-,37,28,Medium
2024-01-25,South,O+,12,4,High
2024-01-25,South,O-,20,26,Low
2024-01-25,East,A+,36,41,Low
2024-01-25,East,A-,33,14,High
2024-01-25,East,B+,35,40,Low
2024-01-25,East,B-,40,25,High
2024-01-25,East,AB+,27,13,High
2024-01-25,East,AB-,21,8,High
2024-01-25,East,O+,23,4,High
2024-01-25,East,O-,29,6,High
2024-01-25,West,A+,15,39,Low
2024-01-25,West,A-,18,17,Medium
2024-01-25,West,B+,19,16,Medium
2024-01-25,West,B-,22,44,Low
2024-01-25,West,AB+,31,35,Low
2024-01-25,West,AB-,6,3,High
2024-01-25,West,O+,35,11,High
2024-01-25,West,O-,16,41,Low
2024-01-25,Central,A+,5,17,Low
2024-01-25,Central,A-,21,41,Low
2024-01-25,Central,B+,24,44,Low
2024-01-25,Central,B-,22,30,Low
2024-01-25,Central,AB+,29,25,Medium
2024-01-25,Central,AB-,34,19,High
2024-01-25,Central,O+,18,32,Low
2024-01-25,Central,O-,24,36,Low
2024-01-26,North,A+,30,40,Low
2024-01-26,North,A-,11,3,High
2024-01-26,North,B+,37,45,Low
2024-01-26,North,B-,28,38,Low
2024-01-26,North,AB+,23,22,Medium
2024-01-26,North,AB-,11,33,Low
2024-01-26,North,O+,9,24,Low
2024-01-26,North,O-,22,43,Low
2024-01-26,South,A+,25,20,Medium
2024-01-26,South,A-,21,44,Low
2024-01-26,South,B+,24,15,High
2024-01-26,South,B-,14,36,Low
2024-01-26,South,AB+,20,6,High
2024-01-26,South,AB-,30,45,Low
2024-01-26,South,O+,25,11,High
2024-01-26,South,O-,6,44,Low
2024-01-26,East,A+,36,21,High
2024-01-26,East,A-,21,29,Low
2024-01-26,East,B+,30,27,Medium
2024-01-26,East,B-,7,40,Low
2024-01-26,East,AB+,17,24,Low
2024-01-26,East,AB-,19,37,Low
2024-01-26,East,O+,35,45,Low
2024-01-26,East,O-,27,35,Low
2024-01-26,West,A+,24,13,High
2024-01-26,West,A-,40,14,High
2024-01-26,West,B+,23,9,High
2024-01-26,West,B-,35,11,High
2024-01-26,West,AB+,21,38,Low
2024-01-26,West,AB-,16,24,Low
2024-01-26,West,O+,10,17,Low
2024-01-26,West,O-,27,17,High
2024-01-26,Central,A+,24,29,Low
2024-01-26,Central,A-,26,26,Low
2024-01-26,Central,B+,21,40,Low
2024-01-26,Central,B-,23,32,Low
2024-01-26,Central,AB+,12,33,Low
2024-01-26,Central,AB-,8,43,Low
2024-01-26,Central,O+,9,33,Low
2024-01-26,Central,O-,17,35,Low
2024-01-27,North,A+,12,27,Low
2024-01-27,North,A-,38,22,High
2024-01-27,North,B+,31,6,High
2024-01-27,North,B-,14,11,Medium
2024-01-27,North,AB+,17,24,Low
2024-01-27,North,AB-,31,39,Low
2024-01-27,North,O+,34,12,High
2024-01-27,North,O-,25,14,High
2024-01-27,South,A+,10,34,Low
2024-01-27,South,A-,26,43,Low
2024-01-27,South,B+,16,23,Low
2024-01-27,South,B-,8,3,High
2024-01-27,South,AB+,33,20,High
2024-01-27,South,AB-,18,13,Medium
2024-01-27,South,O+,15,34,Low
2024-01-27,South,O-,10,11,Low
2024-01-27,East,A+,32,43,Low
2024-01-27,East,A-,32,28,Medium
2024-01-27,East,B+,32,33,Low
2024-01-27,East,B-,29,3,High
2024-01-27,East,AB+,7,37,Low
2024-01-27,East,AB-,17,26,Low
2024-01-27,East,O+,5,23,Low
2024-01-27,East,O-,38,15,High
2024-01-27,West,A+,6,3,High
2024-01-27,West,A-,20,17,Medium
2024-01-27,West,B+,27,22,Medium
2024-01-27,West,B-,13,9,High
2024-01-27,West,AB+,29,35,Low
2024-01-27,West,AB-,24,13,High
2024-01-27,West,O+,9,5,High
2024-01-27,West,O-,24,21,Medium
2024-01-27,Central,A+,34,36,Low
2024-01-27,Central,A-,38,24,High
2024-01-27,Central,B+,32,11,High
2024-01-27,Central,B-,26,34,Low
2024-01-27,Central,AB+,27,15,High
2024-01-27,Central,AB-,15,28,Low
2024-01-27,Central,O+,6,17,Low
2024-01-27,Central,O-,19,11,High
2024-01-28,North,A+,18,4,High
2024-01-28,North,A-,37,13,High
2024-01-28,North,B+,12,26,Low
2024-01-28,North,B-,7,27,Low
2024-01-28,North,AB+,21,37,Low
2024-01-28,North,AB-,8,41,Low
2024-01-28,North,O+,8,45,Low
2024-01-28,North,O-,11,44,Low
2024-01-28,South,A+,6,6,Low
2024-01-28,South,A-,12,29,Low
2024-01-28,South,B+,33,27,Medium
2024-01-28,South,B-,12,38,Low
2024-01-28,South,AB+,21,33,Low
2024-01-28,South,AB-,14,16,Low
2024-01-28,South,O+,5,22,Low
2024-01-28,South,O-,31,45,Low
2024-01-28,East,A+,11,45,Low
2024-01-28,East,A-,38,20,High
2024-01-28,East,B+,13,29,Low
2024-01-28,East,B-,11,35,Low
2024-01-28,East,AB+,12,21,Low
2024-01-28,East,AB-,12,9,Medium
2024-01-28,East,O+,36,15,High
2024-01-28,East,O-,17,19,Low
2024-01-28,West,A+,38,15,High
2024-01-28,West,A-,27,29,Low
2024-01-28,West,B+,23,13,High
2024-01-28,West,B-,7,38,Low
2024-01-28,West,AB+,36,16,High
2024-01-28,West,AB-,35,24,High
2024-01-28,West,O+,20,3,High
2024-01-28,West,O-,5,45,Low
2024-01-28,Central,A+,10,10,Low
2024-01-28,Central,A-,36,12,High
2024-01-28,Central,B+,10,35,Low
2024-01-28,Central,B-,9,9,Low
2024-01-28,Central,AB+,21,44,Low
2024-01-28,Central,AB-,19,32,Low
2024-01-28,Central,O+,23,19,Medium
2024-01-28,Central,O-,34,6,High
2024-01-29,North,A+,11,14,Low
2024-01-29,North,A-,7,21,Low
2024-01-29,North,B+,28,23,Medium
2024-01-29,North,B-,32,10,High
2024-01-29,North,AB+,11,5,High
2024-01-29,North,AB-,5,11,Low
2024-01-29,North,O+,15,24,Low
2024-01-29,North,O-,27,31,Low
2024-01-29,South,A+,22,8,High
2024-01-29,South,A-,28,24,Medium
2024-01-29,South,B+,16,10,High
2024-01-29,South,B-,30,28,Medium
2024-01-29,South,AB+,34,20,High
2024-01-29,South,AB-,29,33,Low
2024-01-29,South,O+,31,44,Low
2024-01-29,South,O-,15,10,High
2024-01-29,East,A+,13,6,High
2024-01-29,East,A-,15,9,High
2024-01-29,East,B+,31,40,Low
2024-01-29,East,B-,35,39,Low
2024-01-29,East,AB+,33,14,High
2024-01-29,East,AB-,29,25,Medium
2024-01-29,East,O+,6,11,Low
2024-01-29,East,O-,35,34,Medium
2024-01-29,West,A+,12,29,Low
2024-01-29,West,A-,33,5,High
2024-01-29,West,B+,9,19,Low
2024-01-29,West,B-,25,3,High
2024-01-29,West,AB+,38,39,Low
2024-01-29,West,AB-,19,45,Low
2024-01-29,West,O+,26,36,Low
2024-01-29,West,O-,38,42,Low
2024-01-29,Central,A+,11,30,Low
2024-01-29,Central,A-,20,33,Low
2024-01-29,Central,B+,27,45,Low
2024-01-29,Central,B-,29,12,High
2024-01-29,Central,AB+,40,42,Low
2024-01-29,Central,AB-,8,3,High
2024-01-29,Central,O+,15,35,Low
2024-01-29,Central,O-,35,34,Medium
2024-01-30,North,A+,15,7,High
2024-01-30,North,A-,36,23,High
2024-01-30,North,B+,20,24,Low
2024-01-30,North,B-,22,6,High
2024-01-30,North,AB+,37,17,High
2024-01-30,North,AB-,40,44,Low
2024-01-30,North,O+,29,28,Medium
2024-01-30,North,O-,20,8,High
2024-01-30,South,A+,34,31,Medium
2024-01-30,South,A-,33,8,High
2024-01-30,South,B+,36,31,Medium
2024-01-30,South,B-,25,10,High
2024-01-30,South,AB+,36,44,Low
2024-01-30,South,AB-,6,9,Low
2024-01-30,South,O+,30,29,Medium
2024-01-30,South,O-,7,38,Low
2024-01-30,East,A+,40,3,High
2024-01-30,East,A-,10,41,Low
2024-01-30,East,B+,24,35,Low
2024-01-30,East,B-,40,16,High
2024-01-30,East,AB+,34,24,Medium
2024-01-30,East,AB-,28,6,High
2024-01-30,East,O+,19,32,Low
2024-01-30,East,O-,26,38,Low
2024-01-30,West,A+,35,45,Low
2024-01-30,West,A-,28,31,Low
2024-01-30,West,B+,12,9,Medium
2024-01-30,West,B-,19,3,High
2024-01-30,West,AB+,26,25,Medium
2024-01-30,West,AB-,23,38,Low
2024-01-30,West,O+,38,26,High
2024-01-30,West,O-,11,5,High
2024-01-30,Central,A+,15,34,Low
2024-01-30,Central,A-,13,29,Low
2024-01-30,Central,B+,11,19,Low
2024-01-30,Central,B-,17,15,Medium
2024-01-30,Central,AB+,12,28,Low
2024-01-30,Central,AB-,18,32,Low
2024-01-30,Central,O+,17,24,Low
2024-01-30,Central,O-,11,29,Low
2024-01-31,North,A+,7,43,Low
2024-01-31,North,A-,12,31,Low
2024-01-31,North,B+,34,45,Low
2024-01-31,North,B-,37,11,High
2024-01-31,North,AB+,36,3,High
2024-01-31,North,AB-,38,6,High
2024-01-31,North,O+,40,30,Medium
2024-01-31,North,O-,35,35,Low
2024-01-31,South,A+,16,40,Low
2024-01-31,South,A-,16,11,High
2024-01-31,South,B+,11,27,Low
2024-01-31,South,B-,25,35,Low
2024-01-31,South,AB+,29,29,Low
2024-01-31,South,AB-,20,20,Low
2024-01-31,South,O+,30,24,Medium
2024-01-31,South,O-,23,31,Low
2024-01-31,East,A+,13,11,Medium
2024-01-31,East,A-,31,41,Low
2024-01-31,East,B+,37,22,High
2024-01-31,East,B-,40,23,High
2024-01-31,East,AB+,40,43,Low
2024-01-31,East,AB-,18,15,Medium
2024-01-31,East,O+,18,42,Low
2024-01-31,East,O-,23,25,Low
2024-01-31,West,A+,13,44,Low
2024-01-31,West,A-,16,35,Low
2024-01-31,West,B+,39,43,Low
2024-01-31,West,B-,25,10,High
2024-01-31,West,AB+,27,38,Low
2024-01-31,West,AB-,35,40,Low
2024-01-31,West,O+,31,37,Low
2024-01-31,West,O-,23,30,Low
2024-01-31,Central,A+,5,36,Low
2024-01-31,Central,A-,11,4,High
2024-01-31,Central,B+,29,12,High
2024-01-31,Central,B-,8,45,Low
2024-01-31,Central,AB+,8,15,Low
2024-01-31,Central,AB-,22,13,High
2024-01-31,Central,O+,23,19,Medium
2024-01-31,Central,O-,14,6,High
2024-02-01,North,A+,23,16,High
2024-02-01,North,A-,39,5,High
2024-02-01,North,B+,27,31,Low
2024-02-01,North,B-,11,42,Low
2024-02-01,North,AB+,40,17,High
2024-02-01,North,AB-,40,27,High
2024-02-01,North,O+,20,35,Low
2024-02-01,North,O-,23,45,Low
2024-02-01,South,A+,8,27,Low
2024-02-01,South,A-,29,29,Low
2024-02-01,South,B+,25,38,Low
2024-02-01,South,B-,8,3,High
2024-02-01,South,AB+,21,15,Medium
2024-02-01,South,AB-,33,17,High
2024-02-01,South,O+,28,40,Low
2024-02-01,South,O-,39,41,Low
2024-02-01,East,A+,17,15,Medium
2024-02-01,East,A-,23,31,Low
2024-02-01,East,B+,16,7,High
2024-02-01,East,B-,16,14,Medium
2024-02-01,East,AB+,37,10,High
2024-02-01,East,AB-,29,5,High
2024-02-01,East,O+,32,20,High
2024-02-01,East,O-,40,19,High
2024-02-01,West,A+,13,13,Low
2024-02-01,West,A-,21,3,High
2024-02-01,West,B+,26,32,Low
2024-02-01,West,B-,14,5,High
2024-02-01,West,AB+,14,23,Low
2024-02-01,West,AB-,8,43,Low
2024-02-01,West,O+,24,34,Low
2024-02-01,West,O-,40,25,High
2024-02-01,Central,A+,9,23,Low
2024-02-01,Central,A-,38,17,High
2024-02-01,Central,B+,16,36,Low
2024-02-01,Central,B-,9,35,Low
2024-02-01,Central,AB+,15,29,Low
2024-02-01,Central,AB-,39,37,Medium
2024-02-01,Central,O+,30,8,High
2024-02-01,Central,O-,27,17,High
2024-02-02,North,A+,18,45,Low
2024-02-02,North,A-,26,24,Medium
2024-02-02,North,B+,28,21,Medium
2024-02-02,North,B-,18,42,Low
2024-02-02,North,AB+,38,33,Medium
2024-02-02,North,AB-,40,44,Low
2024-02-02,North,O+,5,10,Low
2024-02-02,North,O-,27,31,Low
2024-02-02,South,A+,20,44,Low
2024-02-02,South,A-,20,5,High
2024-02-02,South,B+,25,27,Low
2024-02-02,South,B-,12,27,Low
2024-02-02,South,AB+,21,37,Low
2024-02-02,South,AB-,23,4,High
2024-02-02,South,O+,38,26,High
2024-02-02,South,O-,37,35,Medium
2024-02-02,East,A+,33,34,Low
2024-02-02,East,A-,7,21,Low
2024-02-02,East,B+,17,23,Low
2024-02-02,East,B-,37,8,High
2024-02-02,East,AB+,11,13,Low
2024-02-02,East,AB-,39,37,Medium
2024-02-02,East,O+,5,43,Low
2024-02-02,East,O-,9,16,Low
2024-02-02,West,A+,18,30,Low
2024-02-02,West,A-,11,16,Low
2024-02-02,West,B+,39,30,Medium
2024-02-02,West,B-,9,12,Low
2024-02-02,West,AB+,6,32,Low
2024-02-02,West,AB-,26,5,High
2024-02-02,West,O+,10,7,Medium
2024-02-02,West,O-,8,14,Low
2024-02-02,Central,A+,21,38,Low
2024-02-02,Central,A-,9,39,Low
2024-02-02,Central,B+,19,19,Low
2024-02-02,Central,B-,31,27,Medium
2024-02-02,Central,AB+,33,43,Low
2024-02-02,Central,AB-,30,30,Low
2024-02-02,Central,O+,25,4,High
2024-02-02,Central,O-,29,10,High
2024-02-03,North,A+,39,3,High
2024-02-03,North,A-,9,40,Low
2024-02-03,North,B+,7,7,Low
2024-02-03,North,B-,27,35,Low
2024-02-03,North,AB+,11,21,Low
2024-02-03,North,AB-,24,41,Low
2024-02-03,North,O+,10,21,Low
2024-02-03,North,O-,33,27,Medium
2024-02-03,South,A+,30,45,Low
2024-02-03,South,A-,6,33,Low
2024-02-03,South,B+,15,37,Low
2024-02-03,South,B-,19,11,High
2024-02-03,South,AB+,30,37,Low
2024-02-03,South,AB-,23,43,Low
2024-02-03,South,O+,14,22,Low
2024-02-03,South,O-,28,3,High
2024-02-03,East,A+,40,38,Medium
2024-02-03,East,A-,14,10,Medium
2024-02-03,East,B+,7,3,High
2024-02-03,East,B-,30,37,Low
2024-02-03,East,AB+,40,8,High
2024-02-03,East,AB-,24,16,High
2024-02-03,East,O+,27,16,High
2024-02-03,East,O-,31,44,Low
2024-02-03,West,A+,37,12,High
2024-02-03,West,A-,15,14,Medium
2024-02-03,West,B+,19,42,Low
2024-02-03,West,B-,21,15,Medium
2024-02-03,West,AB+,12,14,Low
2024-02-03,West,AB-,8,38,Low
2024-02-03,West,O+,34,44,Low
2024-02-03,West,O-,40,7,High
2024-02-03,Central,A+,23,45,Low
2024-02-03,Central,A-,9,19,Low
2024-02-03,Central,B+,11,15,Low
2024-02-03,Central,B-,36,24,High
2024-02-03,Central,AB+,27,11,High
2024-02-03,Central,AB-,20,9,High
2024-02-03,Central,O+,23,42,Low
2024-02-03,Central,O-,9,15,Low
2024-02-04,North,A+,25,34,Low
2024-02-04,North,A-,33,24,Medium
2024-02-04,North,B+,24,40,Low
2024-02-04,North,B-,14,39,Low
2024-02-04,North,AB+,28,23,Medium
2024-02-04,North,AB-,32,13,High
2024-02-04,North,O+,5,23,Low
2024-02-04,North,O-,20,17,Medium
2024-02-04,South,A+,32,20,High
2024-02-04,South,A-,28,11,High
2024-02-04,South,B+,26,33,Low
2024-02-04,South,B-,34,31,Medium
2024-02-04,South,AB+,27,22,Medium
2024-02-04,South,AB-,36,38,Low
2024-02-04,South,O+,11,14,Low
2024-02-04,South,O-,10,20,Low
2024-02-04,East,A+,13,37,Low
2024-02-04,East,A-,17,19,Low
2024-02-04,East,B+,9,7,Medium
2024-02-04,East,B-,6,35,Low
2024-02-04,East,AB+,6,40,Low
2024-02-04,East,AB-,30,40,Low
2024-02-04,East,O+,18,5,High
2024-02-04,East,O-,40,19,High
2024-02-04,West,A+,39,37,Medium
2024-02-04,West,A-,35,44,Low
2024-02-04,West,B+,14,26,Low
2024-02-04,West,B-,30,17,High
2024-02-04,West,AB+,23,11,High
2024-02-04,West,AB-,34,35,Low
2024-02-04,West,O+,37,8,High
2024-02-04,West,O-,30,26,Medium
2024-02-04,Central,A+,37,3,High
2024-02-04,Central,A-,20,42,Low
2024-02-04,Central,B+,15,35,Low
2024-02-04,Central,B-,13,31,Low
2024-02-04,Central,AB+,15,14,Medium
2024-02-04,Central,AB-,14,33,Low
2024-02-04,Central,O+,27,5,High
2024-02-04,Central,O-,19,34,Low
2024-02-05,North,A+,19,7,High
2024-02-05,North,A-,21,26,Low
2024-02-05,North,B+,19,5,High
2024-02-05,North,B-,18,36,Low
2024-02-05,North,AB+,28,27,Medium
2024-02-05,North,AB-,35,32,Medium
2024-02-05,North,O+,7,5,Medium
2024-02-05,North,O-,25,9,High
2024-02-05,South,A+,38,43,Low
2024-02-05,South,A-,22,19,Medium
2024-02-05,South,B+,39,39,Low
2024-02-05,South,B-,16,27,Low
2024-02-05,South,AB+,29,26,Medium
2024-02-05,South,AB-,9,36,Low
2024-02-05,South,O+,21,27,Low
2024-02-05,South,O-,19,36,Low
2024-02-05,East,A+,30,25,Medium
2024-02-05,East,A-,27,34,Low
2024-02-05,East,B+,35,41,Low
2024-02-05,East,B-,5,35,Low
2024-02-05,East,AB+,13,31,Low
2024-02-05,East,AB-,15,17,Low
2024-02-05,East,O+,9,35,Low
2024-02-05,East,O-,22,16,Medium
2024-02-05,West,A+,14,14,Low
2024-02-05,West,A-,15,26,Low
2024-02-05,West,B+,12,45,Low
2024-02-05,West,B-,19,29,Low
2024-02-05,West,AB+,26,10,High
2024-02-05,West,AB-,35,33,Medium
2024-02-05,West,O+,35,16,High
2024-02-05,West,O-,15,44,Low
2024-02-05,Central,A+,31,4,High
2024-02-05,Central,A-,20,5,High
2024-02-05,Central,B+,13,39,Low
2024-02-05,Central,B-,15,11,Medium
2024-02-05,Central,AB+,37,5,High
2024-02-05,Central,AB-,14,6,High
2024-02-05,Central,O+,15,19,Low
2024-02-05,Central,O-,16,36,Low
2024-02-06,North,A+,30,41,Low
2024-02-06,North,A-,6,45,Low
2024-02-06,North,B+,23,8,High
2024-02-06,North,B-,18,31,Low
2024-02-06,North,AB+,35,33,Medium
2024-02-06,North,AB-,15,17,Low
2024-02-06,North,O+,31,41,Low
2024-02-06,North,O-,14,40,Low
2024-02-06,South,A+,16,42,Low
2024-02-06,South,A-,37,19,High
2024-02-06,South,B+,15,24,Low
2024-02-06,South,B-,34,41,Low
2024-02-06,South,AB+,9,17,Low
2024-02-06,South,AB-,29,27,Medium
2024-02-06,South,O+,13,9,High
2024-02-06,South,O-,6,15,Low
2024-02-06,East,A+,38,35,Medium
2024-02-06,East,A-,31,12,High
2024-02-06,East,B+,11,14,Low
2024-02-06,East,B-,35,42,Low
2024-02-06,East,AB+,7,37,Low
2024-02-06,East,AB-,37,10,High
2024-02-06,East,O+,10,33,Low
2024-02-06,East,O-,13,41,Low
2024-02-06,West,A+,39,3,High
2024-02-06,West,A-,32,36,Low
2024-02-06,West,B+,31,26,Medium
2024-02-06,West,B-,7,36,Low
2024-02-06,West,AB+,32,17,High
2024-02-06,West,AB-,35,27,Medium
2024-02-06,West,O+,27,40,Low
2024-02-06,West,O-,11,30,Low
2024-02-06,Central,A+,13,19,Low
2024-02-06,Central,A-,35,17,High
2024-02-06,Central,B+,10,21,Low
2024-02-06,Central,B-,39,29,Medium
2024-02-06,Central,AB+,21,15,Medium
2024-02-06,Central,AB-,5,3,High
2024-02-06,Central,O+,38,10,High
2024-02-06,Central,O-,38,3,High
2024-02-07,North,A+,29,44,Low
2024-02-07,North,A-,18,23,Low
2024-02-07,North,B+,31,26,Medium
2024-02-07,North,B-,11,12,Low
2024-02-07,North,AB+,32,44,Low
2024-02-07,North,AB-,21,19,Medium
2024-02-07,North,O+,39,30,Medium
2024-02-07,North,O-,28,42,Low
2024-02-07,South,A+,22,28,Low
2024-02-07,South,A-,18,29,Low
2024-02-07,South,B+,40,38,Medium
2024-02-07,South,B-,35,14,High
2024-02-07,South,AB+,28,38,Low
2024-02-07,South,AB-,40,33,Medium
2024-02-07,South,O+,21,22,Low
2024-02-07,South,O-,27,28,Low
2024-02-07,East,A+,13,45,Low
2024-02-07,East,A-,12,17,Low
2024-02-07,East,B+,33,13,High
2024-02-07,East,B-,11,16,Low
2024-02-07,East,AB+,37,28,Medium
2024-02-07,East,AB-,26,38,Low
2024-02-07,East,O+,8,13,Low
2024-02-07,East,O-,29,43,Low
2024-02-07,West,A+,5,8,Low
2024-02-07,West,A-,14,33,Low
2024-02-07,West,B+,32,8,High
2024-02-07,West,B-,9,19,Low
2024-02-07,West,AB+,19,26,Low
2024-02-07,West,AB-,10,41,Low
2024-02-07,West,O+,7,27,Low
2024-02-07,West,O-,30,42,Low
2024-02-07,Central,A+,38,21,High
2024-02-07,Central,A-,8,14,Low
2024-02-07,Central,B+,36,31,Medium
2024-02-07,Central,B-,5,15,Low
2024-02-07,Central,AB+,38,21,High
2024-02-07,Central,AB-,17,5,High
2024-02-07,Central,O+,37,36,Medium
2024-02-07,Central,O-,19,42,Low
2024-02-08,North,A+,15,5,High
2024-02-08,North,A-,28,18,High
2024-02-08,North,B+,5,13,Low
2024-02-08,North,B-,10,20,Low
2024-02-08,North,AB+,30,25,Medium
2024-02-08,North,AB-,30,28,Medium
2024-02-08,North,O+,17,36,Low
2024-02-08,North,O-,5,7,Low
2024-02-08,South,A+,10,38,Low
2024-02-08,South,A-,23,38,Low
2024-02-08,South,B+,27,25,Medium
2024-02-08,South,B-,22,17,Medium
2024-02-08,South,AB+,17,32,Low
2024-02-08,South,AB-,30,39,Low
2024-02-08,South,O+,5,19,Low
2024-02-08,South,O-,16,29,Low
2024-02-08,East,A+,37,9,High
2024-02-08,East,A-,40,7,High
2024-02-08,East,B+,37,21,High
2024-02-08,East,B-,26,10,High
2024-02-08,East,AB+,37,19,High
2024-02-08,East,AB-,39,39,Low
2024-02-08,East,O+,21,31,Low
2024-02-08,East,O-,29,39,Low
2024-02-08,West,A+,35,18,High
2024-02-08,West,A-,26,32,Low
2024-02-08,West,B+,34,40,Low
2024-02-08,West,B-,6,33,Low
2024-02-08,West,AB+,12,19,Low
2024-02-08,West,AB-,9,27,Low
2024-02-08,West,O+,19,17,Medium
2024-02-08,West,O-,25,29,Low
2024-02-08,Central,A+,27,36,Low
2024-02-08,Central,A-,39,3,High
2024-02-08,Central,B+,21,18,Medium
2024-02-08,Central,B-,23,8,High
2024-02-08,Central,AB+,30,24,Medium
2024-02-08,Central,AB-,9,38,Low
2024-02-08,Central,O+,16,33,Low
2024-02-08,Central,O-,25,25,Low
2024-02-09,North,A+,18,39,Low
2024-02-09,North,A-,22,14,High
2024-02-09,North,B+,17,34,Low
2024-02-09,North,B-,17,18,Low
2024-02-09,North,AB+,20,19,Medium
2024-02-09,North,AB-,18,17,Medium
2024-02-09,North,O+,17,18,Low
2024-02-09,North,O-,27,12,High
2024-02-09,South,A+,11,10,Medium
2024-02-09,South,A-,10,45,Low
2024-02-09,South,B+,36,42,Low
2024-02-09,South,B-,5,37,Low
2024-02-09,South,AB+,7,33,Low
2024-02-09,South,AB-,28,42,Low
2024-02-09,South,O+,25,34,Low
2024-02-09,South,O-,22,34,Low
2024-02-09,East,A+,16,35,Low
2024-02-09,East,A-,22,28,Low
2024-02-09,East,B+,19,39,Low
2024-02-09,East,B-,13,6,High
2024-02-09,East,AB+,38,30,Medium
2024-02-09,East,AB-,35,37,Low
2024-02-09,East,O+,7,35,Low
2024-02-09,East,O-,27,28,Low
2024-02-09,West,A+,16,32,Low
2024-02-09,West,A-,12,36,Low
2024-02-09,West,B+,34,23,High
2024-02-09,West,B-,5,3,High
2024-02-09,West,AB+,18,27,Low
2024-02-09,West,AB-,11,23,Low
2024-02-09,West,O+,28,42,Low
2024-02-09,West,O-,21,14,High
2024-02-09,Central,A+,40,19,High
2024-02-09,Central,A-,20,20,Low
2024-02-09,Central,B+,35,42,Low
2024-02-09,Central,B-,26,26,Low
2024-02-09,Central,AB+,16,34,Low
2024-02-09,Central,AB-,32,16,High
2024-02-09,Central,O+,31,26,Medium
2024-02-09,Central,O-,28,28,Low
2024-02-10,North,A+,22,31,Low
2024-02-10,North,A-,16,39,Low
2024-02-10,North,B+,13,39,Low
2024-02-10,North,B-,19,9,High
2024-02-10,North,AB+,22,18,Medium
2024-02-10,North,AB-,40,30,Medium
2024-02-10,North,O+,29,15,High
2024-02-10,North,O-,14,12,Medium
2024-02-10,South,A+,35,3,High
2024-02-10,South,A-,16,29,Low
2024-02-10,South,B+,36,11,High
2024-02-10,South,B-,38,37,Medium
2024-02-10,South,AB+,25,34,Low
2024-02-10,South,AB-,24,19,Medium
2024-02-10,South,O+,40,39,Medium
2024-02-10,South,O-,8,28,Low
2024-02-10,East,A+,11,13,Low
2024-02-10,East,A-,8,16,Low
2024-02-10,East,B+,21,33,Low
2024-02-10,East,B-,11,31,Low
2024-02-10,East,AB+,26,19,Medium
2024-02-10,East,AB-,28,26,Medium
2024-02-10,East,O+,40,38,Medium
2024-02-10,East,O-,21,25,Low
2024-02-10,West,A+,6,29,Low
2024-02-10,West,A-,12,25,Low
2024-02-10,West,B+,17,39,Low
2024-02-10,West,B-,39,14,High
2024-02-10,West,AB+,23,25,Low
2024-02-10,West,AB-,25,35,Low
2024-02-10,West,O+,36,31,Medium
2024-02-10,West,O-,10,27,Low
2024-02-10,Central,A+,23,32,Low
2024-02-10,Central,A-,14,13,Medium
2024-02-10,Central,B+,26,29,Low
2024-02-10,Central,B-,30,7,High
2024-02-10,Central,AB+,10,13,Low
2024-02-10,Central,AB-,26,17,High
2024-02-10,Central,O+,25,23,Medium
2024-02-10,Central,O-,23,20,Medium
2024-02-11,North,A+,30,20,High
2024-02-11,North,A-,33,26,Medium
2024-02-11,North,B+,38,31,Medium
2024-02-11,North,B-,31,13,High
2024-02-11,North,AB+,16,4,High
2024-02-11,North,AB-,13,18,Low
2024-02-11,North,O+,21,8,High
2024-02-11,North,O-,18,13,Medium
2024-02-11,South,A+,30,9,High
2024-02-11,South,A-,11,7,High
2024-02-11,South,B+,35,38,Low
2024-02-11,South,B-,8,4,High
2024-02-11,South,AB+,30,36,Low
2024-02-11,South,AB-,10,9,Medium
2024-02-11,South,O+,21,42,Low
2024-02-11,South,O-,14,8,High
2024-02-11,East,A+,29,22,Medium
2024-02-11,East,A-,19,18,Medium
2024-02-11,East,B+,23,31,Low
2024-02-11,East,B-,13,11,Medium
2024-02-11,East,AB+,38,13,High
2024-02-11,East,AB-,6,5,Medium
2024-02-11,East,O+,27,23,Medium
2024-02-11,East,O-,35,32,Medium
2024-02-11,West,A+,39,20,High
2024-02-11,West,A-,40,31,Medium
2024-02-11,West,B+,13,37,Low
2024-02-11,West,B-,16,40,Low
2024-02-11,West,AB+,34,43,Low
2024-02-11,West,AB-,32,36,Low
2024-02-11,West,O+,39,22,High
2024-02-11,West,O-,27,33,Low
2024-02-11,Central,A+,39,17,High
2024-02-11,Central,A-,10,31,Low
2024-02-11,Central,B+,24,26,Low
2024-02-11,Central,B-,31,19,High
2024-02-11,Central,AB+,14,22,Low
2024-02-11,Central,AB-,5,3,High
2024-02-11,Central,O+,38,11,High
2024-02-11,Central,O-,27,21,Medium
2024-02-12,North,A+,35,37,Low
2024-02-12,North,A-,5,34,Low
2024-02-12,North,B+,35,22,High
2024-02-12,North,B-,5,30,Low
2024-02-12,North,AB+,23,41,Low
2024-02-12,North,AB-,19,3,High
2024-02-12,North,O+,40,26,High
2024-02-12,North,O-,17,29,Low
2024-02-12,South,A+,40,30,Medium
2024-02-12,South,A-,30,18,High
2024-02-12,South,B+,15,44,Low
2024-02-12,South,B-,29,27,Medium
2024-02-12,South,AB+,19,19,Low
2024-02-12,South,AB-,10,30,Low
2024-02-12,South,O+,20,36,Low
2024-02-12,South,O-,22,21,Medium
2024-02-12,East,A+,39,20,High
2024-02-12,East,A-,31,15,High
2024-02-12,East,B+,9,14,Low
2024-02-12,East,B-,13,21,Low
2024-02-12,East,AB+,12,43,Low
2024-02-12,East,AB-,34,42,Low
2024-02-12,East,O+,33,20,High
2024-02-12,East,O-,36,15,High
2024-02-12,West,A+,25,4,High
2024-02-12,West,A-,14,6,High
2024-02-12,West,B+,39,4,High
2024-02-12,West,B-,16,9,High
2024-02-12,West,AB+,23,20,Medium
2024-02-12,West,AB-,13,31,Low
2024-02-12,West,O+,5,17,Low
2024-02-12,West,O-,10,12,Low
2024-02-12,Central,A+,5,34,Low
2024-02-12,Central,A-,18,24,Low
2024-02-12,Central,B+,31,22,Medium
2024-02-12,Central,B-,36,26,Medium
2024-02-12,Central,AB+,34,5,High
2024-02-12,Central,AB-,26,8,High
2024-02-12,Central,O+,14,6,High
2024-02-12,Central,O-,22,28,Low
2024-02-13,North,A+,9,37,Low
2024-02-13,North,A-,35,14,High
2024-02-13,North,B+,17,19,Low
2024-02-13,North,B-,29,3,High
2024-02-13,North,AB+,12,18,Low
2024-02-13,North,AB-,29,31,Low
2024-02-13,North,O+,20,5,High
2024-02-13,North,O-,17,32,Low
2024-02-13,South,A+,11,36,Low
2024-02-13,South,A-,18,33,Low
2024-02-13,South,B+,29,22,Medium
2024-02-13,South,B-,25,13,High
2024-02-13,South,AB+,7,38,Low
2024-02-13,South,AB-,38,10,High
2024-02-13,South,O+,21,33,Low
2024-02-13,South,O-,24,15,High
2024-02-13,East,A+,28,6,High
2024-02-13,East,A-,18,10,High
2024-02-13,East,B+,20,43,Low
2024-02-13,East,B-,32,23,Medium
2024-02-13,East,AB+,5,13,Low
2024-02-13,East,AB-,22,40,Low
2024-02-13,East,O+,12,28,Low
2024-02-13,East,O-,20,3,High
2024-02-13,West,A+,7,40,Low
2024-02-13,West,A-,35,41,Low
2024-02-13,West,B+,14,26,Low
2024-02-13,West,B-,10,18,Low
2024-02-13,West,AB+,15,34,Low
2024-02-13,West,AB-,10,42,Low
2024-02-13,West,O+,26,43,Low
2024-02-13,West,O-,8,6,Medium
2024-02-13,Central,A+,27,44,Low
2024-02-13,Central,A-,14,37,Low
2024-02-13,Central,B+,11,11,Low
2024-02-13,Central,B-,36,17,High
2024-02-13,Central,AB+,25,38,Low
2024-02-13,Central,AB-,27,31,Low
2024-02-13,Central,O+,17,4,High
2024-02-13,Central,O-,29,25,Medium
2024-02-14,North,A+,13,19,Low
2024-02-14,North,A-,7,34,Low
2024-02-14,North,B+,33,38,Low
2024-02-14,North,B-,23,37,Low
2024-02-14,North,AB+,36,15,High
2024-02-14,North,AB-,16,37,Low
2024-02-14,North,O+,27,23,Medium
2024-02-14,North,O-,34,20,High
2024-02-14,South,A+,40,13,High
2024-02-14,South,A-,9,36,Low
2024-02-14,South,B+,14,31,Low
2024-02-14,South,B-,23,19,Medium
2024-02-14,South,AB+,39,26,High
2024-02-14,South,AB-,34,3,High
2024-02-14,South,O+,37,27,Medium
2024-02-14,South,O-,16,4,High
2024-02-14,East,A+,28,42,Low
2024-02-14,East,A-,20,23,Low
2024-02-14,East,B+,9,45,Low
2024-02-14,East,B-,39,27,High
2024-02-14,East,AB+,17,36,Low
2024-02-14,East,AB-,36,38,Low
2024-02-14,East,O+,14,42,Low
2024-02-14,East,O-,23,23,Low
2024-02-14,West,A+,31,44,Low
2024-02-14,West,A-,25,10,High
2024-02-14,West,B+,11,36,Low
2024-02-14,West,B-,9,5,High
2024-02-14,West,AB+,13,14,Low
2024-02-14,West,AB-,7,15,Low
2024-02-14,West,O+,11,34,Low
2024-02-14,West,O-,17,9,High
2024-02-14,Central,A+,7,39,Low
2024-02-14,Central,A-,29,45,Low
2024-02-14,Central,B+,36,36,Low
2024-02-14,Central,B-,21,6,High
2024-02-14,Central,AB+,28,17,High
2024-02-14,Central,AB-,9,3,High
2024-02-14,Central,O+,18,44,Low
2024-02-14,Central,O-,36,8,High
2024-02-15,North,A+,34,43,Low
2024-02-15,North,A-,8,26,Low
2024-02-15,North,B+,40,29,Medium
2024-02-15,North,B-,28,6,High
2024-02-15,North,AB+,22,36,Low
2024-02-15,North,AB-,7,7,Low
2024-02-15,North,O+,24,7,High
2024-02-15,North,O-,18,36,Low
2024-02-15,South,A+,11,9,Medium
2024-02-15,South,A-,19,37,Low
2024-02-15,South,B+,29,15,High
2024-02-15,South,B-,17,36,Low
2024-02-15,South,AB+,20,39,Low
2024-02-15,South,AB-,16,38,Low
2024-02-15,South,O+,40,29,Medium
2024-02-15,South,O-,11,43,Low
2024-02-15,East,A+,27,32,Low
2024-02-15,East,A-,32,9,High
2024-02-15,East,B+,15,14,Medium
2024-02-15,East,B-,40,28,Medium
2024-02-15,East,AB+,37,24,High
2024-02-15,East,AB-,15,37,Low
2024-02-15,East,O+,33,25,Medium
2024-02-15,East,O-,25,38,Low
2024-02-15,West,A+,25,26,Low
2024-02-15,West,A-,31,43,Low
2024-02-15,West,B+,32,23,Medium
2024-02-15,West,B-,20,39,Low
2024-02-15,West,AB+,39,16,High
2024-02-15,West,AB-,29,38,Low
2024-02-15,West,O+,21,26,Low
2024-02-15,West,O-,33,31,Medium
2024-02-15,Central,A+,30,3,High
2024-02-15,Central,A-,7,21,Low
2024-02-15,Central,B+,6,36,Low
2024-02-15,Central,B-,13,22,Low
2024-02-15,Central,AB+,5,22,Low
2024-02-15,Central,AB-,19,16,Medium
2024-02-15,Central,O+,25,4,High
2024-02-15,Central,O-,22,38,Low
2024-02-16,North,A+,37,38,Low
2024-02-16,North,A-,14,9,High
2024-02-16,North,B+,7,32,Low
2024-02-16,North,B-,27,12,High
2024-02-16,North,AB+,13,19,Low
2024-02-16,North,AB-,28,40,Low
2024-02-16,North,O+,20,17,Medium
2024-02-16,North,O-,21,22,Low
2024-02-16,South,A+,10,39,Low
2024-02-16,South,A-,30,39,Low
2024-02-16,South,B+,18,7,High
2024-02-16,South,B-,25,33,Low
2024-02-16,South,AB+,16,34,Low
2024-02-16,South,AB-,11,41,Low
2024-02-16,South,O+,24,5,High
2024-02-16,South,O-,29,8,High
2024-02-16,East,A+,8,24,Low
2024-02-16,East,A-,27,30,Low
2024-02-16,East,B+,31,10,High
2024-02-16,East,B-,19,44,Low
2024-02-16,East,AB+,5,43,Low
2024-02-16,East,AB-,29,6,High
2024-02-16,East,O+,24,36,Low
2024-02-16,East,O-,7,23,Low
2024-02-16,West,A+,39,39,Low
2024-02-16,West,A-,14,23,Low
2024-02-16,West,B+,37,17,High
2024-02-16,West,B-,14,6,High
2024-02-16,West,AB+,30,31,Low
2024-02-16,West,AB-,37,8,High
2024-02-16,West,O+,19,30,Low
2024-02-16,West,O-,23,28,Low
2024-02-16,Central,A+,14,11,Medium
2024-02-16,Central,A-,26,8,High
2024-02-16,Central,B+,35,39,Low
2024-02-16,Central,B-,8,38,Low
2024-02-16,Central,AB+,30,19,High
2024-02-16,Central,AB-,10,28,Low
2024-02-16,Central,O+,37,30,Medium
2024-02-16,Central,O-,13,11,Medium
2024-02-17,North,A+,35,38,Low
2024-02-17,North,A-,17,34,Low
2024-02-17,North,B+,30,44,Low
2024-02-17,North,B-,17,38,Low
2024-02-17,North,AB+,38,18,High
2024-02-17,North,AB-,20,7,High
2024-02-17,North,O+,22,30,Low
2024-02-17,North,O-,25,39,Low
2024-02-17,South,A+,10,10,Low
2024-02-17,South,A-,31,30,Medium
2024-02-17,South,B+,28,25,Medium
2024-02-17,South,B-,17,23,Low
2024-02-17,South,AB+,27,41,Low
2024-02-17,South,AB-,6,22,Low
2024-02-17,South,O+,15,25,Low
2024-02-17,South,O-,33,42,Low
2024-02-17,East,A+,14,31,Low
2024-02-17,East,A-,7,17,Low
2024-02-17,East,B+,17,26,Low
2024-02-17,East,B-,14,8,High
2024-02-17,East,AB+,12,6,High
2024-02-17,East,AB-,20,42,Low
2024-02-17,East,O+,14,21,Low
2024-02-17,East,O-,5,24,Low
2024-02-17,West,A+,12,22,Low
2024-02-17,West,A-,33,33,Low
2024-02-17,West,B+,6,24,Low
2024-02-17,West,B-,18,37,Low
2024-02-17,West,AB+,18,16,Medium
2024-02-17,West,AB-,39,36,Medium
2024-02-17,West,O+,21,38,Low
2024-02-17,West,O-,35,42,Low
2024-02-17,Central,A+,14,45,Low
2024-02-17,Central,A-,6,27,Low
2024-02-17,Central,B+,38,5,High
2024-02-17,Central,B-,21,13,High
2024-02-17,Central,AB+,8,21,Low
2024-02-17,Central,AB-,17,42,Low
2024-02-17,Central,O+,22,6,High
2024-02-17,Central,O-,34,44,Low
2024-02-18,North,A+,5,7,Low
2024-02-18,North,A-,29,45,Low
2024-02-18,North,B+,22,45,Low
2024-02-18,North,B-,28,9,High
2024-02-18,North,AB+,6,21,Low
2024-02-18,North,AB-,29,17,High
2024-02-18,North,O+,29,35,Low
2024-02-18,North,O-,11,23,Low
2024-02-18,South,A+,36,41,Low
2024-02-18,South,A-,39,8,High
2024-02-18,South,B+,16,15,Medium
2024-02-18,South,B-,37,32,Medium
2024-02-18,South,AB+,40,4,High
2024-02-18,South,AB-,7,18,Low
2024-02-18,South,O+,38,22,High
2024-02-18,South,O-,26,34,Low
2024-02-18,East,A+,30,13,High
2024-02-18,East,A-,6,25,Low
2024-02-18,East,B+,27,25,Medium
2024-02-18,East,B-,24,18,Medium
2024-02-18,East,AB+,37,20,High
2024-02-18,East,AB-,8,43,Low
2024-02-18,East,O+,21,27,Low
2024-02-18,East,O-,6,38,Low
2024-02-18,West,A+,22,17,Medium
2024-02-18,West,A-,14,24,Low
2024-02-18,West,B+,30,45,Low
2024-02-18,West,B-,13,8,High
2024-02-18,West,AB+,29,36,Low
2024-02-18,West,AB-,19,29,Low
2024-02-18,West,O+,20,39,Low
2024-02-18,West,O-,14,30,Low
2024-02-18,Central,A+,24,41,Low
2024-02-18,Central,A-,26,31,Low
2024-02-18,Central,B+,39,11,High
2024-02-18,Central,B-,18,44,Low
2024-02-18,Central,AB+,13,40,Low
2024-02-18,Central,AB-,39,15,High
2024-02-18,Central,O+,13,22,Low
2024-02-18,Central,O-,38,11,High
2024-02-19,North,A+,32,12,High
2024-02-19,North,A-,15,23,Low
2024-02-19,North,B+,9,38,Low
2024-02-19,North,B-,39,10,High
2024-02-19,North,AB+,16,23,Low
2024-02-19,North,AB-,14,4,High
2024-02-19,North,O+,25,29,Low
2024-02-19,North,O-,31,22,Medium
2024-02-19,South,A+,33,43,Low
2024-02-19,South,A-,22,12,High
2024-02-19,South,B+,17,9,High
2024-02-19,South,B-,13,14,Low
2024-02-19,South,AB+,6,42,Low
2024-02-19,South,AB-,22,41,Low
2024-02-19,South,O+,19,41,Low
2024-02-19,South,O-,19,17,Medium
2024-02-19,East,A+,6,25,Low
2024-02-19,East,A-,10,33,Low
2024-02-19,East,B+,13,35,Low
2024-02-19,East,B-,35,44,Low
2024-02-19,East,AB+,28,14,High
2024-02-19,East,AB-,29,34,Low
2024-02-19,East,O+,35,11,High
2024-02-19,East,O-,15,15,Low
2024-02-19,West,A+,19,5,High
2024-02-19,West,A-,31,3,High
2024-02-19,West,B+,22,29,Low
2024-02-19,West,B-,19,45,Low
2024-02-19,West,AB+,17,16,Medium
2024-02-19,West,AB-,9,14,Low
2024-02-19,West,O+,33,42,Low
2024-02-19,West,O-,36,23,High
2024-02-19,Central,A+,34,18,High
2024-02-19,Central,A-,32,28,Medium
2024-02-19,Central,B+,7,41,Low
2024-02-19,Central,B-,29,23,Medium
2024-02-19,Central,AB+,30,42,Low
2024-02-19,Central,AB-,39,36,Medium
2024-02-19,Central,O+,7,36,Low
2024-02-19,Central,O-,11,31,Low
2024-02-20,North,A+,34,5,High
2024-02-20,North,A-,20,36,Low
2024-02-20,North,B+,39,28,Medium
2024-02-20,North,B-,7,38,Low
2024-02-20,North,AB+,29,36,Low
2024-02-20,North,AB-,8,15,Low
2024-02-20,North,O+,23,31,Low
2024-02-20,North,O-,30,22,Medium
2024-02-20,South,A+,23,32,Low
2024-02-20,South,A-,15,30,Low
2024-02-20,South,B+,23,42,Low
2024-02-20,South,B-,8,36,Low
2024-02-20,South,AB+,14,32,Low
2024-02-20,South,AB-,33,8,High
2024-02-20,South,O+,37,10,High
2024-02-20,South,O-,16,40,Low
2024-02-20,East,A+,39,11,High
2024-02-20,East,A-,30,29,Medium
2024-02-20,East,B+,25,31,Low
2024-02-20,East,B-,6,14,Low
2024-02-20,East,AB+,34,40,Low
2024-02-20,East,AB-,17,32,Low
2024-02-20,East,O+,10,19,Low
2024-02-20,East,O-,25,44,Low
2024-02-20,West,A+,15,10,High
2024-02-20,West,A-,10,10,Low
2024-02-20,West,B+,33,43,Low
2024-02-20,West,B-,28,8,High
2024-02-20,West,AB+,38,27,Medium
2024-02-20,West,AB-,37,42,Low
2024-02-20,West,O+,15,27,Low
2024-02-20,West,O-,40,27,High
2024-02-20,Central,A+,7,13,Low
2024-02-20,Central,A-,26,39,Low
2024-02-20,Central,B+,14,13,Medium
2024-02-20,Central,B-,14,14,Low
2024-02-20,Central,AB+,8,29,Low
2024-02-20,Central,AB-,24,22,Medium
2024-02-20,Central,O+,33,21,High
2024-02-20,Central,O-,16,10,High
2024-02-21,North,A+,13,15,Low
2024-02-21,North,A-,5,42,Low
2024-02-21,North,B+,21,3,High
2024-02-21,North,B-,34,34,Low
2024-02-21,North,AB+,36,37,Low
2024-02-21,North,AB-,5,41,Low
2024-02-21,North,O+,36,18,High
2024-02-21,North,O-,18,40,Low
2024-02-21,South,A+,35,32,Medium
2024-02-21,South,A-,31,31,Low
2024-02-21,South,B+,10,41,Low
2024-02-21,South,B-,5,18,Low
2024-02-21,South,AB+,40,20,High
2024-02-21,South,AB-,40,16,High
2024-02-21,South,O+,8,14,Low
2024-02-21,South,O-,14,6,High
2024-02-21,East,A+,27,5,High
2024-02-21,East,A-,14,5,High
2024-02-21,East,B+,24,24,Low
2024-02-21,East,B-,10,6,High
2024-02-21,East,AB+,11,29,Low
2024-02-21,East,AB-,16,13,Medium
2024-02-21,East,O+,23,42,Low
2024-02-21,East,O-,40,14,High
2024-02-21,West,A+,34,40,Low
2024-02-21,West,A-,28,5,High
2024-02-21,West,B+,10,22,Low
2024-02-21,West,B-,25,26,Low
2024-02-21,West,AB+,29,7,High
2024-02-21,West,AB-,32,38,Low
2024-02-21,West,O+,9,21,Low
2024-02-21,West,O-,35,11,High
2024-02-21,Central,A+,12,20,Low
2024-02-21,Central,A-,26,36,Low
2024-02-21,Central,B+,31,36,Low
2024-02-21,Central,B-,18,16,Medium
2024-02-21,Central,AB+,8,9,Low
2024-02-21,Central,AB-,38,8,High
2024-02-21,Central,O+,35,41,Low
2024-02-21,Central,O-,23,30,Low
2024-02-22,North,A+,25,19,Medium
2024-02-22,North,A-,38,39,Low
2024-02-22,North,B+,27,11,High
2024-02-22,North,B-,36,36,Low
2024-02-22,North,AB+,36,34,Medium
2024-02-22,North,AB-,16,42,Low
2024-02-22,North,O+,19,21,Low
2024-02-22,North,O-,17,3,High
2024-02-22,South,A+,12,4,High
2024-02-22,South,A-,34,43,Low
2024-02-22,South,B+,12,16,Low
2024-02-22,South,B-,31,29,Medium
2024-02-22,South,AB+,7,24,Low
2024-02-22,South,AB-,27,38,Low
2024-02-22,South,O+,18,3,High
2024-02-22,South,O-,17,21,Low
2024-02-22,East,A+,21,7,High
2024-02-22,East,A-,24,22,Medium
2024-02-22,East,B+,37,38,Low
2024-02-22,East,B-,25,3,High
2024-02-22,East,AB+,12,24,Low
2024-02-22,East,AB-,26,28,Low
2024-02-22,East,O+,6,14,Low
2024-02-22,East,O-,17,24,Low
2024-02-22,West,A+,26,33,Low
2024-02-22,West,A-,35,5,High
2024-02-22,West,B+,13,33,Low
2024-02-22,West,B-,14,43,Low
2024-02-22,West,AB+,34,37,Low
2024-02-22,West,AB-,26,32,Low
2024-02-22,West,O+,31,6,High
2024-02-22,West,O-,38,22,High
2024-02-22,Central,A+,25,38,Low
2024-02-22,Central,A-,39,4,High
2024-02-22,Central,B+,18,39,Low
2024-02-22,Central,B-,26,25,Medium
2024-02-22,Central,AB+,9,12,Low
2024-02-22,Central,AB-,22,4,High
2024-02-22,Central,O+,26,27,Low
2024-02-22,Central,O-,39,13,High
2024-02-23,North,A+,29,14,High
2024-02-23,North,A-,12,22,Low
2024-02-23,North,B+,25,5,High
2024-02-23,North,B-,22,29,Low
2024-02-23,North,AB+,10,34,Low
2024-02-23,North,AB-,20,26,Low
2024-02-23,North,O+,33,22,High
2024-02-23,North,O-,18,36,Low
2024-02-23,South,A+,24,14,High
2024-02-23,South,A-,12,26,Low
2024-02-23,South,B+,7,15,Low
2024-02-23,South,B-,10,31,Low
2024-02-23,South,AB+,37,4,High
2024-02-23,South,AB-,35,35,Low
2024-02-23,South,O+,14,15,Low
2024-02-23,South,O-,26,33,Low
2024-02-23,East,A+,38,22,High
2024-02-23,East,A-,25,12,High
2024-02-23,East,B+,11,36,Low
2024-02-23,East,B-,13,16,Low
2024-02-23,East,AB+,7,32,Low
2024-02-23,East,AB-,29,36,Low
2024-02-23,East,O+,12,3,High
2024-02-23,East,O-,24,5,High
2024-02-23,West,A+,10,24,Low
2024-02-23,West,A-,34,5,High
2024-02-23,West,B+,11,36,Low
2024-02-23,West,B-,24,4,High
2024-02-23,West,AB+,24,43,Low
2024-02-23,West,AB-,18,23,Low
2024-02-23,West,O+,17,15,Medium
2024-02-23,West,O-,23,20,Medium
2024-02-23,Central,A+,39,23,High
2024-02-23,Central,A-,33,45,Low
2024-02-23,Central,B+,12,20,Low
2024-02-23,Central,B-,14,13,Medium
2024-02-23,Central,AB+,22,10,High
2024-02-23,Central,AB-,5,42,Low
2024-02-23,Central,O+,40,35,Medium
2024-02-23,Central,O-,11,16,Low
2024-02-24,North,A+,39,25,High
2024-02-24,North,A-,40,23,High
2024-02-24,North,B+,22,12,High
2024-02-24,North,B-,23,39,Low
2024-02-24,North,AB+,20,13,High
2024-02-24,North,AB-,9,22,Low
2024-02-24,North,O+,26,37,Low
2024-02-24,North,O-,33,6,High
2024-02-24,South,A+,13,4,High
2024-02-24,South,A-,35,6,High
2024-02-24,South,B+,11,27,Low
2024-02-24,South,B-,8,8,Low
2024-02-24,South,AB+,32,28,Medium
2024-02-24,South,AB-,16,41,Low
2024-02-24,South,O+,33,42,Low
2024-02-24,South,O-,27,22,Medium
2024-02-24,East,A+,26,15,High
2024-02-24,East,A-,39,8,High
2024-02-24,East,B+,34,39,Low
2024-02-24,East,B-,13,8,High
2024-02-24,East,AB+,34,9,High
2024-02-24,East,AB-,34,22,High
2024-02-24,East,O+,34,33,Medium
2024-02-24,East,O-,19,17,Medium
2024-02-24,West,A+,14,42,Low
2024-02-24,West,A-,21,26,Low
2024-02-24,West,B+,30,14,High
2024-02-24,West,B-,26,23,Medium
2024-02-24,West,AB+,34,34,Low
2024-02-24,West,AB-,6,7,Low
2024-02-24,West,O+,35,10,High
2024-02-24,West,O-,27,33,Low
2024-02-24,Central,A+,34,13,High
2024-02-24,Central,A-,23,25,Low
2024-02-24,Central,B+,13,35,Low
2024-02-24,Central,B-,11,28,Low
2024-02-24,Central,AB+,11,23,Low
2024-02-24,Central,AB-,40,44,Low
2024-02-24,Central,O+,9,22,Low
2024-02-24,Central,O-,39,32,Medium
2024-02-25,North,A+,30,40,Low
2024-02-25,North,A-,31,18,High
2024-02-25,North,B+,20,38,Low
2024-02-25,North,B-,15,33,Low
2024-02-25,North,AB+,29,7,High
2024-02-25,North,AB-,26,16,High
2024-02-25,North,O+,32,30,Medium
2024-02-25,North,O-,26,37,Low
2024-02-25,South,A+,20,14,Medium
2024-02-25,South,A-,9,39,Low
2024-02-25,South,B+,36,10,High
2024-02-25,South,B-,34,23,High
2024-02-25,South,AB+,40,9,High
2024-02-25,South,AB-,33,14,High
2024-02-25,South,O+,24,28,Low
2024-02-25,South,O-,9,41,Low
2024-02-25,East,A+,11,41,Low
2024-02-25,East,A-,29,23,Medium
2024-02-25,East,B+,36,44,Low
2024-02-25,East,B-,8,8,Low
2024-02-25,East,AB+,18,11,High
2024-02-25,East,AB-,5,12,Low
2024-02-25,East,O+,14,31,Low
2024-02-25,East,O-,39,21,High
2024-02-25,West,A+,29,42,Low
2024-02-25,West,A-,33,15,High
2024-02-25,West,B+,18,23,Low
2024-02-25,West,B-,24,39,Low
2024-02-25,West,AB+,24,30,Low
2024-02-25,West,AB-,27,8,High
2024-02-25,West,O+,5,42,Low
2024-02-25,West,O-,37,28,Medium
2024-02-25,Central,A+,13,21,Low
2024-02-25,Central,A-,8,26,Low
2024-02-25,Central,B+,40,6,High
2024-02-25,Central,B-,5,38,Low
2024-02-25,Central,AB+,27,10,High
2024-02-25,Central,AB-,23,4,High
2024-02-25,Central,O+,20,30,Low
2024-02-25,Central,O-,30,43,Low
2024-02-26,North,A+,25,27,Low
2024-02-26,North,A-,30,27,Medium
2024-02-26,North,B+,32,37,Low
2024-02-26,North,B-,18,45,Low
2024-02-26,North,AB+,16,33,Low
2024-02-26,North,AB-,13,15,Low
2024-02-26,North,O+,40,27,High
2024-02-26,North,O-,28,29,Low
2024-02-26,South,A+,14,21,Low
2024-02-26,South,A-,13,11,Medium
2024-02-26,South,B+,5,7,Low
2024-02-26,South,B-,6,12,Low
2024-02-26,South,AB+,36,45,Low
2024-02-26,South,AB-,32,11,High
2024-02-26,South,O+,10,11,Low
2024-02-26,South,O-,31,32,Low
2024-02-26,East,A+,32,42,Low
2024-02-26,East,A-,16,32,Low
2024-02-26,East,B+,37,30,Medium
2024-02-26,East,B-,40,31,Medium
2024-02-26,East,AB+,29,25,Medium
2024-02-26,East,AB-,19,14,Medium
2024-02-26,East,O+,32,41,Low
2024-02-26,East,O-,5,39,Low
2024-02-26,West,A+,36,18,High
2024-02-26,West,A-,37,20,High
2024-02-26,West,B+,31,37,Low
2024-02-26,West,B-,28,5,High
2024-02-26,West,AB+,7,39,Low
2024-02-26,West,AB-,35,26,Medium
2024-02-26,West,O+,12,40,Low
2024-02-26,West,O-,35,8,High
2024-02-26,Central,A+,14,36,Low
2024-02-26,Central,A-,22,32,Low
2024-02-26,Central,B+,38,8,High
2024-02-26,Central,B-,38,42,Low
2024-02-26,Central,AB+,10,18,Low
2024-02-26,Central,AB-,35,43,Low
2024-02-26,Central,O+,9,43,Low
2024-02-26,Central,O-,39,40,Low
2024-02-27,North,A+,24,42,Low
2024-02-27,North,A-,8,24,Low
2024-02-27,North,B+,39,3,High
2024-02-27,North,B-,35,32,Medium
2024-02-27,North,AB+,37,33,Medium
2024-02-27,North,AB-,26,29,Low
2024-02-27,North,O+,27,21,Medium
2024-02-27,North,O-,23,13,High
2024-02-27,South,A+,7,41,Low
2024-02-27,South,A-,24,39,Low
2024-02-27,South,B+,21,6,High
2024-02-27,South,B-,35,40,Low
2024-02-27,South,AB+,15,39,Low
2024-02-27,South,AB-,8,45,Low
2024-02-27,South,O+,23,42,Low
2024-02-27,South,O-,6,21,Low
2024-02-27,East,A+,36,8,High
2024-02-27,East,A-,13,35,Low
2024-02-27,East,B+,9,20,Low
2024-02-27,East,B-,21,11,High
2024-02-27,East,AB+,22,20,Medium
2024-02-27,East,AB-,21,3,High
2024-02-27,East,O+,12,41,Low
2024-02-27,East,O-,16,40,Low
2024-02-27,West,A+,14,45,Low
2024-02-27,West,A-,33,26,Medium
2024-02-27,West,B+,16,19,Low
2024-02-27,West,B-,20,34,Low
2024-02-27,West,AB+,16,36,Low
2024-02-27,West,AB-,7,24,Low
2024-02-27,West,O+,10,12,Low
2024-02-27,West,O-,14,34,Low
2024-02-27,Central,A+,31,27,Medium
2024-02-27,Central,A-,20,45,Low
2024-02-27,Central,B+,33,43,Low
2024-02-27,Central,B-,15,16,Low
2024-02-27,Central,AB+,27,6,High
2024-02-27,Central,AB-,21,10,High
2024-02-27,Central,O+,8,13,Low
2024-02-27,Central,O-,34,28,Medium
2024-02-28,North,A+,35,22,High
2024-02-28,North,A-,35,37,Low
2024-02-28,North,B+,19,27,Low
2024-02-28,North,B-,29,33,Low
2024-02-28,North,AB+,21,12,High
2024-02-28,North,AB-,38,30,Medium
2024-02-28,North,O+,5,21,Low
2024-02-28,North,O-,33,27,Medium
2024-02-28,South,A+,25,36,Low
2024-02-28,South,A-,7,9,Low
2024-02-28,South,B+,39,43,Low
2024-02-28,South,B-,27,30,Low
2024-02-28,South,AB+,22,24,Low
2024-02-28,South,AB-,22,20,Medium
2024-02-28,South,O+,11,19,Low
2024-02-28,South,O-,30,32,Low
2024-02-28,East,A+,20,40,Low
2024-02-28,East,A-,17,36,Low
2024-02-28,East,B+,26,14,High
2024-02-28,East,B-,25,38,Low
2024-02-28,East,AB+,5,3,High
2024-02-28,East,AB-,9,3,High
2024-02-28,East,O+,31,9,High
2024-02-28,East,O-,38,9,High
2024-02-28,West,A+,33,25,Medium
2024-02-28,West,A-,19,21,Low
2024-02-28,West,B+,21,15,Medium
2024-02-28,West,B-,7,4,High
2024-02-28,West,AB+,10,6,High
2024-02-28,West,AB-,18,41,Low
2024-02-28,West,O+,12,10,Medium
2024-02-28,West,O-,10,41,Low
2024-02-28,Central,A+,13,27,Low
2024-02-28,Central,A-,16,10,High
2024-02-28,Central,B+,16,19,Low
2024-02-28,Central,B-,23,32,Low
2024-02-28,Central,AB+,9,43,Low
2024-02-28,Central,AB-,34,20,High
2024-02-28,Central,O+,32,45,Low
2024-02-28,Central,O-,25,19,Medium
2024-02-29,North,A+,15,7,High
2024-02-29,North,A-,22,6,High
2024-02-29,North,B+,29,27,Medium
2024-02-29,North,B-,26,6,High
2024-02-29,North,AB+,21,19,Medium
2024-02-29,North,AB-,16,31,Low
2024-02-29,North,O+,9,34,Low
2024-02-29,North,O-,17,42,Low
2024-02-29,South,A+,30,14,High
2024-02-29,South,A-,36,9,High
2024-02-29,South,B+,14,37,Low
2024-02-29,South,B-,32,16,High
2024-02-29,South,AB+,11,31,Low
2024-02-29,South,AB-,21,9,High
2024-02-29,South,O+,7,7,Low
2024-02-29,South,O-,9,39,Low
2024-02-29,East,A+,21,31,Low
2024-02-29,East,A-,6,34,Low
2024-02-29,East,B+,14,44,Low
2024-02-29,East,B-,5,5,Low
2024-02-29,East,AB+,29,20,High
2024-02-29,East,AB-,14,24,Low
2024-02-29,East,O+,30,39,Low
2024-02-29,East,O-,5,35,Low
2024-02-29,West,A+,36,33,Medium
2024-02-29,West,A-,32,28,Medium
2024-02-29,West,B+,9,37,Low
2024-02-29,West,B-,19,3,High
2024-02-29,West,AB+,29,33,Low
2024-02-29,West,AB-,12,39,Low
2024-02-29,West,O+,39,25,High
2024-02-29,West,O-,26,22,Medium
2024-02-29,Central,A+,30,6,High
2024-02-29,Central,A-,10,26,Low
2024-02-29,Central,B+,39,24,High
2024-02-29,Central,B-,10,32,Low
2024-02-29,Central,AB+,23,44,Low
2024-02-29,Central,AB-,17,14,Medium
2024-02-29,Central,O+,40,5,High
2024-02-29,Central,O-,29,45,Low
2024-03-01,North,A+,17,22,Low
2024-03-01,North,A-,29,9,High
2024-03-01,North,B+,27,34,Low
2024-03-01,North,B-,10,43,Low
2024-03-01,North,AB+,33,15,High
2024-03-01,North,AB-,13,5,High
2024-03-01,North,O+,17,4,High
2024-03-01,North,O-,20,34,Low
2024-03-01,South,A+,29,7,High
2024-03-01,South,A-,39,44,Low
2024-03-01,South,B+,24,34,Low
2024-03-01,South,B-,39,31,Medium
2024-03-01,South,AB+,6,5,Medium
2024-03-01,South,AB-,26,6,High
2024-03-01,South,O+,26,5,High
2024-03-01,South,O-,30,10,High
2024-03-01,East,A+,18,44,Low
2024-03-01,East,A-,38,32,Medium
2024-03-01,East,B+,39,12,High
2024-03-01,East,B-,19,7,High
2024-03-01,East,AB+,7,12,Low
2024-03-01,East,AB-,36,44,Low
2024-03-01,East,O+,6,33,Low
2024-03-01,East,O-,7,18,Low
2024-03-01,West,A+,13,3,High
2024-03-01,West,A-,16,43,Low
2024-03-01,West,B+,8,22,Low
2024-03-01,West,B-,11,32,Low
2024-03-01,West,AB+,15,40,Low
2024-03-01,West,AB-,9,9,Low
2024-03-01,West,O+,12,34,Low
2024-03-01,West,O-,19,7,High
2024-03-01,Central,A+,17,30,Low
2024-03-01,Central,A-,26,28,Low
2024-03-01,Central,B+,25,10,High
2024-03-01,Central,B-,39,11,High
2024-03-01,Central,AB+,25,16,High
2024-03-01,Central,AB-,7,40,Low
2024-03-01,Central,O+,16,24,Low
2024-03-01,Central,O-,9,10,Low
2024-03-02,North,A+,22,12,High
2024-03-02,North,A-,31,13,High
2024-03-02,North,B+,28,38,Low
2024-03-02,North,B-,15,31,Low
2024-03-02,North,AB+,20,40,Low
2024-03-02,North,AB-,7,11,Low
2024-03-02,North,O+,11,43,Low
2024-03-02,North,O-,29,13,High
2024-03-02,South,A+,6,34,Low
2024-03-02,South,A-,10,3,High
2024-03-02,South,B+,5,14,Low
2024-03-02,South,B-,10,44,Low
2024-03-02,South,AB+,23,29,Low
2024-03-02,South,AB-,35,11,High
2024-03-02,South,O+,18,12,High
2024-03-02,South,O-,22,36,Low
2024-03-02,East,A+,33,29,Medium
2024-03-02,East,A-,20,14,Medium
2024-03-02,East,B+,7,41,Low
2024-03-02,East,B-,16,34,Low
2024-03-02,East,AB+,10,43,Low
2024-03-02,East,AB-,24,25,Low
2024-03-02,East,O+,31,3,High
2024-03-02,East,O-,40,18,High
2024-03-02,West,A+,17,10,High
2024-03-02,West,A-,38,9,High
2024-03-02,West,B+,28,37,Low
2024-03-02,West,B-,37,17,High
2024-03-02,West,AB+,34,43,Low
2024-03-02,West,AB-,18,20,Low
2024-03-02,West,O+,8,15,Low
2024-03-02,West,O-,12,12,Low
2024-03-02,Central,A+,35,34,Medium
2024-03-02,Central,A-,16,13,Medium
2024-03-02,Central,B+,7,6,Medium
2024-03-02,Central,B-,28,21,Medium
2024-03-02,Central,AB+,18,30,Low
2024-03-02,Central,AB-,21,24,Low
2024-03-02,Central,O+,34,5,High
2024-03-02,Central,O-,11,6,High
2024-03-03,North,A+,39,14,High
2024-03-03,North,A-,15,4,High
2024-03-03,North,B+,36,35,Medium
2024-03-03,North,B-,12,7,High
2024-03-03,North,AB+,20,31,Low
2024-03-03,North,AB-,25,29,Low
2024-03-03,North,O+,17,23,Low
2024-03-03,North,O-,19,10,High
2024-03-03,South,A+,25,17,High
2024-03-03,South,A-,11,18,Low
2024-03-03,South,B+,31,15,High
2024-03-03,South,B-,29,17,High
2024-03-03,South,AB+,9,33,Low
2024-03-03,South,AB-,36,6,High
2024-03-03,South,O+,32,12,High
2024-03-03,South,O-,18,42,Low
2024-03-03,East,A+,34,14,High
2024-03-03,East,A-,29,26,Medium
2024-03-03,East,B+,13,32,Low
2024-03-03,East,B-,17,43,Low
2024-03-03,East,AB+,27,20,Medium
2024-03-03,East,AB-,17,24,Low
2024-03-03,East,O+,13,5,High
2024-03-03,East,O-,8,20,Low
2024-03-03,West,A+,13,10,Medium
2024-03-03,West,A-,34,32,Medium
2024-03-03,West,B+,31,13,High
2024-03-03,West,B-,26,17,High
2024-03-03,West,AB+,23,41,Low
2024-03-03,West,AB-,15,43,Low
2024-03-03,West,O+,15,39,Low
2024-03-03,West,O-,40,17,High
2024-03-03,Central,A+,10,29,Low
2024-03-03,Central,A-,38,34,Medium
2024-03-03,Central,B+,18,40,Low
2024-03-03,Central,B-,35,32,Medium
2024-03-03,Central,AB+,22,3,High
2024-03-03,Central,AB-,32,18,High
2024-03-03,Central,O+,20,23,Low
2024-03-03,Central,O-,32,40,Low
2024-03-04,North,A+,19,40,Low
2024-03-04,North,A-,14,39,Low
2024-03-04,North,B+,5,29,Low
2024-03-04,North,B-,7,5,Medium
2024-03-04,North,AB+,35,35,Low
2024-03-04,North,AB-,7,30,Low
2024-03-04,North,O+,38,28,Medium
2024-03-04,North,O-,35,9,High
2024-03-04,South,A+,33,34,Low
2024-03-04,South,A-,20,8,High
2024-03-04,South,B+,40,3,High
2024-03-04,South,B-,31,16,High
2024-03-04,South,AB+,13,25,Low
2024-03-04,South,AB-,23,18,Medium
2024-03-04,South,O+,10,4,High
2024-03-04,South,O-,35,45,Low
2024-03-04,East,A+,24,13,High
2024-03-04,East,A-,34,39,Low
2024-03-04,East,B+,6,32,Low
2024-03-04,East,B-,34,11,High
2024-03-04,East,AB+,30,14,High
2024-03-04,East,AB-,28,43,Low
2024-03-04,East,O+,34,43,Low
2024-03-04,East,O-,5,43,Low
2024-03-04,West,A+,9,27,Low
2024-03-04,West,A-,26,36,Low
2024-03-04,West,B+,7,21,Low
2024-03-04,West,B-,32,20,High
2024-03-04,West,AB+,39,39,Low
2024-03-04,West,AB-,18,8,High
2024-03-04,West,O+,26,6,High
2024-03-04,West,O-,37,26,Medium
2024-03-04,Central,A+,8,10,Low
2024-03-04,Central,A-,29,26,Medium
2024-03-04,Central,B+,34,42,Low
2024-03-04,Central,B-,7,26,Low
2024-03-04,Central,AB+,28,14,High
2024-03-04,Central,AB-,40,7,High
2024-03-04,Central,O+,40,16,High
2024-03-04,Central,O-,13,24,Low
2024-03-05,North,A+,20,37,Low
2024-03-05,North,A-,12,44,Low
2024-03-05,North,B+,35,40,Low
2024-03-05,North,B-,18,17,Medium
2024-03-05,North,AB+,25,25,Low
2024-03-05,North,AB-,22,35,Low
2024-03-05,North,O+,32,20,High
2024-03-05,North,O-,8,7,Medium
2024-03-05,South,A+,28,25,Medium
2024-03-05,South,A-,33,34,Low
2024-03-05,South,B+,37,36,Medium
2024-03-05,South,B-,12,33,Low
2024-03-05,South,AB+,39,37,Medium
2024-03-05,South,AB-,23,31,Low
2024-03-05,South,O+,28,7,High
2024-03-05,South,O-,17,32,Low
2024-03-05,East,A+,10,8,Medium
2024-03-05,East,A-,30,14,High
2024-03-05,East,B+,23,7,High
2024-03-05,East,B-,11,13,Low
2024-03-05,East,AB+,22,10,High
2024-03-05,East,AB-,14,34,Low
2024-03-05,East,O+,14,16,Low
2024-03-05,East,O-,38,43,Low
2024-03-05,West,A+,6,21,Low
2024-03-05,West,A-,31,37,Low
2024-03-05,West,B+,13,33,Low
2024-03-05,West,B-,27,29,Low
2024-03-05,West,AB+,33,44,Low
2024-03-05,West,AB-,6,21,Low
2024-03-05,West,O+,17,7,High
2024-03-05,West,O-,6,17,Low
2024-03-05,Central,A+,38,44,Low
2024-03-05,Central,A-,26,29,Low
2024-03-05,Central,B+,26,44,Low
2024-03-05,Central,B-,25,34,Low
2024-03-05,Central,AB+,38,38,Low
2024-03-05,Central,AB-,33,32,Medium
2024-03-05,Central,O+,24,39,Low
2024-03-05,Central,O-,13,22,Low
2024-03-06,North,A+,15,19,Low
2024-03-06,North,A-,19,33,Low
2024-03-06,North,B+,28,21,Medium
2024-03-06,North,B-,8,12,Low
2024-03-06,North,AB+,27,21,Medium
2024-03-06,North,AB-,34,13,High
2024-03-06,North,O+,15,37,Low
2024-03-06,North,O-,23,14,High
2024-03-06,South,A+,16,45,Low
2024-03-06,South,A-,14,13,Medium
2024-03-06,South,B+,20,10,High
2024-03-06,South,B-,7,23,Low
2024-03-06,South,AB+,13,31,Low
2024-03-06,South,AB-,21,26,Low
2024-03-06,South,O+,16,16,Low
2024-03-06,South,O-,40,5,High
2024-03-06,East,A+,25,25,Low
2024-03-06,East,A-,14,26,Low
2024-03-06,East,B+,33,37,Low
2024-03-06,East,B-,15,37,Low
2024-03-06,East,AB+,24,10,High
2024-03-06,East,AB-,6,28,Low
2024-03-06,East,O+,36,12,High
2024-03-06,East,O-,34,23,High
2024-03-06,West,A+,14,3,High
2024-03-06,West,A-,39,35,Medium
2024-03-06,West,B+,26,44,Low
2024-03-06,West,B-,23,33,Low
2024-03-06,West,AB+,23,39,Low
2024-03-06,West,AB-,14,39,Low
2024-03-06,West,O+,33,24,Medium
2024-03-06,West,O-,12,33,Low
2024-03-06,Central,A+,7,11,Low
2024-03-06,Central,A-,40,10,High
2024-03-06,Central,B+,24,4,High
2024-03-06,Central,B-,30,42,Low
2024-03-06,Central,AB+,19,31,Low
2024-03-06,Central,AB-,27,8,High
2024-03-06,Central,O+,25,6,High
2024-03-06,Central,O-,17,40,Low
2024-03-07,North,A+,38,17,High
2024-03-07,North,A-,22,15,High
2024-03-07,North,B+,6,8,Low
2024-03-07,North,B-,39,31,Medium
2024-03-07,North,AB+,10,35,Low
2024-03-07,North,AB-,30,15,High
2024-03-07,North,O+,36,23,High
2024-03-07,North,O-,37,6,High
2024-03-07,South,A+,28,28,Low
2024-03-07,South,A-,14,30,Low
2024-03-07,South,B+,28,27,Medium
2024-03-07,South,B-,28,3,High
2024-03-07,South,AB+,23,25,Low
2024-03-07,South,AB-,27,22,Medium
2024-03-07,South,O+,33,38,Low
2024-03-07,South,O-,10,16,Low
2024-03-07,East,A+,33,29,Medium
2024-03-07,East,A-,33,21,High
2024-03-07,East,B+,15,30,Low
2024-03-07,East,B-,31,11,High
2024-03-07,East,AB+,10,12,Low
2024-03-07,East,AB-,18,22,Low
2024-03-07,East,O+,35,36,Low
2024-03-07,East,O-,26,7,High
2024-03-07,West,A+,29,8,High
2024-03-07,West,A-,5,29,Low
2024-03-07,West,B+,22,29,Low
2024-03-07,West,B-,16,38,Low
2024-03-07,West,AB+,34,39,Low
2024-03-07,West,AB-,13,15,Low
2024-03-07,West,O+,16,27,Low
2024-03-07,West,O-,23,38,Low
2024-03-07,Central,A+,36,5,High
2024-03-07,Central,A-,24,40,Low
2024-03-07,Central,B+,24,34,Low
2024-03-07,Central,B-,40,32,Medium
2024-03-07,Central,AB+,19,4,High
2024-03-07,Central,AB-,5,12,Low
2024-03-07,Central,O+,21,22,Low
2024-03-07,Central,O-,35,10,High
2024-03-08,North,A+,23,29,Low
2024-03-08,North,A-,16,34,Low
2024-03-08,North,B+,20,4,High
2024-03-08,North,B-,12,20,Low
2024-03-08,North,AB+,36,7,High
2024-03-08,North,AB-,28,40,Low
2024-03-08,North,O+,35,39,Low
2024-03-08,North,O-,32,19,High
2024-03-08,South,A+,35,10,High
2024-03-08,South,A-,28,35,Low
2024-03-08,South,B+,6,19,Low
2024-03-08,South,B-,15,40,Low
2024-03-08,South,AB+,8,12,Low
2024-03-08,South,AB-,25,32,Low
2024-03-08,South,O+,13,25,Low
2024-03-08,South,O-,15,6,High
2024-03-08,East,A+,22,26,Low
2024-03-08,East,A-,31,43,Low
2024-03-08,East,B+,27,6,High
2024-03-08,East,B-,23,21,Medium
2024-03-08,East,AB+,38,43,Low
2024-03-08,East,AB-,9,35,Low
2024-03-08,East,O+,17,43,Low
2024-03-08,East,O-,16,9,High
2024-03-08,West,A+,15,37,Low
2024-03-08,West,A-,25,23,Medium
2024-03-08,West,B+,24,20,Medium
2024-03-08,West,B-,28,9,High
2024-03-08,West,AB+,39,40,Low
2024-03-08,West,AB-,27,12,High
2024-03-08,West,O+,5,11,Low
2024-03-08,West,O-,38,21,High
2024-03-08,Central,A+,28,34,Low
2024-03-08,Central,A-,31,24,Medium
2024-03-08,Central,B+,15,9,High
2024-03-08,Central,B-,18,12,High
2024-03-08,Central,AB+,37,17,High
2024-03-08,Central,AB-,17,38,Low
2024-03-08,Central,O+,38,37,Medium
2024-03-08,Central,O-,40,10,High
2024-03-09,North,A+,31,32,Low
2024-03-09,North,A-,9,10,Low
2024-03-09,North,B+,13,4,High
2024-03-09,North,B-,35,25,Medium
2024-03-09,North,AB+,24,26,Low
2024-03-09,North,AB-,13,31,Low
2024-03-09,North,O+,38,24,High
2024-03-09,North,O-,16,22,Low
2024-03-09,South,A+,6,10,Low
2024-03-09,South,A-,19,11,High
2024-03-09,South,B+,14,17,Low
2024-03-09,South,B-,24,11,High
2024-03-09,South,AB+,18,11,High
2024-03-09,South,AB-,10,30,Low
2024-03-09,South,O+,12,7,High
2024-03-09,South,O-,6,33,Low
2024-03-09,East,A+,32,5,High
2024-03-09,East,A-,17,9,High
2024-03-09,East,B+,7,45,Low
2024-03-09,East,B-,37,40,Low
2024-03-09,East,AB+,8,33,Low
2024-03-09,East,AB-,12,19,Low
2024-03-09,East,O+,7,7,Low
2024-03-09,East,O-,24,45,Low
2024-03-09,West,A+,5,9,Low
2024-03-09,West,A-,12,41,Low
2024-03-09,West,B+,18,40,Low
2024-03-09,West,B-,17,14,Medium
2024-03-09,West,AB+,27,4,High
2024-03-09,West,AB-,10,12,Low
2024-03-09,West,O+,22,40,Low
2024-03-09,West,O-,27,25,Medium
2024-03-09,Central,A+,15,35,Low
2024-03-09,Central,A-,20,35,Low
2024-03-09,Central,B+,9,9,Low
2024-03-09,Central,B-,5,36,Low
2024-03-09,Central,AB+,18,15,Medium
2024-03-09,Central,AB-,23,13,High
2024-03-09,Central,O+,39,3,High
2024-03-09,Central,O-,11,16,Low
2024-03-10,North,A+,37,33,Medium
2024-03-10,North,A-,28,40,Low
2024-03-10,North,B+,16,31,Low
2024-03-10,North,B-,11,14,Low
2024-03-10,North,AB+,27,27,Low
2024-03-10,North,AB-,32,16,High
2024-03-10,North,O+,37,17,High
2024-03-10,North,O-,31,10,High
2024-03-10,South,A+,25,10,High
2024-03-10,South,A-,34,10,High
2024-03-10,South,B+,38,11,High
2024-03-10,South,B-,36,26,Medium
2024-03-10,South,AB+,23,38,Low
2024-03-10,South,AB-,7,8,Low
2024-03-10,South,O+,25,34,Low
2024-03-10,South,O-,12,27,Low
2024-03-10,East,A+,23,32,Low
2024-03-10,East,A-,24,31,Low
2024-03-10,East,B+,19,38,Low
2024-03-10,East,B-,31,21,High
2024-03-10,East,AB+,32,15,High
2024-03-10,East,AB-,9,33,Low
2024-03-10,East,O+,28,14,High
2024-03-10,East,O-,5,34,Low
2024-03-10,West,A+,11,28,Low
2024-03-10,West,A-,33,36,Low
2024-03-10,West,B+,10,10,Low
2024-03-10,West,B-,14,28,Low
2024-03-10,West,AB+,30,40,Low
2024-03-10,West,AB-,11,13,Low
2024-03-10,West,O+,9,26,Low
2024-03-10,West,O-,17,24,Low
2024-03-10,Central,A+,17,41,Low
2024-03-10,Central,A-,30,10,High
2024-03-10,Central,B+,19,30,Low
2024-03-10,Central,B-,36,20,High
2024-03-10,Central,AB+,22,44,Low
2024-03-10,Central,AB-,30,25,Medium
2024-03-10,Central,O+,35,45,Low
2024-03-10,Central,O-,30,34,Low
2024-03-11,North,A+,37,20,High
2024-03-11,North,A-,14,32,Low
2024-03-11,North,B+,11,10,Medium
2024-03-11,North,B-,21,34,Low
2024-03-11,North,AB+,36,17,High
2024-03-11,North,AB-,13,4,High
2024-03-11,North,O+,11,6,High
2024-03-11,North,O-,9,34,Low
2024-03-11,South,A+,6,14,Low
2024-03-11,South,A-,29,41,Low
2024-03-11,South,B+,25,12,High
2024-03-11,South,B-,24,42,Low
2024-03-11,South,AB+,11,7,High
2024-03-11,South,AB-,38,34,Medium
2024-03-11,South,O+,34,15,High
2024-03-11,South,O-,23,45,Low
2024-03-11,East,A+,36,34,Medium
2024-03-11,East,A-,37,19,High
2024-03-11,East,B+,39,24,High
2024-03-11,East,B-,39,37,Medium
2024-03-11,East,AB+,6,5,Medium
2024-03-11,East,AB-,32,10,High
2024-03-11,East,O+,29,31,Low
2024-03-11,East,O-,25,27,Low
2024-03-11,West,A+,33,32,Medium
2024-03-11,West,A-,7,5,Medium
2024-03-11,West,B+,16,38,Low
2024-03-11,West,B-,24,13,High
2024-03-11,West,AB+,36,30,Medium
2024-03-11,West,AB-,13,22,Low
2024-03-11,West,O+,29,34,Low
2024-03-11,West,O-,12,39,Low
2024-03-11,Central,A+,36,45,Low
2024-03-11,Central,A-,40,37,Medium
2024-03-11,Central,B+,35,33,Medium
2024-03-11,Central,B-,40,13,High
2024-03-11,Central,AB+,37,6,High
2024-03-11,Central,AB-,30,19,High
2024-03-11,Central,O+,36,40,Low
2024-03-11,Central,O-,29,42,Low
2024-03-12,North,A+,27,21,Medium
2024-03-12,North,A-,25,6,High
2024-03-12,North,B+,6,40,Low
2024-03-12,North,B-,7,11,Low
2024-03-12,North,AB+,28,25,Medium
2024-03-12,North,AB-,6,43,Low
2024-03-12,North,O+,26,27,Low
2024-03-12,North,O-,11,30,Low
2024-03-12,South,A+,27,25,Medium
2024-03-12,South,A-,31,25,Medium
2024-03-12,South,B+,8,45,Low
2024-03-12,South,B-,20,18,Medium
2024-03-12,South,AB+,20,44,Low
2024-03-12,South,AB-,24,40,Low
2024-03-12,South,O+,10,7,Medium
2024-03-12,South,O-,24,10,High
2024-03-12,East,A+,26,13,High
2024-03-12,East,A-,6,37,Low
2024-03-12,East,B+,25,5,High
2024-03-12,East,B-,34,45,Low
2024-03-12,East,AB+,32,39,Low
2024-03-12,East,AB-,37,29,Medium
2024-03-12,East,O+,22,4,High
2024-03-12,East,O-,35,40,Low
2024-03-12,West,A+,6,23,Low
2024-03-12,West,A-,29,39,Low
2024-03-12,West,B+,29,23,Medium
2024-03-12,West,B-,11,34,Low
2024-03-12,West,AB+,11,16,Low
2024-03-12,West,AB-,26,34,Low
2024-03-12,West,O+,37,45,Low
2024-03-12,West,O-,26,13,High
2024-03-12,Central,A+,24,26,Low
2024-03-12,Central,A-,32,15,High
2024-03-12,Central,B+,36,43,Low
2024-03-12,Central,B-,9,37,Low
2024-03-12,Central,AB+,18,21,Low
2024-03-12,Central,AB-,21,6,High
2024-03-12,Central,O+,24,39,Low
2024-03-12,Central,O-,30,17,High
2024-03-13,North,A+,10,40,Low
2024-03-13,North,A-,11,40,Low
2024-03-13,North,B+,26,20,Medium
2024-03-13,North,B-,9,39,Low
2024-03-13,North,AB+,38,33,Medium
2024-03-13,North,AB-,32,16,High
2024-03-13,North,O+,27,7,High
2024-03-13,North,O-,24,35,Low
2024-03-13,South,A+,24,30,Low
2024-03-13,South,A-,39,23,High
2024-03-13,South,B+,17,29,Low
2024-03-13,South,B-,30,19,High
2024-03-13,South,AB+,37,32,Medium
2024-03-13,South,AB-,40,14,High
2024-03-13,South,O+,6,43,Low
2024-03-13,South,O-,38,14,High
2024-03-13,East,A+,36,16,High
2024-03-13,East,A-,34,20,High
2024-03-13,East,B+,39,42,Low
2024-03-13,East,B-,32,39,Low
2024-03-13,East,AB+,8,36,Low
2024-03-13,East,AB-,17,26,Low
2024-03-13,East,O+,34,12,High
2024-03-13,East,O-,20,12,High
2024-03-13,West,A+,24,30,Low
2024-03-13,West,A-,31,23,Medium
2024-03-13,West,B+,9,43,Low
2024-03-13,West,B-,18,29,Low
2024-03-13,West,AB+,22,21,Medium
2024-03-13,West,AB-,15,19,Low
2024-03-13,West,O+,20,28,Low
2024-03-13,West,O-,20,10,High
2024-03-13,Central,A+,14,15,Low
2024-03-13,Central,A-,6,18,Low
2024-03-13,Central,B+,24,32,Low
2024-03-13,Central,B-,36,38,Low
2024-03-13,Central,AB+,32,30,Medium
2024-03-13,Central,AB-,7,15,Low
2024-03-13,Central,O+,15,20,Low
2024-03-13,Central,O-,13,4,High
2024-03-14,North,A+,21,20,Medium
2024-03-14,North,A-,40,14,High
2024-03-14,North,B+,7,34,Low
2024-03-14,North,B-,6,6,Low
2024-03-14,North,AB+,10,23,Low
2024-03-14,North,AB-,24,7,High
2024-03-14,North,O+,31,26,Medium
2024-03-14,North,O-,10,28,Low
2024-03-14,South,A+,13,18,Low
2024-03-14,South,A-,12,39,Low
2024-03-14,South,B+,37,10,High
2024-03-14,South,B-,38,45,Low
2024-03-14,South,AB+,38,19,High
2024-03-14,South,AB-,36,8,High
2024-03-14,South,O+,20,41,Low
2024-03-14,South,O-,12,23,Low
2024-03-14,East,A+,26,40,Low
2024-03-14,East,A-,29,18,High
2024-03-14,East,B+,32,16,High
2024-03-14,East,B-,14,9,High
2024-03-14,East,AB+,16,16,Low
2024-03-14,East,AB-,22,31,Low
2024-03-14,East,O+,31,19,High
2024-03-14,East,O-,8,34,Low
2024-03-14,West,A+,39,26,High
2024-03-14,West,A-,12,23,Low
2024-03-14,West,B+,39,30,Medium
2024-03-14,West,B-,35,18,High
2024-03-14,West,AB+,22,12,High
2024-03-14,West,AB-,28,33,Low
2024-03-14,West,O+,28,22,Medium
2024-03-14,West,O-,6,44,Low
2024-03-14,Central,A+,7,45,Low
2024-03-14,Central,A-,8,45,Low
2024-03-14,Central,B+,20,19,Medium
2024-03-14,Central,B-,40,27,High
2024-03-14,Central,AB+,24,43,Low
2024-03-14,Central,AB-,28,10,High
2024-03-14,Central,O+,39,18,High
2024-03-14,Central,O-,33,27,Medium
2024-03-15,North,A+,5,28,Low
2024-03-15,North,A-,21,22,Low
2024-03-15,North,B+,10,18,Low
2024-03-15,North,B-,24,16,High
2024-03-15,North,AB+,15,31,Low
2024-03-15,North,AB-,25,44,Low
2024-03-15,North,O+,31,5,High
2024-03-15,North,O-,22,8,High
2024-03-15,South,A+,36,33,Medium
2024-03-15,South,A-,31,24,Medium
2024-03-15,South,B+,32,9,High
2024-03-15,South,B-,15,19,Low
2024-03-15,South,AB+,37,7,High
2024-03-15,South,AB-,27,29,Low
2024-03-15,South,O+,40,23,High
2024-03-15,South,O-,34,4,High
2024-03-15,East,A+,8,44,Low
2024-03-15,East,A-,16,43,Low
2024-03-15,East,B+,33,44,Low
2024-03-15,East,B-,13,3,High
2024-03-15,East,AB+,30,15,High
2024-03-15,East,AB-,24,23,Medium
2024-03-15,East,O+,10,10,Low
2024-03-15,East,O-,15,18,Low
2024-03-15,West,A+,38,44,Low
2024-03-15,West,A-,13,41,Low
2024-03-15,West,B+,31,23,Medium
2024-03-15,West,B-,33,33,Low
2024-03-15,West,AB+,13,19,Low
2024-03-15,West,AB-,16,40,Low
2024-03-15,West,O+,25,21,Medium
2024-03-15,West,O-,17,8,High
2024-03-15,Central,A+,31,26,Medium
2024-03-15,Central,A-,16,28,Low
2024-03-15,Central,B+,29,39,Low
2024-03-15,Central,B-,19,4,High
2024-03-15,Central,AB+,6,38,Low
2024-03-15,Central,AB-,19,8,High
2024-03-15,Central,O+,34,15,High
2024-03-15,Central,O-,21,13,High
2024-03-16,North,A+,8,28,Low
2024-03-16,North,A-,32,41,Low
2024-03-16,North,B+,21,12,High
2024-03-16,North,B-,10,26,Low
2024-03-16,North,AB+,15,39,Low
2024-03-16,North,AB-,12,3,High
2024-03-16,North,O+,38,30,Medium
2024-03-16,North,O-,34,34,Low
2024-03-16,South,A+,12,17,Low
2024-03-16,South,A-,18,15,Medium
2024-03-16,South,B+,22,21,Medium
2024-03-16,South,B-,36,27,Medium
2024-03-16,South,AB+,13,30,Low
2024-03-16,South,AB-,18,41,Low
2024-03-16,South,O+,18,21,Low
2024-03-16,South,O-,17,29,Low
2024-03-16,East,A+,16,29,Low
2024-03-16,East,A-,14,4,High
2024-03-16,East,B+,23,19,Medium
2024-03-16,East,B-,20,42,Low
2024-03-16,East,AB+,33,18,High
2024-03-16,East,AB-,28,40,Low
2024-03-16,East,O+,34,8,High
2024-03-16,East,O-,5,33,Low
2024-03-16,West,A+,13,23,Low
2024-03-16,West,A-,30,16,High
2024-03-16,West,B+,29,30,Low
2024-03-16,West,B-,21,7,High
2024-03-16,West,AB+,11,38,Low
2024-03-16,West,AB-,8,6,Medium
2024-03-16,West,O+,26,18,High
2024-03-16,West,O-,35,25,Medium
2024-03-16,Central,A+,7,3,High
2024-03-16,Central,A-,21,35,Low
2024-03-16,Central,B+,29,22,Medium
2024-03-16,Central,B-,30,45,Low
2024-03-16,Central,AB+,28,11,High
2024-03-16,Central,AB-,40,5,High
2024-03-16,Central,O+,16,19,Low
2024-03-16,Central,O-,15,35,Low
2024-03-17,North,A+,36,24,High
2024-03-17,North,A-,34,11,High
2024-03-17,North,B+,10,23,Low
2024-03-17,North,B-,38,30,Medium
2024-03-17,North,AB+,14,19,Low
2024-03-17,North,AB-,12,23,Low
2024-03-17,North,O+,7,11,Low
2024-03-17,North,O-,36,20,High
2024-03-17,South,A+,28,30,Low
2024-03-17,South,A-,23,19,Medium
2024-03-17,South,B+,21,36,Low
2024-03-17,South,B-,25,30,Low
2024-03-17,South,AB+,15,23,Low
2024-03-17,South,AB-,36,12,High
2024-03-17,South,O+,40,45,Low
2024-03-17,South,O-,33,6,High
2024-03-17,East,A+,17,12,Medium
2024-03-17,East,A-,8,17,Low
2024-03-17,East,B+,16,5,High
2024-03-17,East,B-,35,19,High
2024-03-17,East,AB+,15,32,Low
2024-03-17,East,AB-,32,10,High
2024-03-17,East,O+,36,5,High
2024-03-17,East,O-,33,25,Medium
2024-03-17,West,A+,40,34,Medium
2024-03-17,West,A-,34,34,Low
2024-03-17,West,B+,12,12,Low
2024-03-17,West,B-,12,25,Low
2024-03-17,West,AB+,10,16,Low
2024-03-17,West,AB-,23,14,High
2024-03-17,West,O+,15,35,Low
2024-03-17,West,O-,22,39,Low
2024-03-17,Central,A+,18,40,Low
2024-03-17,Central,A-,5,36,Low
2024-03-17,Central,B+,16,29,Low
2024-03-17,Central,B-,9,18,Low
2024-03-17,Central,AB+,36,9,High
2024-03-17,Central,AB-,26,4,High
2024-03-17,Central,O+,23,10,High
2024-03-17,Central,O-,30,26,Medium
2024-03-18,North,A+,11,23,Low
2024-03-18,North,A-,14,4,High
2024-03-18,North,B+,10,32,Low
2024-03-18,North,B-,35,32,Medium
2024-03-18,North,AB+,22,41,Low
2024-03-18,North,AB-,5,24,Low
2024-03-18,North,O+,7,44,Low
2024-03-18,North,O-,33,23,High
2024-03-18,South,A+,13,16,Low
2024-03-18,South,A-,8,44,Low
2024-03-18,South,B+,23,23,Low
2024-03-18,South,B-,8,7,Medium
2024-03-18,South,AB+,40,41,Low
2024-03-18,South,AB-,29,8,High
2024-03-18,South,O+,30,19,High
2024-03-18,South,O-,16,18,Low
2024-03-18,East,A+,30,8,High
2024-03-18,East,A-,6,16,Low
2024-03-18,East,B+,15,27,Low
2024-03-18,East,B-,30,21,Medium
2024-03-18,East,AB+,14,10,Medium
2024-03-18,East,AB-,24,34,Low
2024-03-18,East,O+,32,22,High
2024-03-18,East,O-,13,25,Low
2024-03-18,West,A+,11,26,Low
2024-03-18,West,A-,37,15,High
2024-03-18,West,B+,36,31,Medium
2024-03-18,West,B-,29,33,Low
2024-03-18,West,AB+,22,39,Low
2024-03-18,West,AB-,32,8,High
2024-03-18,West,O+,32,26,Medium
2024-03-18,West,O-,16,30,Low
2024-03-18,Central,A+,32,8,High
2024-03-18,Central,A-,7,35,Low
2024-03-18,Central,B+,26,32,Low
2024-03-18,Central,B-,19,44,Low
2024-03-18,Central,AB+,14,34,Low
2024-03-18,Central,AB-,38,43,Low
2024-03-18,Central,O+,38,8,High
2024-03-18,Central,O-,23,32,Low
2024-03-19,North,A+,32,8,High
2024-03-19,North,A-,35,22,High
2024-03-19,North,B+,14,11,Medium
2024-03-19,North,B-,24,18,Medium
2024-03-19,North,AB+,38,30,Medium
2024-03-19,North,AB-,23,39,Low
2024-03-19,North,O+,8,38,Low
2024-03-19,North,O-,9,5,High
2024-03-19,South,A+,37,9,High
2024-03-19,South,A-,37,30,Medium
2024-03-19,South,B+,31,9,High
2024-03-19,South,B-,34,45,Low
2024-03-19,South,AB+,21,25,Low
2024-03-19,South,AB-,21,40,Low
2024-03-19,South,O+,10,35,Low
2024-03-19,South,O-,6,10,Low
2024-03-19,East,A+,34,14,High
2024-03-19,East,A-,16,28,Low
2024-03-19,East,B+,7,8,Low
2024-03-19,East,B-,31,22,Medium
2024-03-19,East,AB+,25,40,Low
2024-03-19,East,AB-,34,45,Low
2024-03-19,East,O+,33,42,Low
2024-03-19,East,O-,21,24,Low
2024-03-19,West,A+,16,16,Low
2024-03-19,West,A-,16,8,High
2024-03-19,West,B+,21,9,High
2024-03-19,West,B-,32,37,Low
2024-03-19,West,AB+,6,3,High
2024-03-19,West,AB-,30,10,High
2024-03-19,West,O+,5,13,Low
2024-03-19,West,O-,35,32,Medium
2024-03-19,Central,A+,30,45,Low
2024-03-19,Central,A-,36,22,High
2024-03-19,Central,B+,28,28,Low
2024-03-19,Central,B-,24,8,High
2024-03-19,Central,AB+,13,11,Medium
2024-03-19,Central,AB-,5,15,Low
2024-03-19,Central,O+,12,4,High
2024-03-19,Central,O-,17,4,High
2024-03-20,North,A+,18,33,Low
2024-03-20,North,A-,14,44,Low
2024-03-20,North,B+,20,30,Low
2024-03-20,North,B-,39,15,High
2024-03-20,North,AB+,10,22,Low
2024-03-20,North,AB-,34,12,High
2024-03-20,North,O+,35,30,Medium
2024-03-20,North,O-,6,10,Low
2024-03-20,South,A+,15,12,Medium
2024-03-20,South,A-,33,34,Low
2024-03-20,South,B+,35,4,High
2024-03-20,South,B-,33,40,Low
2024-03-20,South,AB+,20,15,Medium
2024-03-20,South,AB-,23,39,Low
2024-03-20,South,O+,30,6,High
2024-03-20,South,O-,26,3,High
2024-03-20,East,A+,11,43,Low
2024-03-20,East,A-,32,29,Medium
2024-03-20,East,B+,36,40,Low
2024-03-20,East,B-,40,21,High
2024-03-20,East,AB+,7,34,Low
2024-03-20,East,AB-,30,34,Low
2024-03-20,East,O+,37,40,Low
2024-03-20,East,O-,36,17,High
2024-03-20,West,A+,8,36,Low
2024-03-20,West,A-,6,30,Low
2024-03-20,West,B+,25,38,Low
2024-03-20,West,B-,9,20,Low
2024-03-20,West,AB+,31,33,Low
2024-03-20,West,AB-,12,34,Low
2024-03-20,West,O+,27,31,Low
2024-03-20,West,O-,32,4,High
2024-03-20,Central,A+,15,21,Low
2024-03-20,Central,A-,17,33,Low
2024-03-20,Central,B+,27,31,Low
2024-03-20,Central,B-,19,35,Low
2024-03-20,Central,AB+,19,40,Low
2024-03-20,Central,AB-,26,41,Low
2024-03-20,Central,O+,34,11,High
2024-03-20,Central,O-,23,27,Low
2024-03-21,North,A+,31,44,Low
2024-03-21,North,A-,28,33,Low
2024-03-21,North,B+,15,42,Low
2024-03-21,North,B-,18,21,Low
2024-03-21,North,AB+,10,45,Low
2024-03-21,North,AB-,35,11,High
2024-03-21,North,O+,16,15,Medium
2024-03-21,North,O-,15,41,Low
2024-03-21,South,A+,36,9,High
2024-03-21,South,A-,31,34,Low
2024-03-21,South,B+,24,18,Medium
2024-03-21,South,B-,18,38,Low
2024-03-21,South,AB+,8,4,High
2024-03-21,South,AB-,27,19,Medium
2024-03-21,South,O+,27,13,High
2024-03-21,South,O-,16,35,Low
2024-03-21,East,A+,7,7,Low
2024-03-21,East,A-,26,30,Low
2024-03-21,East,B+,12,42,Low
2024-03-21,East,B-,19,10,High
2024-03-21,East,AB+,40,17,High
2024-03-21,East,AB-,36,19,High
2024-03-21,East,O+,26,25,Medium
2024-03-21,East,O-,7,38,Low
2024-03-21,West,A+,22,12,High
2024-03-21,West,A-,37,41,Low
2024-03-21,West,B+,11,6,High
2024-03-21,West,B-,33,32,Medium
2024-03-21,West,AB+,12,9,Medium
2024-03-21,West,AB-,11,38,Low
2024-03-21,West,O+,7,35,Low
2024-03-21,West,O-,11,13,Low
2024-03-21,Central,A+,12,16,Low
2024-03-21,Central,A-,28,13,High
2024-03-21,Central,B+,23,31,Low
2024-03-21,Central,B-,37,34,Medium
2024-03-21,Central,AB+,11,12,Low
2024-03-21,Central,AB-,28,24,Medium
2024-03-21,Central,O+,13,10,Medium
2024-03-21,Central,O-,17,31,Low
2024-03-22,North,A+,31,3,High
2024-03-22,North,A-,20,33,Low
2024-03-22,North,B+,26,21,Medium
2024-03-22,North,B-,37,13,High
2024-03-22,North,AB+,10,20,Low
2024-03-22,North,AB-,28,29,Low
2024-03-22,North,O+,28,43,Low
2024-03-22,North,O-,20,12,High
2024-03-22,South,A+,38,29,Medium
2024-03-22,South,A-,19,11,High
2024-03-22,South,B+,32,29,Medium
2024-03-22,South,B-,31,32,Low
2024-03-22,South,AB+,38,26,High
2024-03-22,South,AB-,6,31,Low
2024-03-22,South,O+,14,3,High
2024-03-22,South,O-,38,7,High
2024-03-22,East,A+,10,24,Low
2024-03-22,East,A-,25,28,Low
2024-03-22,East,B+,15,30,Low
2024-03-22,East,B-,8,28,Low
2024-03-22,East,AB+,7,45,Low
2024-03-22,East,AB-,14,39,Low
2024-03-22,East,O+,8,43,Low
2024-03-22,East,O-,38,21,High
2024-03-22,West,A+,31,28,Medium
2024-03-22,West,A-,40,22,High
2024-03-22,West,B+,25,25,Low
2024-03-22,West,B-,5,20,Low
2024-03-22,West,AB+,38,42,Low
2024-03-22,West,AB-,14,28,Low
2024-03-22,West,O+,33,44,Low
2024-03-22,West,O-,18,37,Low
2024-03-22,Central,A+,33,25,Medium
2024-03-22,Central,A-,30,15,High
2024-03-22,Central,B+,24,8,High
2024-03-22,Central,B-,7,37,Low
2024-03-22,Central,AB+,26,27,Low
2024-03-22,Central,AB-,13,36,Low
2024-03-22,Central,O+,39,21,High
2024-03-22,Central,O-,18,8,High
2024-03-23,North,A+,37,38,Low
2024-03-23,North,A-,24,36,Low
2024-03-23,North,B+,26,43,Low
2024-03-23,North,B-,15,4,High
2024-03-23,North,AB+,6,37,Low
2024-03-23,North,AB-,21,18,Medium
2024-03-23,North,O+,24,30,Low
2024-03-23,North,O-,37,10,High
2024-03-23,South,A+,8,26,Low
2024-03-23,South,A-,21,43,Low
2024-03-23,South,B+,37,25,High
2024-03-23,South,B-,12,6,High
2024-03-23,South,AB+,12,31,Low
2024-03-23,South,AB-,24,39,Low
2024-03-23,South,O+,5,32,Low
2024-03-23,South,O-,26,18,High
2024-03-23,East,A+,39,41,Low
2024-03-23,East,A-,19,25,Low
2024-03-23,East,B+,24,21,Medium
2024-03-23,East,B-,13,27,Low
2024-03-23,East,AB+,38,18,High
2024-03-23,East,AB-,11,23,Low
2024-03-23,East,O+,38,40,Low
2024-03-23,East,O-,17,26,Low
2024-03-23,West,A+,34,9,High
2024-03-23,West,A-,14,30,Low
2024-03-23,West,B+,31,8,High
2024-03-23,West,B-,10,6,High
2024-03-23,West,AB+,32,11,High
2024-03-23,West,AB-,35,16,High
2024-03-23,West,O+,33,7,High
2024-03-23,West,O-,28,36,Low
2024-03-23,Central,A+,30,40,Low
2024-03-23,Central,A-,40,36,Medium
2024-03-23,Central,B+,30,19,High
2024-03-23,Central,B-,36,43,Low
2024-03-23,Central,AB+,32,31,Medium
2024-03-23,Central,AB-,36,29,Medium
2024-03-23,Central,O+,15,12,Medium
2024-03-23,Central,O-,37,11,High
2024-03-24,North,A+,36,32,Medium
2024-03-24,North,A-,13,35,Low
2024-03-24,North,B+,38,10,High
2024-03-24,North,B-,18,32,Low
2024-03-24,North,AB+,35,5,High
2024-03-24,North,AB-,15,38,Low
2024-03-24,North,O+,28,10,High
2024-03-24,North,O-,31,10,High
2024-03-24,South,A+,12,26,Low
2024-03-24,South,A-,23,5,High
2024-03-24,South,B+,38,12,High
2024-03-24,South,B-,12,26,Low
2024-03-24,South,AB+,24,26,Low
2024-03-24,South,AB-,24,21,Medium
2024-03-24,South,O+,36,4,High
2024-03-24,South,O-,14,12,Medium
2024-03-24,East,A+,31,6,High
2024-03-24,East,A-,24,21,Medium
2024-03-24,East,B+,18,14,Medium
2024-03-24,East,B-,36,3,High
2024-03-24,East,AB+,12,38,Low
2024-03-24,East,AB-,27,7,High
2024-03-24,East,O+,7,29,Low
2024-03-24,East,O-,35,39,Low
2024-03-24,West,A+,24,39,Low
2024-03-24,West,A-,33,24,Medium
2024-03-24,West,B+,29,33,Low
2024-03-24,West,B-,13,11,Medium
2024-03-24,West,AB+,37,43,Low
2024-03-24,West,AB-,34,31,Medium
2024-03-24,West,O+,33,12,High
2024-03-24,West,O-,25,8,High
2024-03-24,Central,A+,31,27,Medium
2024-03-24,Central,A-,19,28,Low
2024-03-24,Central,B+,26,37,Low
2024-03-24,Central,B-,7,45,Low
2024-03-24,Central,AB+,33,20,High
2024-03-24,Central,AB-,10,13,Low
2024-03-24,Central,O+,6,39,Low
2024-03-24,Central,O-,24,38,Low
2024-03-25,North,A+,12,44,Low
2024-03-25,North,A-,40,8,High
2024-03-25,North,B+,17,42,Low
2024-03-25,North,B-,39,39,Low
2024-03-25,North,AB+,8,39,Low
2024-03-25,North,AB-,38,15,High
2024-03-25,North,O+,35,35,Low
2024-03-25,North,O-,6,10,Low
2024-03-25,South,A+,39,14,High
2024-03-25,South,A-,6,20,Low
2024-03-25,South,B+,18,18,Low
2024-03-25,South,B-,33,8,High
2024-03-25,South,AB+,39,41,Low
2024-03-25,South,AB-,25,28,Low
2024-03-25,South,O+,7,34,Low
2024-03-25,South,O-,6,24,Low
2024-03-25,East,A+,32,14,High
2024-03-25,East,A-,31,4,High
2024-03-25,East,B+,38,23,High
2024-03-25,East,B-,29,19,High
2024-03-25,East,AB+,10,10,Low
2024-03-25,East,AB-,11,37,Low
2024-03-25,East,O+,15,21,Low
2024-03-25,East,O-,14,14,Low
2024-03-25,West,A+,21,8,High
2024-03-25,West,A-,14,22,Low
2024-03-25,West,B+,31,13,High
2024-03-25,West,B-,8,42,Low
2024-03-25,West,AB+,25,14,High
2024-03-25,West,AB-,6,6,Low
2024-03-25,West,O+,24,27,Low
2024-03-25,West,O-,11,23,Low
2024-03-25,Central,A+,14,29,Low
2024-03-25,Central,A-,25,19,Medium
2024-03-25,Central,B+,29,10,High
2024-03-25,Central,B-,8,15,Low
2024-03-25,Central,AB+,20,41,Low
2024-03-25,Central,AB-,20,34,Low
2024-03-25,Central,O+,37,35,Medium
2024-03-25,Central,O-,29,10,High
2024-03-26,North,A+,22,6,High
2024-03-26,North,A-,25,32,Low
2024-03-26,North,B+,40,29,Medium
2024-03-26,North,B-,9,33,Low
2024-03-26,North,AB+,6,29,Low
2024-03-26,North,AB-,19,4,High
2024-03-26,North,O+,22,38,Low
2024-03-26,North,O-,11,18,Low
2024-03-26,South,A+,40,44,Low
2024-03-26,South,A-,13,22,Low
2024-03-26,South,B+,31,31,Low
2024-03-26,South,B-,10,43,Low
2024-03-26,South,AB+,37,16,High
2024-03-26,South,AB-,14,26,Low
2024-03-26,South,O+,39,13,High
2024-03-26,South,O-,20,37,Low
2024-03-26,East,A+,32,38,Low
2024-03-26,East,A-,33,5,High
2024-03-26,East,B+,5,32,Low
2024-03-26,East,B-,23,44,Low
2024-03-26,East,AB+,15,3,High
2024-03-26,East,AB-,8,33,Low
2024-03-26,East,O+,22,41,Low
2024-03-26,East,O-,21,27,Low
2024-03-26,West,A+,27,43,Low
2024-03-26,West,A-,18,40,Low
2024-03-26,West,B+,37,21,High
2024-03-26,West,B-,7,13,Low
2024-03-26,West,AB+,39,39,Low
2024-03-26,West,AB-,9,22,Low
2024-03-26,West,O+,10,28,Low
2024-03-26,West,O-,12,11,Medium
2024-03-26,Central,A+,40,20,High
2024-03-26,Central,A-,32,16,High
2024-03-26,Central,B+,37,23,High
2024-03-26,Central,B-,26,43,Low
2024-03-26,Central,AB+,21,31,Low
2024-03-26,Central,AB-,22,18,Medium
2024-03-26,Central,O+,25,24,Medium
2024-03-26,Central,O-,18,32,Low
2024-03-27,North,A+,26,4,High
2024-03-27,North,A-,13,44,Low
2024-03-27,North,B+,5,41,Low
2024-03-27,North,B-,35,3,High
2024-03-27,North,AB+,5,14,Low
2024-03-27,North,AB-,31,38,Low
2024-03-27,North,O+,36,28,Medium
2024-03-27,North,O-,39,8,High
2024-03-27,South,A+,9,37,Low
2024-03-27,South,A-,6,45,Low
2024-03-27,South,B+,33,10,High
2024-03-27,South,B-,27,27,Low
2024-03-27,South,AB+,27,27,Low
2024-03-27,South,AB-,16,3,High
2024-03-27,South,O+,12,32,Low
2024-03-27,South,O-,28,15,High
2024-03-27,East,A+,33,3,High
2024-03-27,East,A-,19,4,High
2024-03-27,East,B+,22,25,Low
2024-03-27,East,B-,17,8,High
2024-03-27,East,AB+,24,17,Medium
2024-03-27,East,AB-,19,34,Low
2024-03-27,East,O+,28,5,High
2024-03-27,East,O-,22,34,Low
2024-03-27,West,A+,18,3,High
2024-03-27,West,A-,17,43,Low
2024-03-27,West,B+,30,10,High
2024-03-27,West,B-,22,39,Low
2024-03-27,West,AB+,37,34,Medium
2024-03-27,West,AB-,15,38,Low
2024-03-27,West,O+,17,45,Low
2024-03-27,West,O-,16,7,High
2024-03-27,Central,A+,13,7,High
2024-03-27,Central,A-,13,19,Low
2024-03-27,Central,B+,19,36,Low
2024-03-27,Central,B-,22,15,High
2024-03-27,Central,AB+,6,37,Low
2024-03-27,Central,AB-,21,38,Low
2024-03-27,Central,O+,34,3,High
2024-03-27,Central,O-,32,44,Low
2024-03-28,North,A+,8,23,Low
2024-03-28,North,A-,32,29,Medium
2024-03-28,North,B+,22,10,High
2024-03-28,North,B-,38,32,Medium
2024-03-28,North,AB+,36,26,Medium
2024-03-28,North,AB-,38,5,High
2024-03-28,North,O+,19,6,High
2024-03-28,North,O-,22,29,Low
2024-03-28,South,A+,39,31,Medium
2024-03-28,South,A-,25,3,High
2024-03-28,South,B+,30,15,High
2024-03-28,South,B-,26,8,High
2024-03-28,South,AB+,6,17,Low
2024-03-28,South,AB-,32,7,High
2024-03-28,South,O+,20,15,Medium
2024-03-28,South,O-,15,24,Low
2024-03-28,East,A+,24,7,High
2024-03-28,East,A-,11,4,High
2024-03-28,East,B+,35,30,Medium
2024-03-28,East,B-,6,40,Low
2024-03-28,East,AB+,26,19,Medium
2024-03-28,East,AB-,20,9,High
2024-03-28,East,O+,35,18,High
2024-03-28,East,O-,26,6,High
2024-03-28,West,A+,26,36,Low
2024-03-28,West,A-,20,7,High
2024-03-28,West,B+,33,9,High
2024-03-28,West,B-,33,40,Low
2024-03-28,West,AB+,12,8,High
2024-03-28,West,AB-,8,5,High
2024-03-28,West,O+,29,23,Medium
2024-03-28,West,O-,9,11,Low
2024-03-28,Central,A+,8,31,Low
2024-03-28,Central,A-,8,22,Low
2024-03-28,Central,B+,32,7,High
2024-03-28,Central,B-,11,6,High
2024-03-28,Central,AB+,40,6,High
2024-03-28,Central,AB-,23,27,Low
2024-03-28,Central,O+,30,9,High
2024-03-28,Central,O-,31,17,High
2024-03-29,North,A+,5,32,Low
2024-03-29,North,A-,29,32,Low
2024-03-29,North,B+,32,42,Low
2024-03-29,North,B-,11,24,Low
2024-03-29,North,AB+,6,32,Low
2024-03-29,North,AB-,38,24,High
2024-03-29,North,O+,17,9,High
2024-03-29,North,O-,11,3,High
2024-03-29,South,A+,9,40,Low
2024-03-29,South,A-,17,39,Low
2024-03-29,South,B+,13,43,Low
2024-03-29,South,B-,37,19,High
2024-03-29,South,AB+,27,29,Low
2024-03-29,South,AB-,35,42,Low
2024-03-29,South,O+,33,14,High
2024-03-29,South,O-,20,11,High
2024-03-29,East,A+,7,6,Medium
2024-03-29,East,A-,13,22,Low
2024-03-29,East,B+,32,35,Low
2024-03-29,East,B-,27,22,Medium
2024-03-29,East,AB+,39,12,High
2024-03-29,East,AB-,14,33,Low
2024-03-29,East,O+,24,41,Low
2024-03-29,East,O-,26,21,Medium
2024-03-29,West,A+,28,3,High
2024-03-29,West,A-,38,40,Low
2024-03-29,West,B+,14,6,High
2024-03-29,West,B-,20,35,Low
2024-03-29,West,AB+,40,6,High
2024-03-29,West,AB-,32,25,Medium
2024-03-29,West,O+,17,15,Medium
2024-03-29,West,O-,17,7,High
2024-03-29,Central,A+,26,15,High
2024-03-29,Central,A-,35,32,Medium
2024-03-29,Central,B+,26,40,Low
2024-03-29,Central,B-,26,42,Low
2024-03-29,Central,AB+,24,29,Low
2024-03-29,Central,AB-,26,13,High
2024-03-29,Central,O+,11,32,Low
2024-03-29,Central,O-,7,34,Low
2024-03-30,North,A+,19,3,High
2024-03-30,North,A-,19,17,Medium
2024-03-30,North,B+,34,42,Low
2024-03-30,North,B-,18,18,Low
2024-03-30,North,AB+,35,24,High
2024-03-30,North,AB-,29,16,High
2024-03-30,North,O+,30,14,High
2024-03-30,North,O-,5,26,Low
2024-03-30,South,A+,5,7,Low
2024-03-30,South,A-,27,4,High
2024-03-30,South,B+,40,10,High
2024-03-30,South,B-,14,21,Low
2024-03-30,South,AB+,33,15,High
2024-03-30,South,AB-,28,5,High
2024-03-30,South,O+,6,15,Low
2024-03-30,South,O-,17,21,Low
2024-03-30,East,A+,16,17,Low
2024-03-30,East,A-,21,14,High
2024-03-30,East,B+,26,38,Low
2024-03-30,East,B-,20,14,Medium
2024-03-30,East,AB+,17,4,High
2024-03-30,East,AB-,16,19,Low
2024-03-30,East,O+,11,4,High
2024-03-30,East,O-,13,27,Low
2024-03-30,West,A+,12,24,Low
2024-03-30,West,A-,18,22,Low
2024-03-30,West,B+,34,18,High
2024-03-30,West,B-,28,26,Medium
2024-03-30,West,AB+,15,36,Low
2024-03-30,West,AB-,32,7,High
2024-03-30,West,O+,12,12,Low
2024-03-30,West,O-,13,15,Low
2024-03-30,Central,A+,17,37,Low
2024-03-30,Central,A-,29,26,Medium
2024-03-30,Central,B+,25,41,Low
2024-03-30,Central,B-,32,43,Low
2024-03-30,Central,AB+,20,5,High
2024-03-30,Central,AB-,17,37,Low
2024-03-30,Central,O+,23,12,High
2024-03-30,Central,O-,25,18,Medium
2024-03-31,North,A+,8,43,Low
2024-03-31,North,A-,22,11,High
2024-03-31,North,B+,37,40,Low
2024-03-31,North,B-,36,16,High
2024-03-31,North,AB+,10,33,Low
2024-03-31,North,AB-,9,13,Low
2024-03-31,North,O+,37,27,Medium
2024-03-31,North,O-,37,26,Medium
2024-03-31,South,A+,36,36,Low
2024-03-31,South,A-,34,14,High
2024-03-31,South,B+,25,26,Low
2024-03-31,South,B-,38,33,Medium
2024-03-31,South,AB+,36,33,Medium
2024-03-31,South,AB-,22,40,Low
2024-03-31,South,O+,30,43,Low
2024-03-31,South,O-,7,16,Low
2024-03-31,East,A+,19,15,Medium
2024-03-31,East,A-,33,18,High
2024-03-31,East,B+,30,16,High
2024-03-31,East,B-,24,30,Low
2024-03-31,East,AB+,29,39,Low
2024-03-31,East,AB-,15,26,Low
2024-03-31,East,O+,21,38,Low
2024-03-31,East,O-,10,11,Low
2024-03-31,West,A+,10,21,Low
2024-03-31,West,A-,33,36,Low
2024-03-31,West,B+,27,17,High
2024-03-31,West,B-,7,32,Low
2024-03-31,West,AB+,37,42,Low
2024-03-31,West,AB-,26,30,Low
2024-03-31,West,O+,33,32,Medium
2024-03-31,West,O-,32,29,Medium
2024-03-31,Central,A+,28,34,Low
2024-03-31,Central,A-,25,20,Medium
2024-03-31,Central,B+,29,4,High
2024-03-31,Central,B-,16,31,Low
2024-03-31,Central,AB+,19,19,Low
2024-03-31,Central,AB-,9,25,Low
2024-03-31,Central,O+,10,21,Low
2024-03-31,Central,O-,37,35,Medium
2024-04-01,North,A+,39,44,Low
2024-04-01,North,A-,10,20,Low
2024-04-01,North,B+,19,9,High
2024-04-01,North,B-,12,7,High
2024-04-01,North,AB+,28,5,High
2024-04-01,North,AB-,39,15,High
2024-04-01,North,O+,26,15,High
2024-04-01,North,O-,26,19,Medium
2024-04-01,South,A+,24,20,Medium
2024-04-01,South,A-,17,41,Low
2024-04-01,South,B+,13,37,Low
2024-04-01,South,B-,21,3,High
2024-04-01,South,AB+,24,21,Medium
2024-04-01,South,AB-,27,28,Low
2024-04-01,South,O+,30,40,Low
2024-04-01,South,O-,5,33,Low
2024-04-01,East,A+,37,12,High
2024-04-01,East,A-,30,17,High
2024-04-01,East,B+,19,16,Medium
2024-04-01,East,B-,35,17,High
2024-04-01,East,AB+,38,40,Low
2024-04-01,East,AB-,40,32,Medium
2024-04-01,East,O+,34,24,Medium
2024-04-01,East,O-,10,23,Low
2024-04-01,West,A+,17,30,Low
2024-04-01,West,A-,31,16,High
2024-04-01,West,B+,33,31,Medium
2024-04-01,West,B-,40,4,High
2024-04-01,West,AB+,28,11,High
2024-04-01,West,AB-,13,22,Low
2024-04-01,West,O+,5,34,Low
2024-04-01,West,O-,27,24,Medium
2024-04-01,Central,A+,19,29,Low
2024-04-01,Central,A-,32,28,Medium
2024-04-01,Central,B+,39,22,High
2024-04-01,Central,B-,25,40,Low
2024-04-01,Central,AB+,6,39,Low
2024-04-01,Central,AB-,7,11,Low
2024-04-01,Central,O+,14,24,Low
2024-04-01,Central,O-,30,27,Medium
2024-04-02,North,A+,18,28,Low
2024-04-02,North,A-,9,37,Low
2024-04-02,North,B+,29,15,High
2024-04-02,North,B-,35,9,High
2024-04-02,North,AB+,26,39,Low
2024-04-02,North,AB-,33,43,Low
2024-04-02,North,O+,24,8,High
2024-04-02,North,O-,15,9,High
2024-04-02,South,A+,40,14,High
2024-04-02,South,A-,7,41,Low
2024-04-02,South,B+,36,4,High
2024-04-02,South,B-,16,15,Medium
2024-04-02,South,AB+,9,27,Low
2024-04-02,South,AB-,23,16,High
2024-04-02,South,O+,19,21,Low
2024-04-02,South,O-,38,7,High
2024-04-02,East,A+,34,6,High
2024-04-02,East,A-,28,36,Low
2024-04-02,East,B+,5,13,Low
2024-04-02,East,B-,25,29,Low
2024-04-02,East,AB+,30,13,High
2024-04-02,East,AB-,12,11,Medium
2024-04-02,East,O+,39,29,Medium
2024-04-02,East,O-,35,7,High
2024-04-02,West,A+,29,16,High
2024-04-02,West,A-,13,16,Low
2024-04-02,West,B+,24,30,Low
2024-04-02,West,B-,35,13,High
2024-04-02,West,AB+,24,40,Low
2024-04-02,West,AB-,17,35,Low
2024-04-02,West,O+,34,20,High
2024-04-02,West,O-,17,3,High
2024-04-02,Central,A+,14,31,Low
2024-04-02,Central,A-,9,28,Low
2024-04-02,Central,B+,20,36,Low
2024-04-02,Central,B-,26,39,Low
2024-04-02,Central,AB+,36,32,Medium
2024-04-02,Central,AB-,34,39,Low
2024-04-02,Central,O+,7,8,Low
2024-04-02,Central,O-,23,44,Low
2024-04-03,North,A+,34,25,Medium
2024-04-03,North,A-,24,28,Low
2024-04-03,North,B+,16,29,Low
2024-04-03,North,B-,20,14,Medium
2024-04-03,North,AB+,32,32,Low
2024-04-03,North,AB-,29,45,Low
2024-04-03,North,O+,16,39,Low
2024-04-03,North,O-,11,28,Low
2024-04-03,South,A+,7,18,Low
2024-04-03,South,A-,15,20,Low
2024-04-03,South,B+,39,21,High
2024-04-03,South,B-,9,16,Low
2024-04-03,South,AB+,36,29,Medium
2024-04-03,South,AB-,40,10,High
2024-04-03,South,O+,28,7,High
2024-04-03,South,O-,11,35,Low
2024-04-03,East,A+,25,29,Low
2024-04-03,East,A-,33,13,High
2024-04-03,East,B+,21,16,Medium
2024-04-03,East,B-,37,5,High
2024-04-03,East,AB+,34,4,High
2024-04-03,East,AB-,9,43,Low
2024-04-03,East,O+,34,27,Medium
2024-04-03,East,O-,26,28,Low
2024-04-03,West,A+,17,28,Low
2024-04-03,West,A-,7,3,High
2024-04-03,West,B+,21,10,High
2024-04-03,West,B-,13,23,Low
2024-04-03,West,AB+,34,34,Low
2024-04-03,West,AB-,34,7,High
2024-04-03,West,O+,10,38,Low
2024-04-03,West,O-,20,31,Low
2024-04-03,Central,A+,13,33,Low
2024-04-03,Central,A-,22,13,High
2024-04-03,Central,B+,15,4,High
2024-04-03,Central,B-,11,14,Low
2024-04-03,Central,AB+,23,10,High
2024-04-03,Central,AB-,39,28,Medium
2024-04-03,Central,O+,15,7,High
2024-04-03,Central,O-,5,20,Low
2024-04-04,North,A+,14,31,Low
2024-04-04,North,A-,27,14,High
2024-04-04,North,B+,18,5,High
2024-04-04,North,B-,39,16,High
2024-04-04,North,AB+,33,6,High
2024-04-04,North,AB-,38,44,Low
2024-04-04,North,O+,11,27,Low
2024-04-04,North,O-,24,31,Low
2024-04-04,South,A+,8,41,Low
2024-04-04,South,A-,5,6,Low
2024-04-04,South,B+,29,15,High
2024-04-04,South,B-,20,26,Low
2024-04-04,South,AB+,20,15,Medium
2024-04-04,South,AB-,10,4,High
2024-04-04,South,O+,31,4,High
2024-04-04,South,O-,5,24,Low
2024-04-04,East,A+,17,45,Low
2024-04-04,East,A-,9,17,Low
2024-04-04,East,B+,11,45,Low
2024-04-04,East,B-,15,13,Medium
2024-04-04,East,AB+,7,29,Low
2024-04-04,East,AB-,37,9,High
2024-04-04,East,O+,25,23,Medium
2024-04-04,East,O-,40,43,Low
2024-04-04,West,A+,17,42,Low
2024-04-04,West,A-,18,37,Low
2024-04-04,West,B+,30,30,Low
2024-04-04,West,B-,12,17,Low
2024-04-04,West,AB+,18,9,High
2024-04-04,West,AB-,27,23,Medium
2024-04-04,West,O+,16,3,High
2024-04-04,West,O-,30,44,Low
2024-04-04,Central,A+,25,3,High
2024-04-04,Central,A-,29,16,High
2024-04-04,Central,B+,34,17,High
2024-04-04,Central,B-,9,45,Low
2024-04-04,Central,AB+,22,44,Low
2024-04-04,Central,AB-,28,5,High
2024-04-04,Central,O+,9,16,Low
2024-04-04,Central,O-,31,22,Medium
2024-04-05,North,A+,36,9,High
2024-04-05,North,A-,39,39,Low
2024-04-05,North,B+,15,19,Low
2024-04-05,North,B-,11,41,Low
2024-04-05,North,AB+,25,43,Low
2024-04-05,North,AB-,29,11,High
2024-04-05,North,O+,26,14,High
2024-04-05,North,O-,25,45,Low
2024-04-05,South,A+,35,7,High
2024-04-05,South,A-,26,4,High
2024-04-05,South,B+,33,27,Medium
2024-04-05,South,B-,37,43,Low
2024-04-05,South,AB+,19,35,Low
2024-04-05,South,AB-,5,17,Low
2024-04-05,South,O+,6,42,Low
2024-04-05,South,O-,12,22,Low
2024-04-05,East,A+,20,30,Low
2024-04-05,East,A-,20,42,Low
2024-04-05,East,B+,10,6,High
2024-04-05,East,B-,13,26,Low
2024-04-05,East,AB+,36,21,High
2024-04-05,East,AB-,17,12,Medium
2024-04-05,East,O+,29,16,High
2024-04-05,East,O-,7,18,Low
2024-04-05,West,A+,33,24,Medium
2024-04-05,West,A-,13,20,Low
2024-04-05,West,B+,25,44,Low
2024-04-05,West,B-,7,36,Low
2024-04-05,West,AB+,31,44,Low
2024-04-05,West,AB-,23,4,High
2024-04-05,West,O+,19,24,Low
2024-04-05,West,O-,26,18,High
2024-04-05,Central,A+,18,37,Low
2024-04-05,Central,A-,8,45,Low
2024-04-05,Central,B+,20,17,Medium
2024-04-05,Central,B-,29,36,Low
2024-04-05,Central,AB+,25,14,High
2024-04-05,Central,AB-,33,43,Low
2024-04-05,Central,O+,5,7,Low
2024-04-05,Central,O-,36,7,High
2024-04-06,North,A+,17,6,High
2024-04-06,North,A-,14,16,Low
2024-04-06,North,B+,13,8,High
2024-04-06,North,B-,16,40,Low
2024-04-06,North,AB+,40,16,High
2024-04-06,North,AB-,20,35,Low
2024-04-06,North,O+,10,30,Low
2024-04-06,North,O-,34,22,High
2024-04-06,South,A+,15,15,Low
2024-04-06,South,A-,20,30,Low
2024-04-06,South,B+,16,41,Low
2024-04-06,South,B-,20,22,Low
2024-04-06,South,AB+,23,39,Low
2024-04-06,South,AB-,33,43,Low
2024-04-06,South,O+,17,20,Low
2024-04-06,South,O-,35,8,High
2024-04-06,East,A+,28,28,Low
2024-04-06,East,A-,29,13,High
2024-04-06,East,B+,35,31,Medium
2024-04-06,East,B-,32,35,Low
2024-04-06,East,AB+,32,12,High
2024-04-06,East,AB-,35,4,High
2024-04-06,East,O+,29,30,Low
2024-04-06,East,O-,10,22,Low
2024-04-06,West,A+,39,12,High
2024-04-06,West,A-,40,14,High
2024-04-06,West,B+,21,27,Low
2024-04-06,West,B-,34,22,High
2024-04-06,West,AB+,34,21,High
2024-04-06,West,AB-,29,38,Low
2024-04-06,West,O+,35,7,High
2024-04-06,West,O-,26,11,High
2024-04-06,Central,A+,35,15,High
2024-04-06,Central,A-,14,15,Low
2024-04-06,Central,B+,5,3,High
2024-04-06,Central,B-,37,26,Medium
2024-04-06,Central,AB+,36,28,Medium
2024-04-06,Central,AB-,31,28,Medium
2024-04-06,Central,O+,28,27,Medium
2024-04-06,Central,O-,36,22,High
2024-04-07,North,A+,9,29,Low
2024-04-07,North,A-,7,10,Low
2024-04-07,North,B+,29,39,Low
2024-04-07,North,B-,15,15,Low
2024-04-07,North,AB+,32,19,High
2024-04-07,North,AB-,27,35,Low
2024-04-07,North,O+,36,43,Low
2024-04-07,North,O-,28,6,High
2024-04-07,South,A+,29,30,Low
2024-04-07,South,A-,20,18,Medium
2024-04-07,South,B+,35,5,High
2024-04-07,South,B-,28,43,Low
2024-04-07,South,AB+,6,45,Low
2024-04-07,South,AB-,14,19,Low
2024-04-07,South,O+,34,12,High
2024-04-07,South,O-,21,18,Medium
2024-04-07,East,A+,15,3,High
2024-04-07,East,A-,12,8,High
2024-04-07,East,B+,29,28,Medium
2024-04-07,East,B-,10,36,Low
2024-04-07,East,AB+,17,30,Low
2024-04-07,East,AB-,15,30,Low
2024-04-07,East,O+,21,22,Low
2024-04-07,East,O-,37,37,Low
2024-04-07,West,A+,29,40,Low
2024-04-07,West,A-,24,29,Low
2024-04-07,West,B+,10,9,Medium
2024-04-07,West,B-,27,12,High
2024-04-07,West,AB+,22,16,Medium
2024-04-07,West,AB-,30,22,Medium
2024-04-07,West,O+,5,13,Low
2024-04-07,West,O-,36,3,High
2024-04-07,Central,A+,11,7,High
2024-04-07,Central,A-,31,36,Low
2024-04-07,Central,B+,31,44,Low
2024-04-07,Central,B-,23,30,Low
2024-04-07,Central,AB+,15,14,Medium
2024-04-07,Central,AB-,28,14,High
2024-04-07,Central,O+,13,15,Low
2024-04-07,Central,O-,36,14,High
2024-04-08,North,A+,37,10,High
2024-04-08,North,A-,33,39,Low
2024-04-08,North,B+,18,14,Medium
2024-04-08,North,B-,17,6,High
2024-04-08,North,AB+,16,15,Medium
2024-04-08,North,AB-,21,29,Low
2024-04-08,North,O+,33,43,Low
2024-04-08,North,O-,11,43,Low
2024-04-08,South,A+,15,8,High
2024-04-08,South,A-,23,8,High
2024-04-08,South,B+,29,10,High
2024-04-08,South,B-,22,7,High
2024-04-08,South,AB+,26,4,High
2024-04-08,South,AB-,20,33,Low
2024-04-08,South,O+,36,9,High
2024-04-08,South,O-,5,6,Low
2024-04-08,East,A+,22,3,High
2024-04-08,East,A-,7,9,Low
2024-04-08,East,B+,18,36,Low
2024-04-08,East,B-,5,27,Low
2024-04-08,East,AB+,38,20,High
2024-04-08,East,AB-,36,33,Medium
2024-04-08,East,O+,26,41,Low
2024-04-08,East,O-,32,24,Medium
2024-04-08,West,A+,28,24,Medium
2024-04-08,West,A-,25,18,Medium
2024-04-08,West,B+,28,45,Low
2024-04-08,West,B-,30,27,Medium
2024-04-08,West,AB+,8,25,Low
2024-04-08,West,AB-,26,9,High
2024-04-08,West,O+,5,32,Low
2024-04-08,West,O-,30,11,High
2024-04-08,Central,A+,6,41,Low
2024-04-08,Central,A-,12,36,Low
2024-04-08,Central,B+,22,18,Medium
2024-04-08,Central,B-,28,31,Low
2024-04-08,Central,AB+,35,35,Low
2024-04-08,Central,AB-,31,45,Low
2024-04-08,Central,O+,17,3,High
2024-04-08,Central,O-,25,4,High
2024-04-09,North,A+,28,5,High
2024-04-09,North,A-,25,31,Low
2024-04-09,North,B+,19,41,Low
2024-04-09,North,B-,36,28,Medium
2024-04-09,North,AB+,10,25,Low
2024-04-09,North,AB-,32,33,Low
2024-04-09,North,O+,11,27,Low
2024-04-09,North,O-,23,41,Low
2024-04-09,South,A+,17,12,Medium
2024-04-09,South,A-,38,39,Low
2024-04-09,South,B+,37,5,High
2024-04-09,South,B-,13,34,Low
2024-04-09,South,AB+,10,22,Low
2024-04-09,South,AB-,40,32,Medium
2024-04-09,South,O+,15,31,Low
2024-04-09,South,O-,12,33,Low
2024-04-09,East,A+,39,18,High
2024-04-09,East,A-,20,16,Medium
2024-04-09,East,B+,15,45,Low
2024-04-09,East,B-,10,9,Medium
2024-04-09,East,AB+,32,4,High
2024-04-09,East,AB-,15,23,Low
2024-04-09,East,O+,29,20,High
2024-04-09,East,O-,19,19,Low
2024-04-09,West,A+,35,45,Low
2024-04-09,West,A-,12,45,Low
2024-04-09,West,B+,13,37,Low
2024-04-09,West,B-,36,8,High
2024-04-09,West,AB+,26,17,High
2024-04-09,West,AB-,9,44,Low
2024-04-09,West,O+,26,27,Low
2024-04-09,West,O-,29,44,Low
2024-04-09,Central,A+,40,30,Medium
2024-04-09,Central,A-,19,17,Medium
2024-04-09,Central,B+,21,10,High
2024-04-09,Central,B-,23,8,High
2024-04-09,Central,AB+,12,8,High
2024-04-09,Central,AB-,26,40,Low
2024-04-09,Central,O+,17,10,High
2024-04-09,Central,O-,28,11,High
2024-04-10,North,A+,25,27,Low
2024-04-10,North,A-,5,22,Low
2024-04-10,North,B+,8,40,Low
2024-04-10,North,B-,39,15,High
2024-04-10,North,AB+,29,30,Low
2024-04-10,North,AB-,25,26,Low
2024-04-10,North,O+,13,36,Low
2024-04-10,North,O-,19,9,High
2024-04-10,South,A+,30,3,High
2024-04-10,South,A-,39,32,Medium
2024-04-10,South,B+,25,12,High
2024-04-10,South,B-,23,17,Medium
2024-04-10,South,AB+,36,32,Medium
2024-04-10,South,AB-,14,41,Low
2024-04-10,South,O+,23,12,High
2024-04-10,South,O-,7,41,Low
2024-04-10,East,A+,25,22,Medium
2024-04-10,East,A-,37,10,High
2024-04-10,East,B+,22,39,Low
2024-04-10,East,B-,35,43,Low
2024-04-10,East,AB+,18,34,Low
2024-04-10,East,AB-,23,27,Low
2024-04-10,East,O+,8,24,Low
2024-04-10,East,O-,14,16,Low
2024-04-10,West,A+,19,6,High
2024-04-10,West,A-,16,34,Low
2024-04-10,West,B+,30,22,Medium
2024-04-10,West,B-,15,4,High
2024-04-10,West,AB+,40,28,Medium
2024-04-10,West,AB-,26,30,Low
2024-04-10,West,O+,35,25,Medium
2024-04-10,West,O-,30,28,Medium
2024-04-10,Central,A+,9,36,Low
2024-04-10,Central,A-,23,21,Medium
2024-04-10,Central,B+,17,38,Low
2024-04-10,Central,B-,30,9,High
2024-04-10,Central,AB+,13,23,Low
2024-04-10,Central,AB-,8,22,Low
2024-04-10,Central,O+,34,44,Low
2024-04-10,Central,O-,15,39,Low
2024-04-11,North,A+,13,31,Low
2024-04-11,North,A-,35,21,High
2024-04-11,North,B+,14,16,Low
2024-04-11,North,B-,18,15,Medium
2024-04-11,North,AB+,5,26,Low
2024-04-11,North,AB-,11,12,Low
2024-04-11,North,O+,29,30,Low
2024-04-11,North,O-,15,6,High
2024-04-11,South,A+,11,25,Low
2024-04-11,South,A-,35,14,High
2024-04-11,South,B+,8,10,Low
2024-04-11,South,B-,37,44,Low
2024-04-11,South,AB+,26,40,Low
2024-04-11,South,AB-,32,12,High
2024-04-11,South,O+,30,18,High
2024-04-11,South,O-,7,10,Low
2024-04-11,East,A+,20,28,Low
2024-04-11,East,A-,36,22,High
2024-04-11,East,B+,16,44,Low
2024-04-11,East,B-,29,45,Low
2024-04-11,East,AB+,10,32,Low
2024-04-11,East,AB-,29,20,High
2024-04-11,East,O+,33,26,Medium
2024-04-11,East,O-,5,10,Low
2024-04-11,West,A+,12,8,High
2024-04-11,West,A-,12,34,Low
2024-04-11,West,B+,37,17,High
2024-04-11,West,B-,6,40,Low
2024-04-11,West,AB+,35,20,High
2024-04-11,West,AB-,11,40,Low
2024-04-11,West,O+,16,27,Low
2024-04-11,West,O-,35,44,Low
2024-04-11,Central,A+,32,22,High
2024-04-11,Central,A-,13,9,High
2024-04-11,Central,B+,25,7,High
2024-04-11,Central,B-,39,14,High
2024-04-11,Central,AB+,30,4,High
2024-04-11,Central,AB-,30,38,Low
2024-04-11,Central,O+,39,36,Medium
2024-04-11,Central,O-,36,7,High
2024-04-12,North,A+,38,40,Low
2024-04-12,North,A-,39,44,Low
2024-04-12,North,B+,12,16,Low
2024-04-12,North,B-,12,14,Low
2024-04-12,North,AB+,16,3,High
2024-04-12,North,AB-,40,31,Medium
2024-04-12,North,O+,25,10,High
2024-04-12,North,O-,7,11,Low
2024-04-12,South,A+,18,44,Low
2024-04-12,South,A-,15,8,High
2024-04-12,South,B+,40,19,High
2024-04-12,South,B-,7,8,Low
2024-04-12,South,AB+,12,35,Low
2024-04-12,South,AB-,24,26,Low
2024-04-12,South,O+,39,13,High
2024-04-12,South,O-,32,45,Low
2024-04-12,East,A+,5,18,Low
2024-04-12,East,A-,24,5,High
2024-04-12,East,B+,38,21,High
2024-04-12,East,B-,39,31,Medium
2024-04-12,East,AB+,13,39,Low
2024-04-12,East,AB-,36,23,High
2024-04-12,East,O+,38,25,High
2024-04-12,East,O-,39,35,Medium
2024-04-12,West,A+,18,9,High
2024-04-12,West,A-,7,18,Low
2024-04-12,West,B+,7,15,Low
2024-04-12,West,B-,14,22,Low
2024-04-12,West,AB+,18,11,High
2024-04-12,West,AB-,40,16,High
2024-04-12,West,O+,27,20,Medium
2024-04-12,West,O-,13,42,Low
2024-04-12,Central,A+,32,7,High
2024-04-12,Central,A-,40,19,High
2024-04-12,Central,B+,21,27,Low
2024-04-12,Central,B-,15,28,Low
2024-04-12,Central,AB+,34,8,High
2024-04-12,Central,AB-,21,30,Low
2024-04-12,Central,O+,14,37,Low
2024-04-12,Central,O-,18,7,High
2024-04-13,North,A+,22,43,Low
2024-04-13,North,A-,17,26,Low
2024-04-13,North,B+,37,41,Low
2024-04-13,North,B-,15,29,Low
2024-04-13,North,AB+,14,23,Low
2024-04-13,North,AB-,32,27,Medium
2024-04-13,North,O+,6,41,Low
2024-04-13,North,O-,20,7,High
2024-04-13,South,A+,22,10,High
2024-04-13,South,A-,39,10,High
2024-04-13,South,B+,40,29,Medium
2024-04-13,South,B-,9,24,Low
2024-04-13,South,AB+,10,26,Low
2024-04-13,South,AB-,26,20,Medium
2024-04-13,South,O+,14,17,Low
2024-04-13,South,O-,22,3,High
2024-04-13,East,A+,11,27,Low
2024-04-13,East,A-,19,27,Low
2024-04-13,East,B+,11,10,Medium
2024-04-13,East,B-,16,36,Low
2024-04-13,East,AB+,24,40,Low
2024-04-13,East,AB-,36,9,High
2024-04-13,East,O+,38,25,High
2024-04-13,East,O-,23,38,Low
2024-04-13,West,A+,22,41,Low
2024-04-13,West,A-,11,6,High
2024-04-13,West,B+,15,23,Low
2024-04-13,West,B-,29,14,High
2024-04-13,West,AB+,27,37,Low
2024-04-13,West,AB-,40,41,Low
2024-04-13,West,O+,30,33,Low
2024-04-13,West,O-,13,19,Low
2024-04-13,Central,A+,5,35,Low
2024-04-13,Central,A-,14,45,Low
2024-04-13,Central,B+,13,12,Medium
2024-04-13,Central,B-,29,39,Low
2024-04-13,Central,AB+,22,6,High
2024-04-13,Central,AB-,28,18,High
2024-04-13,Central,O+,31,32,Low
2024-04-13,Central,O-,16,31,Low
2024-04-14,North,A+,27,32,Low
2024-04-14,North,A-,37,21,High
2024-04-14,North,B+,22,30,Low
2024-04-14,North,B-,38,17,High
2024-04-14,North,AB+,24,43,Low
2024-04-14,North,AB-,10,22,Low
2024-04-14,North,O+,31,23,Medium
2024-04-14,North,O-,10,43,Low
2024-04-14,South,A+,10,7,Medium
2024-04-14,South,A-,20,8,High
2024-04-14,South,B+,15,39,Low
2024-04-14,South,B-,8,8,Low
2024-04-14,South,AB+,23,38,Low
2024-04-14,South,AB-,36,3,High
2024-04-14,South,O+,32,35,Low
2024-04-14,South,O-,13,33,Low
2024-04-14,East,A+,36,35,Medium
2024-04-14,East,A-,39,10,High
2024-04-14,East,B+,30,3,High
2024-04-14,East,B-,17,3,High
2024-04-14,East,AB+,32,37,Low
2024-04-14,East,AB-,27,18,High
2024-04-14,East,O+,38,41,Low
2024-04-14,East,O-,7,41,Low
2024-04-14,West,A+,33,13,High
2024-04-14,West,A-,38,17,High
2024-04-14,West,B+,16,7,High
2024-04-14,West,B-,28,11,High
2024-04-14,West,AB+,37,25,High
2024-04-14,West,AB-,8,30,Low
2024-04-14,West,O+,36,27,Medium
2024-04-14,West,O-,15,26,Low
2024-04-14,Central,A+,12,24,Low
2024-04-14,Central,A-,20,37,Low
2024-04-14,Central,B+,12,21,Low
2024-04-14,Central,B-,24,33,Low
2024-04-14,Central,AB+,23,19,Medium
2024-04-14,Central,AB-,18,3,High
2024-04-14,Central,O+,30,16,High
2024-04-14,Central,O-,24,44,Low
2024-04-15,North,A+,37,5,High
2024-04-15,North,A-,34,42,Low
2024-04-15,North,B+,36,6,High
2024-04-15,North,B-,27,3,High
2024-04-15,North,AB+,34,24,Medium
2024-04-15,North,AB-,24,25,Low
2024-04-15,North,O+,11,3,High
2024-04-15,North,O-,27,14,High
2024-04-15,South,A+,30,25,Medium
2024-04-15,South,A-,5,9,Low
2024-04-15,South,B+,32,34,Low
2024-04-15,South,B-,17,8,High
2024-04-15,South,AB+,38,35,Medium
2024-04-15,South,AB-,14,29,Low
2024-04-15,South,O+,12,34,Low
2024-04-15,South,O-,5,12,Low
2024-04-15,East,A+,21,17,Medium
2024-04-15,East,A-,35,28,Medium
2024-04-15,East,B+,28,22,Medium
2024-04-15,East,B-,28,30,Low
2024-04-15,East,AB+,16,37,Low
2024-04-15,East,AB-,22,9,High
2024-04-15,East,O+,33,45,Low
2024-04-15,East,O-,33,13,High
2024-04-15,West,A+,13,25,Low
2024-04-15,West,A-,32,3,High
2024-04-15,West,B+,27,15,High
2024-04-15,West,B-,12,15,Low
2024-04-15,West,AB+,23,5,High
2024-04-15,West,AB-,13,28,Low
2024-04-15,West,O+,31,24,Medium
2024-04-15,West,O-,7,13,Low
2024-04-15,Central,A+,17,33,Low
2024-04-15,Central,A-,22,10,High
2024-04-15,Central,B+,31,34,Low
2024-04-15,Central,B-,40,34,Medium
2024-04-15,Central,AB+,13,23,Low
2024-04-15,Central,AB-,30,35,Low
2024-04-15,Central,O+,29,11,High
2024-04-15,Central,O-,12,9,Medium
2024-04-16,North,A+,6,11,Low
2024-04-16,North,A-,14,25,Low
2024-04-16,North,B+,37,3,High
2024-04-16,North,B-,20,6,High
2024-04-16,North,AB+,26,30,Low
2024-04-16,North,AB-,5,30,Low
2024-04-16,North,O+,35,21,High
2024-04-16,North,O-,23,34,Low
2024-04-16,South,A+,10,30,Low
2024-04-16,South,A-,20,42,Low
2024-04-16,South,B+,14,35,Low
2024-04-16,South,B-,16,18,Low
2024-04-16,South,AB+,22,10,High
2024-04-16,South,AB-,21,18,Medium
2024-04-16,South,O+,32,15,High
2024-04-16,South,O-,35,9,High
2024-04-16,East,A+,37,42,Low
2024-04-16,East,A-,16,15,Medium
2024-04-16,East,B+,14,17,Low
2024-04-16,East,B-,12,11,Medium
2024-04-16,East,AB+,30,5,High
2024-04-16,East,AB-,22,15,High
2024-04-16,East,O+,14,30,Low
2024-04-16,East,O-,6,42,Low
2024-04-16,West,A+,17,8,High
2024-04-16,West,A-,8,27,Low
2024-04-16,West,B+,31,36,Low
2024-04-16,West,B-,24,43,Low
2024-04-16,West,AB+,19,17,Medium
2024-04-16,West,AB-,26,30,Low
2024-04-16,West,O+,35,6,High
2024-04-16,West,O-,37,30,Medium
2024-04-16,Central,A+,8,22,Low
2024-04-16,Central,A-,12,20,Low
2024-04-16,Central,B+,28,20,Medium
2024-04-16,Central,B-,27,29,Low
2024-04-16,Central,AB+,20,23,Low
2024-04-16,Central,AB-,8,14,Low
2024-04-16,Central,O+,7,3,High
2024-04-16,Central,O-,8,45,Low
2024-04-17,North,A+,25,16,High
2024-04-17,North,A-,23,33,Low
2024-04-17,North,B+,22,41,Low
2024-04-17,North,B-,11,30,Low
2024-04-17,North,AB+,16,19,Low
2024-04-17,North,AB-,36,26,Medium
2024-04-17,North,O+,26,22,Medium
2024-04-17,North,O-,12,9,Medium
2024-04-17,South,A+,5,38,Low
2024-04-17,South,A-,13,24,Low
2024-04-17,South,B+,28,26,Medium
2024-04-17,South,B-,38,41,Low
2024-04-17,South,AB+,28,18,High
2024-04-17,South,AB-,22,16,Medium
2024-04-17,South,O+,29,8,High
2024-04-17,South,O-,11,11,Low
2024-04-17,East,A+,12,5,High
2024-04-17,East,A-,17,15,Medium
2024-04-17,East,B+,33,9,High
2024-04-17,East,B-,9,37,Low
2024-04-17,East,AB+,26,22,Medium
2024-04-17,East,AB-,35,15,High
2024-04-17,East,O+,39,12,High
2024-04-17,East,O-,7,11,Low
2024-04-17,West,A+,17,29,Low
2024-04-17,West,A-,40,19,High
2024-04-17,West,B+,40,25,High
2024-04-17,West,B-,28,31,Low
2024-04-17,West,AB+,12,30,Low
2024-04-17,West,AB-,9,33,Low
2024-04-17,West,O+,31,36,Low
2024-04-17,West,O-,37,4,High
2024-04-17,Central,A+,15,41,Low
2024-04-17,Central,A-,22,11,High
2024-04-17,Central,B+,23,5,High
2024-04-17,Central,B-,8,15,Low
2024-04-17,Central,AB+,30,34,Low
2024-04-17,Central,AB-,39,35,Medium
2024-04-17,Central,O+,9,13,Low
2024-04-17,Central,O-,33,35,Low
2024-04-18,North,A+,29,38,Low
2024-04-18,North,A-,29,28,Medium
2024-04-18,North,B+,22,16,Medium
2024-04-18,North,B-,16,3,High
2024-04-18,North,AB+,15,39,Low
2024-04-18,North,AB-,18,40,Low
2024-04-18,North,O+,5,35,Low
2024-04-18,North,O-,34,35,Low
2024-04-18,South,A+,38,19,High
2024-04-18,South,A-,24,17,Medium
2024-04-18,South,B+,23,20,Medium
2024-04-18,South,B-,40,10,High
2024-04-18,South,AB+,15,17,Low
2024-04-18,South,AB-,7,37,Low
2024-04-18,South,O+,20,21,Low
2024-04-18,South,O-,7,43,Low
2024-04-18,East,A+,14,20,Low
2024-04-18,East,A-,13,20,Low
2024-04-18,East,B+,8,44,Low
2024-04-18,East,B-,20,16,Medium
2024-04-18,East,AB+,39,10,High
2024-04-18,East,AB-,5,44,Low
2024-04-18,East,O+,27,43,Low
2024-04-18,East,O-,28,23,Medium
2024-04-18,West,A+,10,38,Low
2024-04-18,West,A-,21,11,High
2024-04-18,West,B+,31,42,Low
2024-04-18,West,B-,23,23,Low
2024-04-18,West,AB+,8,43,Low
2024-04-18,West,AB-,5,25,Low
2024-04-18,West,O+,19,20,Low
2024-04-18,West,O-,16,19,Low
2024-04-18,Central,A+,6,37,Low
2024-04-18,Central,A-,11,27,Low
2024-04-18,Central,B+,21,43,Low
2024-04-18,Central,B-,40,16,High
2024-04-18,Central,AB+,33,17,High
2024-04-18,Central,AB-,25,20,Medium
2024-04-18,Central,O+,18,40,Low
2024-04-18,Central,O-,30,12,High
2024-04-19,North,A+,33,17,High
2024-04-19,North,A-,32,26,Medium
2024-04-19,North,B+,14,33,Low
2024-04-19,North,B-,10,34,Low
2024-04-19,North,AB+,16,32,Low
2024-04-19,North,AB-,16,14,Medium
2024-04-19,North,O+,17,39,Low
2024-04-19,North,O-,36,14,High
2024-04-19,South,A+,23,4,High
2024-04-19,South,A-,24,13,High
2024-04-19,South,B+,16,28,Low
2024-04-19,South,B-,17,7,High
2024-04-19,South,AB+,14,7,High
2024-04-19,South,AB-,32,18,High
2024-04-19,South,O+,34,44,Low
2024-04-19,South,O-,30,9,High
2024-04-19,East,A+,38,11,High
2024-04-19,East,A-,5,41,Low
2024-04-19,East,B+,11,27,Low
2024-04-19,East,B-,29,4,High
2024-04-19,East,AB+,12,3,High
2024-04-19,East,AB-,7,11,Low
2024-04-19,East,O+,20,8,High
2024-04-19,East,O-,22,12,High
2024-04-19,West,A+,5,3,High
2024-04-19,West,A-,11,37,Low
2024-04-19,West,B+,26,8,High
2024-04-19,West,B-,17,11,High
2024-04-19,West,AB+,35,39,Low
2024-04-19,West,AB-,33,13,High
2024-04-19,West,O+,24,24,Low
2024-04-19,West,O-,35,12,High
2024-04-19,Central,A+,20,6,High
2024-04-19,Central,A-,39,20,High
2024-04-19,Central,B+,39,10,High
2024-04-19,Central,B-,6,5,Medium
2024-04-19,Central,AB+,11,37,Low
2024-04-19,Central,AB-,23,9,High
2024-04-19,Central,O+,37,29,Medium
2024-04-19,Central,O-,14,3,High
2024-04-20,North,A+,19,4,High
2024-04-20,North,A-,19,30,Low
2024-04-20,North,B+,29,12,High
2024-04-20,North,B-,27,44,Low
2024-04-20,North,AB+,23,17,Medium
2024-04-20,North,AB-,29,10,High
2024-04-20,North,O+,36,13,High
2024-04-20,North,O-,12,17,Low
2024-04-20,South,A+,11,21,Low
2024-04-20,South,A-,27,7,High
2024-04-20,South,B+,26,10,High
2024-04-20,South,B-,28,8,High
2024-04-20,South,AB+,7,41,Low
2024-04-20,South,AB-,14,14,Low
2024-04-20,South,O+,32,36,Low
2024-04-20,South,O-,26,41,Low
2024-04-20,East,A+,16,30,Low
2024-04-20,East,A-,14,45,Low
2024-04-20,East,B+,24,42,Low
2024-04-20,East,B-,23,25,Low
2024-04-20,East,AB+,11,20,Low
2024-04-20,East,AB-,36,45,Low
2024-04-20,East,O+,28,19,High
2024-04-20,East,O-,9,3,High
2024-04-20,West,A+,14,44,Low
2024-04-20,West,A-,14,23,Low
2024-04-20,West,B+,14,27,Low
2024-04-20,West,B-,33,33,Low
2024-04-20,West,AB+,9,10,Low
2024-04-20,West,AB-,32,20,High
2024-04-20,West,O+,14,8,High
2024-04-20,West,O-,25,11,High
2024-04-20,Central,A+,16,27,Low
2024-04-20,Central,A-,27,23,Medium
2024-04-20,Central,B+,36,30,Medium
2024-04-20,Central,B-,35,29,Medium
2024-04-20,Central,AB+,26,11,High
2024-04-20,Central,AB-,20,27,Low
2024-04-20,Central,O+,31,38,Low
2024-04-20,Central,O-,36,37,Low
2024-04-21,North,A+,39,34,Medium
2024-04-21,North,A-,39,37,Medium
2024-04-21,North,B+,19,27,Low
2024-04-21,North,B-,10,40,Low
2024-04-21,North,AB+,31,36,Low
2024-04-21,North,AB-,19,8,High
2024-04-21,North,O+,20,26,Low
2024-04-21,North,O-,5,16,Low
2024-04-21,South,A+,6,26,Low
2024-04-21,South,A-,40,33,Medium
2024-04-21,South,B+,13,10,Medium
2024-04-21,South,B-,8,25,Low
2024-04-21,South,AB+,28,11,High
2024-04-21,South,AB-,23,32,Low
2024-04-21,South,O+,14,38,Low
2024-04-21,South,O-,31,18,High
2024-04-21,East,A+,18,17,Medium
2024-04-21,East,A-,8,11,Low
2024-04-21,East,B+,12,12,Low
2024-04-21,East,B-,29,4,High
2024-04-21,East,AB+,32,26,Medium
2024-04-21,East,AB-,8,9,Low
2024-04-21,East,O+,9,33,Low
2024-04-21,East,O-,15,4,High
2024-04-21,West,A+,14,26,Low
2024-04-21,West,A-,14,8,High
2024-04-21,West,B+,20,7,High
2024-04-21,West,B-,5,39,Low
2024-04-21,West,AB+,31,12,High
2024-04-21,West,AB-,16,33,Low
2024-04-21,West,O+,13,36,Low
2024-04-21,West,O-,24,33,Low
2024-04-21,Central,A+,31,24,Medium
2024-04-21,Central,A-,33,44,Low
2024-04-21,Central,B+,5,21,Low
2024-04-21,Central,B-,12,12,Low
2024-04-21,Central,AB+,8,44,Low
2024-04-21,Central,AB-,7,41,Low
2024-04-21,Central,O+,16,35,Low
2024-04-21,Central,O-,15,3,High
2024-04-22,North,A+,30,30,Low
2024-04-22,North,A-,34,38,Low
2024-04-22,North,B+,21,39,Low
2024-04-22,North,B-,37,22,High
2024-04-22,North,AB+,19,30,Low
2024-04-22,North,AB-,15,20,Low
2024-04-22,North,O+,10,36,Low
2024-04-22,North,O-,29,11,High
2024-04-22,South,A+,18,28,Low
2024-04-22,South,A-,8,17,Low
2024-04-22,South,B+,30,14,High
2024-04-22,South,B-,40,41,Low
2024-04-22,South,AB+,9,32,Low
2024-04-22,South,AB-,35,23,High
2024-04-22,South,O+,30,27,Medium
2024-04-22,South,O-,15,6,High
2024-04-22,East,A+,28,44,Low
2024-04-22,East,A-,32,15,High
2024-04-22,East,B+,22,9,High
2024-04-22,East,B-,11,7,High
2024-04-22,East,AB+,28,41,Low
2024-04-22,East,AB-,26,4,High
2024-04-22,East,O+,20,21,Low
2024-04-22,East,O-,15,37,Low
2024-04-22,West,A+,11,7,High
2024-04-22,West,A-,18,41,Low
2024-04-22,West,B+,5,22,Low
2024-04-22,West,B-,17,38,Low
2024-04-22,West,AB+,17,43,Low
2024-04-22,West,AB-,7,18,Low
2024-04-22,West,O+,22,8,High
2024-04-22,West,O-,7,39,Low
2024-04-22,Central,A+,35,5,High
2024-04-22,Central,A-,8,23,Low
2024-04-22,Central,B+,10,22,Low
2024-04-22,Central,B-,5,25,Low
2024-04-22,Central,AB+,23,28,Low
2024-04-22,Central,AB-,37,15,High
2024-04-22,Central,O+,25,28,Low
2024-04-22,Central,O-,27,11,High
2024-04-23,North,A+,11,24,Low
2024-04-23,North,A-,31,35,Low
2024-04-23,North,B+,11,35,Low
2024-04-23,North,B-,14,4,High
2024-04-23,North,AB+,29,33,Low
2024-04-23,North,AB-,7,21,Low
2024-04-23,North,O+,15,12,Medium
2024-04-23,North,O-,34,8,High
2024-04-23,South,A+,10,17,Low
2024-04-23,South,A-,18,44,Low
2024-04-23,South,B+,14,13,Medium
2024-04-23,South,B-,37,36,Medium
2024-04-23,South,AB+,38,24,High
2024-04-23,South,AB-,33,11,High
2024-04-23,South,O+,26,21,Medium
2024-04-23,South,O-,28,42,Low
2024-04-23,East,A+,32,5,High
2024-04-23,East,A-,29,18,High
2024-04-23,East,B+,18,42,Low
2024-04-23,East,B-,9,12,Low
2024-04-23,East,AB+,36,9,High
2024-04-23,East,AB-,5,12,Low
2024-04-23,East,O+,24,38,Low
2024-04-23,East,O-,10,34,Low
2024-04-23,West,A+,11,32,Low
2024-04-23,West,A-,25,13,High
2024-04-23,West,B+,23,13,High
2024-04-23,West,B-,9,20,Low
2024-04-23,West,AB+,28,25,Medium
2024-04-23,West,AB-,10,7,Medium
2024-04-23,West,O+,16,32,Low
2024-04-23,West,O-,21,33,Low
2024-04-23,Central,A+,21,31,Low
2024-04-23,Central,A-,13,10,Medium
2024-04-23,Central,B+,36,5,High
2024-04-23,Central,B-,28,21,Medium
2024-04-23,Central,AB+,30,29,Medium
2024-04-23,Central,AB-,13,31,Low
2024-04-23,Central,O+,28,35,Low
2024-04-23,Central,O-,25,26,Low
2024-04-24,North,A+,10,29,Low
2024-04-24,North,A-,37,31,Medium
2024-04-24,North,B+,21,5,High
2024-04-24,North,B-,8,18,Low
2024-04-24,North,AB+,40,3,High
2024-04-24,North,AB-,14,9,High
2024-04-24,North,O+,23,27,Low
2024-04-24,North,O-,15,39,Low
2024-04-24,South,A+,30,7,High
2024-04-24,South,A-,19,27,Low
2024-04-24,South,B+,34,45,Low
2024-04-24,South,B-,10,25,Low
2024-04-24,South,AB+,34,32,Medium
2024-04-24,South,AB-,39,32,Medium
2024-04-24,South,O+,11,8,Medium
2024-04-24,South,O-,16,9,High
2024-04-24,East,A+,30,30,Low
2024-04-24,East,A-,17,28,Low
2024-04-24,East,B+,26,7,High
2024-04-24,East,B-,25,24,Medium
2024-04-24,East,AB+,36,16,High
2024-04-24,East,AB-,35,10,High
2024-04-24,East,O+,22,32,Low
2024-04-24,East,O-,7,37,Low
2024-04-24,West,A+,14,33,Low
2024-04-24,West,A-,14,43,Low
2024-04-24,West,B+,18,23,Low
2024-04-24,West,B-,7,41,Low
2024-04-24,West,AB+,29,6,High
2024-04-24,West,AB-,28,30,Low
2024-04-24,West,O+,35,16,High
2024-04-24,West,O-,8,16,Low
2024-04-24,Central,A+,6,30,Low
2024-04-24,Central,A-,22,19,Medium
2024-04-24,Central,B+,16,8,High
2024-04-24,Central,B-,14,7,High
2024-04-24,Central,AB+,22,28,Low
2024-04-24,Central,AB-,10,22,Low
2024-04-24,Central,O+,33,29,Medium
2024-04-24,Central,O-,38,16,High
2024-04-25,North,A+,21,14,High
2024-04-25,North,A-,8,8,Low
2024-04-25,North,B+,32,24,Medium
2024-04-25,North,B-,24,13,High
2024-04-25,North,AB+,17,25,Low
2024-04-25,North,AB-,31,33,Low
2024-04-25,North,O+,35,37,Low
2024-04-25,North,O-,15,30,Low
2024-04-25,South,A+,27,39,Low
2024-04-25,South,A-,29,3,High
2024-04-25,South,B+,40,41,Low
2024-04-25,South,B-,17,7,High
2024-04-25,South,AB+,14,23,Low
2024-04-25,South,AB-,25,3,High
2024-04-25,South,O+,14,32,Low
2024-04-25,South,O-,14,34,Low
2024-04-25,East,A+,25,10,High
2024-04-25,East,A-,31,19,High
2024-04-25,East,B+,38,3,High
2024-04-25,East,B-,33,11,High
2024-04-25,East,AB+,33,43,Low
2024-04-25,East,AB-,11,5,High
2024-04-25,East,O+,18,15,Medium
2024-04-25,East,O-,31,37,Low
2024-04-25,West,A+,15,41,Low
2024-04-25,West,A-,29,16,High
2024-04-25,West,B+,27,16,High
2024-04-25,West,B-,17,39,Low
2024-04-25,West,AB+,5,26,Low
2024-04-25,West,AB-,28,4,High
2024-04-25,West,O+,24,22,Medium
2024-04-25,West,O-,37,10,High
2024-04-25,Central,A+,36,44,Low
2024-04-25,Central,A-,34,29,Medium
2024-04-25,Central,B+,31,25,Medium
2024-04-25,Central,B-,27,37,Low
2024-04-25,Central,AB+,32,36,Low
2024-04-25,Central,AB-,26,10,High
2024-04-25,Central,O+,16,32,Low
2024-04-25,Central,O-,32,26,Medium
2024-04-26,North,A+,16,38,Low
2024-04-26,North,A-,15,37,Low
2024-04-26,North,B+,32,27,Medium
2024-04-26,North,B-,23,45,Low
2024-04-26,North,AB+,32,43,Low
2024-04-26,North,AB-,23,42,Low
2024-04-26,North,O+,11,8,Medium
2024-04-26,North,O-,11,8,Medium
2024-04-26,South,A+,6,42,Low
2024-04-26,South,A-,31,9,High
2024-04-26,South,B+,36,42,Low
2024-04-26,South,B-,39,9,High
2024-04-26,South,AB+,33,35,Low
2024-04-26,South,AB-,7,45,Low
2024-04-26,South,O+,23,29,Low
2024-04-26,South,O-,18,17,Medium
2024-04-26,East,A+,34,38,Low
2024-04-26,East,A-,29,10,High
2024-04-26,East,B+,17,33,Low
2024-04-26,East,B-,12,25,Low
2024-04-26,East,AB+,34,29,Medium
2024-04-26,East,AB-,30,3,High
2024-04-26,East,O+,28,17,High
2024-04-26,East,O-,37,21,High
2024-04-26,West,A+,22,45,Low
2024-04-26,West,A-,21,22,Low
2024-04-26,West,B+,31,18,High
2024-04-26,West,B-,5,29,Low
2024-04-26,West,AB+,7,3,High
2024-04-26,West,AB-,6,12,Low
2024-04-26,West,O+,28,36,Low
2024-04-26,West,O-,25,24,Medium
2024-04-26,Central,A+,15,39,Low
2024-04-26,Central,A-,32,18,High
2024-04-26,Central,B+,40,28,Medium
2024-04-26,Central,B-,17,42,Low
2024-04-26,Central,AB+,30,6,High
2024-04-26,Central,AB-,32,11,High
2024-04-26,Central,O+,29,14,High
2024-04-26,Central,O-,30,23,Medium
2024-04-27,North,A+,38,13,High
2024-04-27,North,A-,32,17,High
2024-04-27,North,B+,11,11,Low
2024-04-27,North,B-,37,10,High
2024-04-27,North,AB+,30,43,Low
2024-04-27,North,AB-,21,38,Low
2024-04-27,North,O+,15,23,Low
2024-04-27,North,O-,18,8,High
2024-04-27,South,A+,10,4,High
2024-04-27,South,A-,32,3,High
2024-04-27,South,B+,14,4,High
2024-04-27,South,B-,39,8,High
2024-04-27,South,AB+,29,4,High
2024-04-27,South,AB-,13,32,Low
2024-04-27,South,O+,27,14,High
2024-04-27,South,O-,20,44,Low
2024-04-27,East,A+,19,22,Low
2024-04-27,East,A-,17,37,Low
2024-04-27,East,B+,20,27,Low
2024-04-27,East,B-,21,45,Low
2024-04-27,East,AB+,8,20,Low
2024-04-27,East,AB-,10,12,Low
2024-04-27,East,O+,6,43,Low
2024-04-27,East,O-,11,10,Medium
2024-04-27,West,A+,34,41,Low
2024-04-27,West,A-,12,9,Medium
2024-04-27,West,B+,14,21,Low
2024-04-27,West,B-,21,14,High
2024-04-27,West,AB+,10,7,Medium
2024-04-27,West,AB-,36,26,Medium
2024-04-27,West,O+,18,28,Low
2024-04-27,West,O-,11,34,Low
2024-04-27,Central,A+,6,29,Low
2024-04-27,Central,A-,9,34,Low
2024-04-27,Central,B+,9,16,Low
2024-04-27,Central,B-,31,27,Medium
2024-04-27,Central,AB+,25,43,Low
2024-04-27,Central,AB-,33,13,High
2024-04-27,Central,O+,16,22,Low
2024-04-27,Central,O-,5,14,Low
2024-04-28,North,A+,7,10,Low
2024-04-28,North,A-,26,25,Medium
2024-04-28,North,B+,35,42,Low
2024-04-28,North,B-,39,3,High
2024-04-28,North,AB+,15,36,Low
2024-04-28,North,AB-,21,10,High
2024-04-28,North,O+,17,41,Low
2024-04-28,North,O-,6,37,Low
2024-04-28,South,A+,6,36,Low
2024-04-28,South,A-,37,12,High
2024-04-28,South,B+,18,26,Low
2024-04-28,South,B-,12,16,Low
2024-04-28,South,AB+,6,23,Low
2024-04-28,South,AB-,13,17,Low
2024-04-28,South,O+,10,11,Low
2024-04-28,South,O-,22,20,Medium
2024-04-28,East,A+,35,15,High
2024-04-28,East,A-,10,25,Low
2024-04-28,East,B+,40,44,Low
2024-04-28,East,B-,23,32,Low
2024-04-28,East,AB+,36,30,Medium
2024-04-28,East,AB-,37,28,Medium
2024-04-28,East,O+,17,19,Low
2024-04-28,East,O-,16,15,Medium
2024-04-28,West,A+,22,28,Low
2024-04-28,West,A-,11,40,Low
2024-04-28,West,B+,24,13,High
2024-04-28,West,B-,18,34,Low
2024-04-28,West,AB+,32,31,Medium
2024-04-28,West,AB-,32,41,Low
2024-04-28,West,O+,22,23,Low
2024-04-28,West,O-,11,41,Low
2024-04-28,Central,A+,29,30,Low
2024-04-28,Central,A-,17,39,Low
2024-04-28,Central,B+,27,26,Medium
2024-04-28,Central,B-,9,31,Low
2024-04-28,Central,AB+,15,5,High
2024-04-28,Central,AB-,37,19,High
2024-04-28,Central,O+,31,21,High
2024-04-28,Central,O-,38,25,High
2024-04-29,North,A+,30,4,High
2024-04-29,North,A-,12,14,Low
2024-04-29,North,B+,25,30,Low
2024-04-29,North,B-,16,25,Low
2024-04-29,North,AB+,20,7,High
2024-04-29,North,AB-,18,45,Low
2024-04-29,North,O+,28,26,Medium
2024-04-29,North,O-,14,23,Low
2024-04-29,South,A+,12,3,High
2024-04-29,South,A-,25,3,High
2024-04-29,South,B+,26,16,High
2024-04-29,South,B-,34,39,Low
2024-04-29,South,AB+,25,17,High
2024-04-29,South,AB-,40,7,High
2024-04-29,South,O+,29,21,Medium
2024-04-29,South,O-,18,36,Low
2024-04-29,East,A+,18,9,High
2024-04-29,East,A-,40,20,High
2024-04-29,East,B+,9,39,Low
2024-04-29,East,B-,31,30,Medium
2024-04-29,East,AB+,25,23,Medium
2024-04-29,East,AB-,17,15,Medium
2024-04-29,East,O+,8,34,Low
2024-04-29,East,O-,36,5,High
2024-04-29,West,A+,22,29,Low
2024-04-29,West,A-,12,10,Medium
2024-04-29,West,B+,33,13,High
2024-04-29,West,B-,25,40,Low
2024-04-29,West,AB+,29,18,High
2024-04-29,West,AB-,6,21,Low
2024-04-29,West,O+,6,44,Low
2024-04-29,West,O-,5,32,Low
2024-04-29,Central,A+,23,11,High
2024-04-29,Central,A-,30,5,High
2024-04-29,Central,B+,39,36,Medium
2024-04-29,Central,B-,7,24,Low
2024-04-29,Central,AB+,6,7,Low
2024-04-29,Central,AB-,35,9,High
2024-04-29,Central,O+,31,22,Medium
2024-04-29,Central,O-,22,23,Low
2024-04-30,North,A+,27,28,Low
2024-04-30,North,A-,10,38,Low
2024-04-30,North,B+,25,34,Low
2024-04-30,North,B-,8,28,Low
2024-04-30,North,AB+,24,32,Low
2024-04-30,North,AB-,36,44,Low
2024-04-30,North,O+,12,26,Low
2024-04-30,North,O-,11,4,High
2024-04-30,South,A+,19,6,High
2024-04-30,South,A-,5,11,Low
2024-04-30,South,B+,11,23,Low
2024-04-30,South,B-,32,17,High
2024-04-30,South,AB+,15,8,High
2024-04-30,South,AB-,17,26,Low
2024-04-30,South,O+,39,3,High
2024-04-30,South,O-,8,19,Low
2024-04-30,East,A+,7,10,Low
2024-04-30,East,A-,8,22,Low
2024-04-30,East,B+,9,19,Low
2024-04-30,East,B-,26,42,Low
2024-04-30,East,AB+,29,20,High
2024-04-30,East,AB-,15,11,Medium
2024-04-30,East,O+,34,10,High
2024-04-30,East,O-,13,23,Low
2024-04-30,West,A+,14,40,Low
2024-04-30,West,A-,31,43,Low
2024-04-30,West,B+,33,45,Low
2024-04-30,West,B-,12,36,Low
2024-04-30,West,AB+,38,18,High
2024-04-30,West,AB-,35,45,Low
2024-04-30,West,O+,36,20,High
2024-04-30,West,O-,25,33,Low
2024-04-30,Central,A+,19,8,High
2024-04-30,Central,A-,21,21,Low
2024-04-30,Central,B+,10,25,Low
2024-04-30,Central,B-,40,18,High
2024-04-30,Central,AB+,18,7,High
2024-04-30,Central,AB-,9,34,Low
2024-04-30,Central,O+,8,16,Low
2024-04-30,Central,O-,5,45,Low
2024-05-01,North,A+,18,32,Low
2024-05-01,North,A-,29,15,High
2024-05-01,North,B+,36,9,High
2024-05-01,North,B-,26,16,High
2024-05-01,North,AB+,38,35,Medium
2024-05-01,North,AB-,25,22,Medium
2024-05-01,North,O+,34,44,Low
2024-05-01,North,O-,14,35,Low
2024-05-01,South,A+,11,11,Low
2024-05-01,South,A-,19,26,Low
2024-05-01,South,B+,29,31,Low
2024-05-01,South,B-,37,15,High
2024-05-01,South,AB+,30,15,High
2024-05-01,South,AB-,9,20,Low
2024-05-01,South,O+,32,13,High
2024-05-01,South,O-,24,39,Low
2024-05-01,East,A+,11,12,Low
2024-05-01,East,A-,34,9,High
2024-05-01,East,B+,12,18,Low
2024-05-01,East,B-,6,32,Low
2024-05-01,East,AB+,16,20,Low
2024-05-01,East,AB-,6,33,Low
2024-05-01,East,O+,38,31,Medium
2024-05-01,East,O-,27,19,Medium
2024-05-01,West,A+,12,38,Low
2024-05-01,West,A-,10,25,Low
2024-05-01,West,B+,32,16,High
2024-05-01,West,B-,14,28,Low
2024-05-01,West,AB+,37,30,Medium
2024-05-01,West,AB-,37,24,High
2024-05-01,West,O+,8,31,Low
2024-05-01,West,O-,22,26,Low
2024-05-01,Central,A+,11,6,High
2024-05-01,Central,A-,29,30,Low
2024-05-01,Central,B+,17,21,Low
2024-05-01,Central,B-,17,28,Low
2024-05-01,Central,AB+,16,41,Low
2024-05-01,Central,AB-,22,36,Low
2024-05-01,Central,O+,36,36,Low
2024-05-01,Central,O-,32,9,High
2024-05-02,North,A+,8,44,Low
2024-05-02,North,A-,20,10,High
2024-05-02,North,B+,19,10,High
2024-05-02,North,B-,8,5,High
2024-05-02,North,AB+,22,18,Medium
2024-05-02,North,AB-,9,37,Low
2024-05-02,North,O+,11,20,Low
2024-05-02,North,O-,19,42,Low
2024-05-02,South,A+,30,28,Medium
2024-05-02,South,A-,30,9,High
2024-05-02,South,B+,19,20,Low
2024-05-02,South,B-,36,16,High
2024-05-02,South,AB+,15,16,Low
2024-05-02,South,AB-,27,43,Low
2024-05-02,South,O+,23,41,Low
2024-05-02,South,O-,23,3,High
2024-05-02,East,A+,11,14,Low
2024-05-02,East,A-,37,42,Low
2024-05-02,East,B+,35,22,High
2024-05-02,East,B-,20,13,High
2024-05-02,East,AB+,25,7,High
2024-05-02,East,AB-,15,14,Medium
2024-05-02,East,O+,26,32,Low
2024-05-02,East,O-,14,3,High
2024-05-02,West,A+,35,30,Medium
2024-05-02,West,A-,26,4,High
2024-05-02,West,B+,16,19,Low
2024-05-02,West,B-,9,13,Low
2024-05-02,West,AB+,5,41,Low
2024-05-02,West,AB-,27,33,Low
2024-05-02,West,O+,5,34,Low
2024-05-02,West,O-,20,33,Low
2024-05-02,Central,A+,12,5,High
2024-05-02,Central,A-,6,39,Low
2024-05-02,Central,B+,23,17,Medium
2024-05-02,Central,B-,38,35,Medium
2024-05-02,Central,AB+,15,12,Medium
2024-05-02,Central,AB-,11,9,Medium
2024-05-02,Central,O+,24,24,Low
2024-05-02,Central,O-,33,34,Low
2024-05-03,North,A+,27,37,Low
2024-05-03,North,A-,21,45,Low
2024-05-03,North,B+,36,19,High
2024-05-03,North,B-,28,32,Low
2024-05-03,North,AB+,5,25,Low
2024-05-03,North,AB-,24,24,Low
2024-05-03,North,O+,38,45,Low
2024-05-03,North,O-,35,10,High
2024-05-03,South,A+,22,36,Low
2024-05-03,South,A-,6,12,Low
2024-05-03,South,B+,31,17,High
2024-05-03,South,B-,14,25,Low
2024-05-03,South,AB+,36,4,High
2024-05-03,South,AB-,20,39,Low
2024-05-03,South,O+,32,26,Medium
2024-05-03,South,O-,18,8,High
2024-05-03,East,A+,17,27,Low
2024-05-03,East,A-,11,20,Low
2024-05-03,East,B+,39,31,Medium
2024-05-03,East,B-,38,14,High
2024-05-03,East,AB+,21,25,Low
2024-05-03,East,AB-,26,28,Low
2024-05-03,East,O+,31,20,High
2024-05-03,East,O-,24,15,High
2024-05-03,West,A+,7,40,Low
2024-05-03,West,A-,38,24,High
2024-05-03,West,B+,12,30,Low
2024-05-03,West,B-,34,39,Low
2024-05-03,West,AB+,27,21,Medium
2024-05-03,West,AB-,12,3,High
2024-05-03,West,O+,36,12,High
2024-05-03,West,O-,34,12,High
2024-05-03,Central,A+,38,21,High
2024-05-03,Central,A-,40,45,Low
2024-05-03,Central,B+,15,22,Low
2024-05-03,Central,B-,36,21,High
2024-05-03,Central,AB+,9,21,Low
2024-05-03,Central,AB-,5,32,Low
2024-05-03,Central,O+,7,16,Low
2024-05-03,Central,O-,23,40,Low
2024-05-04,North,A+,12,6,High
2024-05-04,North,A-,36,22,High
2024-05-04,North,B+,5,30,Low
2024-05-04,North,B-,27,45,Low
2024-05-04,North,AB+,5,6,Low
2024-05-04,North,AB-,21,11,High
2024-05-04,North,O+,27,21,Medium
2024-05-04,North,O-,37,45,Low
2024-05-04,South,A+,40,12,High
2024-05-04,South,A-,10,20,Low
2024-05-04,South,B+,14,15,Low
2024-05-04,South,B-,32,40,Low
2024-05-04,South,AB+,10,21,Low
2024-05-04,South,AB-,19,5,High
2024-05-04,South,O+,35,25,Medium
2024-05-04,South,O-,20,43,Low
2024-05-04,East,A+,29,30,Low
2024-05-04,East,A-,30,9,High
2024-05-04,East,B+,21,22,Low
2024-05-04,East,B-,24,14,High
2024-05-04,East,AB+,32,23,Medium
2024-05-04,East,AB-,13,15,Low
2024-05-04,East,O+,21,11,High
2024-05-04,East,O-,31,38,Low
2024-05-04,West,A+,17,22,Low
2024-05-04,West,A-,24,8,High
2024-05-04,West,B+,24,39,Low
2024-05-04,West,B-,34,37,Low
2024-05-04,West,AB+,16,27,Low
2024-05-04,West,AB-,32,9,High
2024-05-04,West,O+,13,36,Low
2024-05-04,West,O-,33,23,High
2024-05-04,Central,A+,37,25,High
2024-05-04,Central,A-,34,25,Medium
2024-05-04,Central,B+,32,32,Low
2024-05-04,Central,B-,31,29,Medium
2024-05-04,Central,AB+,34,4,High
2024-05-04,Central,AB-,40,4,High
2024-05-04,Central,O+,31,8,High
2024-05-04,Central,O-,13,42,Low
2024-05-05,North,A+,24,18,Medium
2024-05-05,North,A-,37,26,Medium
2024-05-05,North,B+,13,42,Low
2024-05-05,North,B-,39,39,Low
2024-05-05,North,AB+,23,6,High
2024-05-05,North,AB-,30,11,High
2024-05-05,North,O+,30,45,Low
2024-05-05,North,O-,5,32,Low
2024-05-05,South,A+,38,32,Medium
2024-05-05,South,A-,8,8,Low
2024-05-05,South,B+,8,20,Low
2024-05-05,South,B-,11,24,Low
2024-05-05,South,AB+,11,21,Low
2024-05-05,South,AB-,35,24,High
2024-05-05,South,O+,8,10,Low
2024-05-05,South,O-,37,6,High
2024-05-05,East,A+,18,36,Low
2024-05-05,East,A-,14,38,Low
2024-05-05,East,B+,36,11,High
2024-05-05,East,B-,19,43,Low
2024-05-05,East,AB+,14,22,Low
2024-05-05,East,AB-,24,3,High
2024-05-05,East,O+,36,42,Low
2024-05-05,East,O-,17,10,High
2024-05-05,West,A+,9,3,High
2024-05-05,West,A-,14,41,Low
2024-05-05,West,B+,12,36,Low
2024-05-05,West,B-,11,18,Low
2024-05-05,West,AB+,18,9,High
2024-05-05,West,AB-,35,4,High
2024-05-05,West,O+,37,31,Medium
2024-05-05,West,O-,30,6,High
2024-05-05,Central,A+,12,22,Low
2024-05-05,Central,A-,30,33,Low
2024-05-05,Central,B+,16,18,Low
2024-05-05,Central,B-,39,19,High
2024-05-05,Central,AB+,33,45,Low
2024-05-05,Central,AB-,12,30,Low
2024-05-05,Central,O+,14,43,Low
2024-05-05,Central,O-,6,14,Low
2024-05-06,North,A+,14,45,Low
2024-05-06,North,A-,20,13,High
2024-05-06,North,B+,37,37,Low
2024-05-06,North,B-,17,33,Low
2024-05-06,North,AB+,35,21,High
2024-05-06,North,AB-,23,45,Low
2024-05-06,North,O+,11,40,Low
2024-05-06,North,O-,36,26,Medium
2024-05-06,South,A+,22,28,Low
2024-05-06,South,A-,29,9,High
2024-05-06,South,B+,34,29,Medium
2024-05-06,South,B-,32,12,High
2024-05-06,South,AB+,6,21,Low
2024-05-06,South,AB-,34,10,High
2024-05-06,South,O+,29,3,High
2024-05-06,South,O-,24,5,High
2024-05-06,East,A+,33,5,High
2024-05-06,East,A-,27,11,High
2024-05-06,East,B+,34,32,Medium
2024-05-06,East,B-,22,3,High
2024-05-06,East,AB+,15,25,Low
2024-05-06,East,AB-,37,35,Medium
2024-05-06,East,O+,18,25,Low
2024-05-06,East,O-,38,27,Medium
2024-05-06,West,A+,37,7,High
2024-05-06,West,A-,16,44,Low
2024-05-06,West,B+,14,25,Low
2024-05-06,West,B-,26,32,Low
2024-05-06,West,AB+,13,20,Low
2024-05-06,West,AB-,24,28,Low
2024-05-06,West,O+,9,44,Low
2024-05-06,West,O-,35,27,Medium
2024-05-06,Central,A+,35,41,Low
2024-05-06,Central,A-,16,39,Low
2024-05-06,Central,B+,37,45,Low
2024-05-06,Central,B-,38,19,High
2024-05-06,Central,AB+,13,23,Low
2024-05-06,Central,AB-,27,40,Low
2024-05-06,Central,O+,30,7,High
2024-05-06,Central,O-,7,4,High
2024-05-07,North,A+,15,17,Low
2024-05-07,North,A-,11,45,Low
2024-05-07,North,B+,11,34,Low
2024-05-07,North,B-,35,23,High
2024-05-07,North,AB+,19,18,Medium
2024-05-07,North,AB-,11,14,Low
2024-05-07,North,O+,29,29,Low
2024-05-07,North,O-,9,6,High
2024-05-07,South,A+,21,10,High
2024-05-07,South,A-,7,7,Low
2024-05-07,South,B+,33,26,Medium
2024-05-07,South,B-,6,14,Low
2024-05-07,South,AB+,25,9,High
2024-05-07,South,AB-,33,27,Medium
2024-05-07,South,O+,13,43,Low
2024-05-07,South,O-,40,15,High
2024-05-07,East,A+,17,19,Low
2024-05-07,East,A-,36,31,Medium
2024-05-07,East,B+,23,17,Medium
2024-05-07,East,B-,17,13,Medium
2024-05-07,East,AB+,32,36,Low
2024-05-07,East,AB-,17,8,High
2024-05-07,East,O+,6,43,Low
2024-05-07,East,O-,11,16,Low
2024-05-07,West,A+,7,11,Low
2024-05-07,West,A-,5,26,Low
2024-05-07,West,B+,31,39,Low
2024-05-07,West,B-,39,7,High
2024-05-07,West,AB+,26,14,High
2024-05-07,West,AB-,38,34,Medium
2024-05-07,West,O+,17,16,Medium
2024-05-07,West,O-,35,35,Low
2024-05-07,Central,A+,27,25,Medium
2024-05-07,Central,A-,40,11,High
2024-05-07,Central,B+,9,31,Low
2024-05-07,Central,B-,32,43,Low
2024-05-07,Central,AB+,29,7,High
2024-05-07,Central,AB-,10,11,Low
2024-05-07,Central,O+,38,22,High
2024-05-07,Central,O-,11,10,Medium
2024-05-08,North,A+,36,17,High
2024-05-08,North,A-,8,41,Low
2024-05-08,North,B+,39,24,High
2024-05-08,North,B-,6,17,Low
2024-05-08,North,AB+,23,19,Medium
2024-05-08,North,AB-,29,25,Medium
2024-05-08,North,O+,9,13,Low
2024-05-08,North,O-,23,7,High
2024-05-08,South,A+,39,39,Low
2024-05-08,South,A-,20,36,Low
2024-05-08,South,B+,37,22,High
2024-05-08,South,B-,30,42,Low
2024-05-08,South,AB+,8,37,Low
2024-05-08,South,AB-,12,40,Low
2024-05-08,South,O+,35,19,High
2024-05-08,South,O-,6,5,Medium
2024-05-08,East,A+,26,29,Low
2024-05-08,East,A-,21,15,Medium
2024-05-08,East,B+,26,6,High
2024-05-08,East,B-,13,16,Low
2024-05-08,East,AB+,40,24,High
2024-05-08,East,AB-,8,18,Low
2024-05-08,East,O+,36,7,High
2024-05-08,East,O-,7,25,Low
2024-05-08,West,A+,9,29,Low
2024-05-08,West,A-,10,38,Low
2024-05-08,West,B+,35,11,High
2024-05-08,West,B-,22,5,High
2024-05-08,West,AB+,11,5,High
2024-05-08,West,AB-,36,35,Medium
2024-05-08,West,O+,19,44,Low
2024-05-08,West,O-,27,30,Low
2024-05-08,Central,A+,35,22,High
2024-05-08,Central,A-,19,4,High
2024-05-08,Central,B+,8,4,High
2024-05-08,Central,B-,17,37,Low
2024-05-08,Central,AB+,29,4,High
2024-05-08,Central,AB-,40,33,Medium
2024-05-08,Central,O+,8,27,Low
2024-05-08,Central,O-,29,11,High
2024-05-09,North,A+,32,30,Medium
2024-05-09,North,A-,40,11,High
2024-05-09,North,B+,12,31,Low
2024-05-09,North,B-,12,42,Low
2024-05-09,North,AB+,28,25,Medium
2024-05-09,North,AB-,17,24,Low
2024-05-09,North,O+,32,6,High
2024-05-09,North,O-,20,17,Medium
2024-05-09,South,A+,10,40,Low
2024-05-09,South,A-,5,17,Low
2024-05-09,South,B+,31,37,Low
2024-05-09,South,B-,7,3,High
2024-05-09,South,AB+,20,6,High
2024-05-09,South,AB-,9,6,High
2024-05-09,South,O+,13,31,Low
2024-05-09,South,O-,16,21,Low
2024-05-09,East,A+,7,23,Low
2024-05-09,East,A-,27,41,Low
2024-05-09,East,B+,20,21,Low
2024-05-09,East,B-,13,41,Low
2024-05-09,East,AB+,30,33,Low
2024-05-09,East,AB-,12,45,Low
2024-05-09,East,O+,9,7,Medium
2024-05-09,East,O-,21,37,Low
2024-05-09,West,A+,18,34,Low
2024-05-09,West,A-,27,17,High
2024-05-09,West,B+,33,22,High
2024-05-09,West,B-,28,38,Low
2024-05-09,West,AB+,23,44,Low
2024-05-09,West,AB-,20,36,Low
2024-05-09,West,O+,22,23,Low
2024-05-09,West,O-,39,35,Medium
2024-05-09,Central,A+,11,6,High
2024-05-09,Central,A-,27,29,Low
2024-05-09,Central,B+,36,20,High
2024-05-09,Central,B-,10,16,Low
2024-05-09,Central,AB+,13,36,Low
2024-05-09,Central,AB-,19,22,Low
2024-05-09,Central,O+,40,16,High
2024-05-09,Central,O-,12,26,Low
2024-05-10,North,A+,14,5,High
2024-05-10,North,A-,20,31,Low
2024-05-10,North,B+,34,10,High
2024-05-10,North,B-,6,34,Low
2024-05-10,North,AB+,7,20,Low
2024-05-10,North,AB-,22,40,Low
2024-05-10,North,O+,29,22,Medium
2024-05-10,North,O-,10,6,High
2024-05-10,South,A+,22,42,Low
2024-05-10,South,A-,29,34,Low
2024-05-10,South,B+,6,27,Low
2024-05-10,South,B-,29,31,Low
2024-05-10,South,AB+,7,17,Low
2024-05-10,South,AB-,18,27,Low
2024-05-10,South,O+,16,45,Low
2024-05-10,South,O-,32,37,Low
2024-05-10,East,A+,8,45,Low
2024-05-10,East,A-,24,5,High
2024-05-10,East,B+,39,25,High
2024-05-10,East,B-,6,41,Low
2024-05-10,East,AB+,26,19,Medium
2024-05-10,East,AB-,18,4,High
2024-05-10,East,O+,26,42,Low
2024-05-10,East,O-,32,30,Medium
2024-05-10,West,A+,8,9,Low
2024-05-10,West,A-,40,27,High
2024-05-10,West,B+,23,37,Low
2024-05-10,West,B-,34,30,Medium
2024-05-10,West,AB+,38,19,High
2024-05-10,West,AB-,15,27,Low
2024-05-10,West,O+,34,18,High
2024-05-10,West,O-,13,3,High
2024-05-10,Central,A+,22,20,Medium
2024-05-10,Central,A-,10,18,Low
2024-05-10,Central,B+,39,21,High
2024-05-10,Central,B-,26,39,Low
2024-05-10,Central,AB+,30,5,High
2024-05-10,Central,AB-,22,26,Low
2024-05-10,Central,O+,22,45,Low
2024-05-10,Central,O-,21,44,Low
2024-05-11,North,A+,5,10,Low
2024-05-11,North,A-,24,39,Low
2024-05-11,North,B+,25,19,Medium
2024-05-11,North,B-,16,31,Low
2024-05-11,North,AB+,34,4,High
2024-05-11,North,AB-,33,3,High
2024-05-11,North,O+,34,5,High
2024-05-11,North,O-,27,33,Low
2024-05-11,South,A+,40,16,High
2024-05-11,South,A-,31,6,High
2024-05-11,South,B+,10,20,Low
2024-05-11,South,B-,40,23,High
2024-05-11,South,AB+,9,31,Low
2024-05-11,South,AB-,16,19,Low
2024-05-11,South,O+,22,19,Medium
2024-05-11,South,O-,36,11,High
2024-05-11,East,A+,19,43,Low
2024-05-11,East,A-,16,12,Medium
2024-05-11,East,B+,8,17,Low
2024-05-11,East,B-,12,44,Low
2024-05-11,East,AB+,7,14,Low
2024-05-11,East,AB-,37,31,Medium
2024-05-11,East,O+,25,5,High
2024-05-11,East,O-,40,17,High
2024-05-11,West,A+,8,19,Low
2024-05-11,West,A-,21,4,High
2024-05-11,West,B+,27,37,Low
2024-05-11,West,B-,7,41,Low
2024-05-11,West,AB+,20,25,Low
2024-05-11,West,AB-,11,7,High
2024-05-11,West,O+,37,31,Medium
2024-05-11,West,O-,12,35,Low
2024-05-11,Central,A+,9,18,Low
2024-05-11,Central,A-,18,23,Low
2024-05-11,Central,B+,28,29,Low
2024-05-11,Central,B-,9,44,Low
2024-05-11,Central,AB+,32,21,High
2024-05-11,Central,AB-,14,4,High
2024-05-11,Central,O+,25,41,Low
2024-05-11,Central,O-,28,24,Medium
2024-05-12,North,A+,31,44,Low
2024-05-12,North,A-,28,33,Low
2024-05-12,North,B+,23,42,Low
2024-05-12,North,B-,6,13,Low
2024-05-12,North,AB+,28,5,High
2024-05-12,North,AB-,23,12,High
2024-05-12,North,O+,6,9,Low
2024-05-12,North,O-,18,23,Low
2024-05-12,South,A+,37,35,Medium
2024-05-12,South,A-,27,16,High
2024-05-12,South,B+,29,40,Low
2024-05-12,South,B-,7,45,Low
2024-05-12,South,AB+,14,27,Low
2024-05-12,South,AB-,10,7,Medium
2024-05-12,South,O+,19,39,Low
2024-05-12,South,O-,37,39,Low
2024-05-12,East,A+,40,29,Medium
2024-05-12,East,A-,39,10,High
2024-05-12,East,B+,38,6,High
2024-05-12,East,B-,35,45,Low
2024-05-12,East,AB+,38,36,Medium
2024-05-12,East,AB-,33,23,High
2024-05-12,East,O+,22,15,High
2024-05-12,East,O-,23,18,Medium
2024-05-12,West,A+,26,18,High
2024-05-12,West,A-,28,17,High
2024-05-12,West,B+,34,23,High
2024-05-12,West,B-,12,18,Low
2024-05-12,West,AB+,33,29,Medium
2024-05-12,West,AB-,28,8,High
2024-05-12,West,O+,27,38,Low
2024-05-12,West,O-,37,7,High
2024-05-12,Central,A+,28,44,Low
2024-05-12,Central,A-,35,41,Low
2024-05-12,Central,B+,19,31,Low
2024-05-12,Central,B-,31,17,High
2024-05-12,Central,AB+,13,37,Low
2024-05-12,Central,AB-,20,29,Low
2024-05-12,Central,O+,13,41,Low
2024-05-12,Central,O-,21,21,Low
2024-05-13,North,A+,26,23,Medium
2024-05-13,North,A-,12,8,High
2024-05-13,North,B+,31,29,Medium
2024-05-13,North,B-,37,12,High
2024-05-13,North,AB+,36,43,Low
2024-05-13,North,AB-,17,14,Medium
2024-05-13,North,O+,34,3,High
2024-05-13,North,O-,15,10,High
2024-05-13,South,A+,31,19,High
2024-05-13,South,A-,40,33,Medium
2024-05-13,South,B+,11,11,Low
2024-05-13,South,B-,7,30,Low
2024-05-13,South,AB+,6,13,Low
2024-05-13,South,AB-,9,11,Low
2024-05-13,South,O+,37,36,Medium
2024-05-13,South,O-,29,30,Low
2024-05-13,East,A+,27,11,High
2024-05-13,East,A-,30,38,Low
2024-05-13,East,B+,20,21,Low
2024-05-13,East,B-,12,24,Low
2024-05-13,East,AB+,26,40,Low
2024-05-13,East,AB-,11,5,High
2024-05-13,East,O+,9,25,Low
2024-05-13,East,O-,33,29,Medium
2024-05-13,West,A+,33,30,Medium
2024-05-13,West,A-,23,33,Low
2024-05-13,West,B+,13,14,Low
2024-05-13,West,B-,37,8,High
2024-05-13,West,AB+,14,3,High
2024-05-13,West,AB-,28,44,Low
2024-05-13,West,O+,34,27,Medium
2024-05-13,West,O-,25,31,Low
2024-05-13,Central,A+,16,35,Low
2024-05-13,Central,A-,22,9,High
2024-05-13,Central,B+,19,22,Low
2024-05-13,Central,B-,36,24,High
2024-05-13,Central,AB+,8,39,Low
2024-05-13,Central,AB-,38,36,Medium
2024-05-13,Central,O+,37,30,Medium
2024-05-13,Central,O-,23,23,Low
2024-05-14,North,A+,29,23,Medium
2024-05-14,North,A-,16,12,Medium
2024-05-14,North,B+,7,16,Low
2024-05-14,North,B-,32,36,Low
2024-05-14,North,AB+,22,39,Low
2024-05-14,North,AB-,25,9,High
2024-05-14,North,O+,27,21,Medium
2024-05-14,North,O-,15,10,High
2024-05-14,South,A+,23,20,Medium
2024-05-14,South,A-,36,31,Medium
2024-05-14,South,B+,19,13,High
2024-05-14,South,B-,23,19,Medium
2024-05-14,South,AB+,11,17,Low
2024-05-14,South,AB-,22,12,High
2024-05-14,South,O+,11,16,Low
2024-05-14,South,O-,40,35,Medium
2024-05-14,East,A+,15,4,High
2024-05-14,East,A-,7,37,Low
2024-05-14,East,B+,39,15,High
2024-05-14,East,B-,5,34,Low
2024-05-14,East,AB+,6,26,Low
2024-05-14,East,AB-,18,21,Low
2024-05-14,East,O+,32,31,Medium
2024-05-14,East,O-,38,11,High
2024-05-14,West,A+,34,21,High
2024-05-14,West,A-,12,10,Medium
2024-05-14,West,B+,33,30,Medium
2024-05-14,West,B-,36,19,High
2024-05-14,West,AB+,10,11,Low
2024-05-14,West,AB-,22,45,Low
2024-05-14,West,O+,12,25,Low
2024-05-14,West,O-,10,17,Low
2024-05-14,Central,A+,9,23,Low
2024-05-14,Central,A-,15,35,Low
2024-05-14,Central,B+,26,20,Medium
2024-05-14,Central,B-,34,43,Low
2024-05-14,Central,AB+,37,7,High
2024-05-14,Central,AB-,25,5,High
2024-05-14,Central,O+,32,9,High
2024-05-14,Central,O-,38,23,High
2024-05-15,North,A+,17,38,Low
2024-05-15,North,A-,7,43,Low
2024-05-15,North,B+,5,18,Low
2024-05-15,North,B-,13,40,Low
2024-05-15,North,AB+,29,17,High
2024-05-15,North,AB-,17,19,Low
2024-05-15,North,O+,35,12,High
2024-05-15,North,O-,36,14,High
2024-05-15,South,A+,36,21,High
2024-05-15,South,A-,13,15,Low
2024-05-15,South,B+,10,36,Low
2024-05-15,South,B-,18,3,High
2024-05-15,South,AB+,32,7,High
2024-05-15,South,AB-,36,38,Low
2024-05-15,South,O+,18,14,Medium
2024-05-15,South,O-,7,29,Low
2024-05-15,East,A+,21,42,Low
2024-05-15,East,A-,29,43,Low
2024-05-15,East,B+,20,43,Low
2024-05-15,East,B-,27,33,Low
2024-05-15,East,AB+,38,45,Low
2024-05-15,East,AB-,16,22,Low
2024-05-15,East,O+,19,21,Low
2024-05-15,East,O-,36,34,Medium
2024-05-15,West,A+,30,41,Low
2024-05-15,West,A-,27,37,Low
2024-05-15,West,B+,35,21,High
2024-05-15,West,B-,11,17,Low
2024-05-15,West,AB+,12,21,Low
2024-05-15,West,AB-,31,31,Low
2024-05-15,West,O+,25,18,Medium
2024-05-15,West,O-,32,10,High
2024-05-15,Central,A+,16,32,Low
2024-05-15,Central,A-,25,45,Low
2024-05-15,Central,B+,12,25,Low
2024-05-15,Central,B-,30,11,High
2024-05-15,Central,AB+,35,34,Medium
2024-05-15,Central,AB-,31,18,High
2024-05-15,Central,O+,6,21,Low
2024-05-15,Central,O-,22,35,Low
2024-05-16,North,A+,18,29,Low
2024-05-16,North,A-,8,38,Low
2024-05-16,North,B+,25,19,Medium
2024-05-16,North,B-,25,29,Low
2024-05-16,North,AB+,30,31,Low
2024-05-16,North,AB-,32,28,Medium
2024-05-16,North,O+,21,6,High
2024-05-16,North,O-,22,34,Low
2024-05-16,South,A+,19,24,Low
2024-05-16,South,A-,7,22,Low
2024-05-16,South,B+,33,29,Medium
2024-05-16,South,B-,19,39,Low
2024-05-16,South,AB+,15,37,Low
2024-05-16,South,AB-,18,43,Low
2024-05-16,South,O+,12,42,Low
2024-05-16,South,O-,26,11,High
2024-05-16,East,A+,39,4,High
2024-05-16,East,A-,6,27,Low
2024-05-16,East,B+,10,24,Low
2024-05-16,East,B-,27,38,Low
2024-05-16,East,AB+,9,44,Low
2024-05-16,East,AB-,8,36,Low
2024-05-16,East,O+,18,26,Low
2024-05-16,East,O-,39,15,High
2024-05-16,West,A+,15,37,Low
2024-05-16,West,A-,30,17,High
2024-05-16,West,B+,23,13,High
2024-05-16,West,B-,28,24,Medium
2024-05-16,West,AB+,31,16,High
2024-05-16,West,AB-,40,18,High
2024-05-16,West,O+,5,5,Low
2024-05-16,West,O-,6,36,Low
2024-05-16,Central,A+,11,35,Low
2024-05-16,Central,A-,30,34,Low
2024-05-16,Central,B+,7,13,Low
2024-05-16,Central,B-,23,22,Medium
2024-05-16,Central,AB+,6,17,Low
2024-05-16,Central,AB-,20,5,High
2024-05-16,Central,O+,22,10,High
2024-05-16,Central,O-,29,44,Low
2024-05-17,North,A+,30,11,High
2024-05-17,North,A-,22,8,High
2024-05-17,North,B+,9,7,Medium
2024-05-17,North,B-,37,29,Medium
2024-05-17,North,AB+,6,3,High
2024-05-17,North,AB-,39,41,Low
2024-05-17,North,O+,14,9,High
2024-05-17,North,O-,30,15,High
2024-05-17,South,A+,24,23,Medium
2024-05-17,South,A-,32,35,Low
2024-05-17,South,B+,6,22,Low
2024-05-17,South,B-,22,32,Low
2024-05-17,South,AB+,17,9,High
2024-05-17,South,AB-,21,44,Low
2024-05-17,South,O+,35,27,Medium
2024-05-17,South,O-,23,30,Low
2024-05-17,East,A+,10,17,Low
2024-05-17,East,A-,31,38,Low
2024-05-17,East,B+,22,33,Low
2024-05-17,East,B-,23,37,Low
2024-05-17,East,AB+,37,18,High
2024-05-17,East,AB-,29,4,High
2024-05-17,East,O+,36,28,Medium
2024-05-17,East,O-,28,37,Low
2024-05-17,West,A+,11,31,Low
2024-05-17,West,A-,19,39,Low
2024-05-17,West,B+,6,28,Low
2024-05-17,West,B-,19,31,Low
2024-05-17,West,AB+,28,33,Low
2024-05-17,West,AB-,11,44,Low
2024-05-17,West,O+,24,24,Low
2024-05-17,West,O-,14,43,Low
2024-05-17,Central,A+,10,9,Medium
2024-05-17,Central,A-,40,13,High
2024-05-17,Central,B+,18,34,Low
2024-05-17,Central,B-,20,8,High
2024-05-17,Central,AB+,14,28,Low
2024-05-17,Central,AB-,35,36,Low
2024-05-17,Central,O+,19,6,High
2024-05-17,Central,O-,36,19,High
2024-05-18,North,A+,31,22,Medium
2024-05-18,North,A-,26,12,High
2024-05-18,North,B+,7,23,Low
2024-05-18,North,B-,31,3,High
2024-05-18,North,AB+,22,16,Medium
2024-05-18,North,AB-,40,34,Medium
2024-05-18,North,O+,39,34,Medium
2024-05-18,North,O-,25,44,Low
2024-05-18,South,A+,20,23,Low
2024-05-18,South,A-,34,33,Medium
2024-05-18,South,B+,37,38,Low
2024-05-18,South,B-,10,9,Medium
2024-05-18,South,AB+,32,7,High
2024-05-18,South,AB-,29,11,High
2024-05-18,South,O+,5,13,Low
2024-05-18,South,O-,38,10,High
2024-05-18,East,A+,15,15,Low
2024-05-18,East,A-,33,10,High
2024-05-18,East,B+,7,30,Low
2024-05-18,East,B-,36,13,High
2024-05-18,East,AB+,38,34,Medium
2024-05-18,East,AB-,13,38,Low
2024-05-18,East,O+,31,28,Medium
2024-05-18,East,O-,5,21,Low
2024-05-18,West,A+,12,30,Low
2024-05-18,West,A-,23,20,Medium
2024-05-18,West,B+,38,23,High
2024-05-18,West,B-,28,39,Low
2024-05-18,West,AB+,15,12,Medium
2024-05-18,West,AB-,23,36,Low
2024-05-18,West,O+,18,42,Low
2024-05-18,West,O-,28,36,Low
2024-05-18,Central,A+,21,33,Low
2024-05-18,Central,A-,34,16,High
2024-05-18,Central,B+,26,11,High
2024-05-18,Central,B-,15,36,Low
2024-05-18,Central,AB+,35,3,High
2024-05-18,Central,AB-,25,29,Low
2024-05-18,Central,O+,16,12,Medium
2024-05-18,Central,O-,35,7,High
2024-05-19,North,A+,5,22,Low
2024-05-19,North,A-,17,15,Medium
2024-05-19,North,B+,11,37,Low
2024-05-19,North,B-,34,24,Medium
2024-05-19,North,AB+,11,6,High
2024-05-19,North,AB-,34,41,Low
2024-05-19,North,O+,15,7,High
2024-05-19,North,O-,27,43,Low
2024-05-19,South,A+,40,17,High
2024-05-19,South,A-,27,43,Low
2024-05-19,South,B+,5,15,Low
2024-05-19,South,B-,22,21,Medium
2024-05-19,South,AB+,32,40,Low
2024-05-19,South,AB-,24,26,Low
2024-05-19,South,O+,30,19,High
2024-05-19,South,O-,40,37,Medium
2024-05-19,East,A+,17,7,High
2024-05-19,East,A-,14,9,High
2024-05-19,East,B+,18,20,Low
2024-05-19,East,B-,16,19,Low
2024-05-19,East,AB+,11,11,Low
2024-05-19,East,AB-,38,40,Low
2024-05-19,East,O+,29,24,Medium
2024-05-19,East,O-,22,42,Low
2024-05-19,West,A+,35,16,High
2024-05-19,West,A-,15,3,High
2024-05-19,West,B+,19,16,Medium
2024-05-19,West,B-,10,42,Low
2024-05-19,West,AB+,14,12,Medium
2024-05-19,West,AB-,15,33,Low
2024-05-19,West,O+,5,23,Low
2024-05-19,West,O-,9,6,High
2024-05-19,Central,A+,13,35,Low
2024-05-19,Central,A-,33,30,Medium
2024-05-19,Central,B+,35,23,High
2024-05-19,Central,B-,24,35,Low
2024-05-19,Central,AB+,12,18,Low
2024-05-19,Central,AB-,40,28,Medium
2024-05-19,Central,O+,29,27,Medium
2024-05-19,Central,O-,35,25,Medium
2024-05-20,North,A+,24,36,Low
2024-05-20,North,A-,25,36,Low
2024-05-20,North,B+,10,41,Low
2024-05-20,North,B-,18,13,Medium
2024-05-20,North,AB+,22,12,High
2024-05-20,North,AB-,32,38,Low
2024-05-20,North,O+,33,34,Low
2024-05-20,North,O-,21,10,High
2024-05-20,South,A+,40,30,Medium
2024-05-20,South,A-,27,14,High
2024-05-20,South,B+,6,26,Low
2024-05-20,South,B-,34,45,Low
2024-05-20,South,AB+,27,30,Low
2024-05-20,South,AB-,18,42,Low
2024-05-20,South,O+,40,15,High
2024-05-20,South,O-,29,26,Medium
2024-05-20,East,A+,16,3,High
2024-05-20,East,A-,17,31,Low
2024-05-20,East,B+,28,36,Low
2024-05-20,East,B-,17,3,High
2024-05-20,East,AB+,24,24,Low
2024-05-20,East,AB-,11,26,Low
2024-05-20,East,O+,21,35,Low
2024-05-20,East,O-,5,41,Low
2024-05-20,West,A+,22,5,High
2024-05-20,West,A-,22,44,Low
2024-05-20,West,B+,35,28,Medium
2024-05-20,West,B-,7,19,Low
2024-05-20,West,AB+,22,43,Low
2024-05-20,West,AB-,8,39,Low
2024-05-20,West,O+,6,33,Low
2024-05-20,West,O-,34,34,Low
2024-05-20,Central,A+,16,33,Low
2024-05-20,Central,A-,39,9,High
2024-05-20,Central,B+,7,26,Low
2024-05-20,Central,B-,6,42,Low
2024-05-20,Central,AB+,14,14,Low
2024-05-20,Central,AB-,13,8,High
2024-05-20,Central,O+,31,10,High
2024-05-20,Central,O-,8,31,Low
2024-05-21,North,A+,8,23,Low
2024-05-21,North,A-,11,37,Low
2024-05-21,North,B+,22,15,High
2024-05-21,North,B-,6,24,Low
2024-05-21,North,AB+,25,13,High
2024-05-21,North,AB-,28,36,Low
2024-05-21,North,O+,5,45,Low
2024-05-21,North,O-,30,29,Medium
2024-05-21,South,A+,8,7,Medium
2024-05-21,South,A-,17,35,Low
2024-05-21,South,B+,14,20,Low
2024-05-21,South,B-,10,14,Low
2024-05-21,South,AB+,33,5,High
2024-05-21,South,AB-,22,41,Low
2024-05-21,South,O+,17,35,Low
2024-05-21,South,O-,31,14,High
2024-05-21,East,A+,5,22,Low
2024-05-21,East,A-,22,38,Low
2024-05-21,East,B+,27,10,High
2024-05-21,East,B-,26,32,Low
2024-05-21,East,AB+,10,39,Low
2024-05-21,East,AB-,34,8,High
2024-05-21,East,O+,12,8,High
2024-05-21,East,O-,16,8,High
2024-05-21,West,A+,16,23,Low
2024-05-21,West,A-,6,13,Low
2024-05-21,West,B+,5,16,Low
2024-05-21,West,B-,28,32,Low
2024-05-21,West,AB+,10,18,Low
2024-05-21,West,AB-,24,44,Low
2024-05-21,West,O+,17,11,High
2024-05-21,West,O-,24,6,High
2024-05-21,Central,A+,29,21,Medium
2024-05-21,Central,A-,16,20,Low
2024-05-21,Central,B+,13,39,Low
2024-05-21,Central,B-,25,29,Low
2024-05-21,Central,AB+,19,15,Medium
2024-05-21,Central,AB-,22,15,High
2024-05-21,Central,O+,16,21,Low
2024-05-21,Central,O-,21,31,Low
2024-05-22,North,A+,21,8,High
2024-05-22,North,A-,36,25,High
2024-05-22,North,B+,28,25,Medium
2024-05-22,North,B-,38,31,Medium
2024-05-22,North,AB+,15,5,High
2024-05-22,North,AB-,29,12,High
2024-05-22,North,O+,39,39,Low
2024-05-22,North,O-,18,30,Low
2024-05-22,South,A+,27,44,Low
2024-05-22,South,A-,23,16,High
2024-05-22,South,B+,26,35,Low
2024-05-22,South,B-,40,20,High
2024-05-22,South,AB+,10,35,Low
2024-05-22,South,AB-,18,19,Low
2024-05-22,South,O+,18,32,Low
2024-05-22,South,O-,21,5,High
2024-05-22,East,A+,12,36,Low
2024-05-22,East,A-,16,33,Low
2024-05-22,East,B+,13,32,Low
2024-05-22,East,B-,25,26,Low
2024-05-22,East,AB+,29,45,Low
2024-05-22,East,AB-,7,23,Low
2024-05-22,East,O+,11,43,Low
2024-05-22,East,O-,27,3,High
2024-05-22,West,A+,15,29,Low
2024-05-22,West,A-,35,24,High
2024-05-22,West,B+,26,44,Low
2024-05-22,West,B-,11,14,Low
2024-05-22,West,AB+,27,22,Medium
2024-05-22,West,AB-,15,32,Low
2024-05-22,West,O+,39,14,High
2024-05-22,West,O-,6,31,Low
2024-05-22,Central,A+,34,40,Low
2024-05-22,Central,A-,32,28,Medium
2024-05-22,Central,B+,35,18,High
2024-05-22,Central,B-,21,26,Low
2024-05-22,Central,AB+,26,33,Low
2024-05-22,Central,AB-,30,22,Medium
2024-05-22,Central,O+,7,17,Low
2024-05-22,Central,O-,37,9,High
2024-05-23,North,A+,31,30,Medium
2024-05-23,North,A-,22,39,Low
2024-05-23,North,B+,30,40,Low
2024-05-23,North,B-,6,13,Low
2024-05-23,North,AB+,37,13,High
2024-05-23,North,AB-,24,41,Low
2024-05-23,North,O+,38,15,High
2024-05-23,North,O-,13,11,Medium
2024-05-23,South,A+,26,6,High
2024-05-23,South,A-,10,22,Low
2024-05-23,South,B+,14,25,Low
2024-05-23,South,B-,34,28,Medium
2024-05-23,South,AB+,15,32,Low
2024-05-23,South,AB-,5,45,Low
2024-05-23,South,O+,14,15,Low
2024-05-23,South,O-,16,22,Low
2024-05-23,East,A+,24,8,High
2024-05-23,East,A-,16,18,Low
2024-05-23,East,B+,18,30,Low
2024-05-23,East,B-,10,18,Low
2024-05-23,East,AB+,14,38,Low
2024-05-23,East,AB-,28,3,High
2024-05-23,East,O+,35,13,High
2024-05-23,East,O-,27,9,High
2024-05-23,West,A+,35,38,Low
2024-05-23,West,A-,30,16,High
2024-05-23,West,B+,35,45,Low
2024-05-23,West,B-,29,32,Low
2024-05-23,West,AB+,20,9,High
2024-05-23,West,AB-,29,11,High
2024-05-23,West,O+,25,11,High
2024-05-23,West,O-,30,23,Medium
2024-05-23,Central,A+,23,30,Low
2024-05-23,Central,A-,30,37,Low
2024-05-23,Central,B+,9,25,Low
2024-05-23,Central,B-,36,45,Low
2024-05-23,Central,AB+,6,17,Low
2024-05-23,Central,AB-,16,18,Low
2024-05-23,Central,O+,28,26,Medium
2024-05-23,Central,O-,26,35,Low
2024-05-24,North,A+,5,42,Low
2024-05-24,North,A-,30,7,High
2024-05-24,North,B+,19,11,High
2024-05-24,North,B-,36,15,High
2024-05-24,North,AB+,7,16,Low
2024-05-24,North,AB-,24,30,Low
2024-05-24,North,O+,10,24,Low
2024-05-24,North,O-,29,44,Low
2024-05-24,South,A+,16,30,Low
2024-05-24,South,A-,14,21,Low
2024-05-24,South,B+,24,27,Low
2024-05-24,South,B-,35,5,High
2024-05-24,South,AB+,21,29,Low
2024-05-24,South,AB-,16,13,Medium
2024-05-24,South,O+,30,36,Low
2024-05-24,South,O-,11,32,Low
2024-05-24,East,A+,10,25,Low
2024-05-24,East,A-,11,44,Low
2024-05-24,East,B+,30,3,High
2024-05-24,East,B-,15,23,Low
2024-05-24,East,AB+,13,39,Low
2024-05-24,East,AB-,37,27,Medium
2024-05-24,East,O+,34,3,High
2024-05-24,East,O-,36,44,Low
2024-05-24,West,A+,30,30,Low
2024-05-24,West,A-,8,22,Low
2024-05-24,West,B+,32,19,High
2024-05-24,West,B-,12,41,Low
2024-05-24,West,AB+,33,35,Low
2024-05-24,West,AB-,28,33,Low
2024-05-24,West,O+,26,37,Low
2024-05-24,West,O-,28,10,High
2024-05-24,Central,A+,16,30,Low
2024-05-24,Central,A-,39,27,High
2024-05-24,Central,B+,10,12,Low
2024-05-24,Central,B-,5,24,Low
2024-05-24,Central,AB+,21,15,Medium
2024-05-24,Central,AB-,37,42,Low
2024-05-24,Central,O+,34,30,Medium
2024-05-24,Central,O-,8,32,Low
2024-05-25,North,A+,23,5,High
2024-05-25,North,A-,12,34,Low
2024-05-25,North,B+,34,26,Medium
2024-05-25,North,B-,8,41,Low
2024-05-25,North,AB+,28,19,High
2024-05-25,North,AB-,32,24,Medium
2024-05-25,North,O+,23,4,High
2024-05-25,North,O-,39,20,High
2024-05-25,South,A+,16,21,Low
2024-05-25,South,A-,27,29,Low
2024-05-25,South,B+,6,31,Low
2024-05-25,South,B-,25,22,Medium
2024-05-25,South,AB+,7,41,Low
2024-05-25,South,AB-,12,25,Low
2024-05-25,South,O+,7,37,Low
2024-05-25,South,O-,30,18,High
2024-05-25,East,A+,16,8,High
2024-05-25,East,A-,39,9,High
2024-05-25,East,B+,13,12,Medium
2024-05-25,East,B-,36,30,Medium
2024-05-25,East,AB+,22,25,Low
2024-05-25,East,AB-,34,42,Low
2024-05-25,East,O+,20,36,Low
2024-05-25,East,O-,34,5,High
2024-05-25,West,A+,9,23,Low
2024-05-25,West,A-,28,5,High
2024-05-25,West,B+,14,41,Low
2024-05-25,West,B-,11,27,Low
2024-05-25,West,AB+,37,8,High
2024-05-25,West,AB-,26,43,Low
2024-05-25,West,O+,24,30,Low
2024-05-25,West,O-,30,4,High
2024-05-25,Central,A+,16,19,Low
2024-05-25,Central,A-,10,30,Low
2024-05-25,Central,B+,12,15,Low
2024-05-25,Central,B-,21,22,Low
2024-05-25,Central,AB+,37,37,Low
2024-05-25,Central,AB-,20,6,High
2024-05-25,Central,O+,28,39,Low
2024-05-25,Central,O-,35,16,High
2024-05-26,North,A+,32,20,High
2024-05-26,North,A-,16,20,Low
2024-05-26,North,B+,37,45,Low
2024-05-26,North,B-,7,41,Low
2024-05-26,North,AB+,30,14,High
2024-05-26,North,AB-,23,20,Medium
2024-05-26,North,O+,5,29,Low
2024-05-26,North,O-,18,4,High
2024-05-26,South,A+,31,45,Low
2024-05-26,South,A-,13,20,Low
2024-05-26,South,B+,22,32,Low
2024-05-26,South,B-,25,9,High
2024-05-26,South,AB+,19,17,Medium
2024-05-26,South,AB-,6,23,Low
2024-05-26,South,O+,19,7,High
2024-05-26,South,O-,23,41,Low
2024-05-26,East,A+,34,40,Low
2024-05-26,East,A-,31,43,Low
2024-05-26,East,B+,26,37,Low
2024-05-26,East,B-,29,33,Low
2024-05-26,East,AB+,40,3,High
2024-05-26,East,AB-,26,24,Medium
2024-05-26,East,O+,25,25,Low
2024-05-26,East,O-,33,12,High
2024-05-26,West,A+,34,34,Low
2024-05-26,West,A-,18,37,Low
2024-05-26,West,B+,15,27,Low
2024-05-26,West,B-,21,28,Low
2024-05-26,West,AB+,7,45,Low
2024-05-26,West,AB-,10,43,Low
2024-05-26,West,O+,36,38,Low
2024-05-26,West,O-,27,8,High
2024-05-26,Central,A+,18,36,Low
2024-05-26,Central,A-,28,22,Medium
2024-05-26,Central,B+,23,23,Low
2024-05-26,Central,B-,33,32,Medium
2024-05-26,Central,AB+,6,12,Low
2024-05-26,Central,AB-,15,42,Low
2024-05-26,Central,O+,27,39,Low
2024-05-26,Central,O-,32,29,Medium
2024-05-27,North,A+,6,21,Low
2024-05-27,North,A-,40,34,Medium
2024-05-27,North,B+,20,27,Low
2024-05-27,North,B-,39,11,High
2024-05-27,North,AB+,29,41,Low
2024-05-27,North,AB-,12,9,Medium
2024-05-27,North,O+,30,16,High
2024-05-27,North,O-,18,10,High
2024-05-27,South,A+,23,14,High
2024-05-27,South,A-,15,28,Low
2024-05-27,South,B+,40,29,Medium
2024-05-27,South,B-,27,16,High
2024-05-27,South,AB+,31,41,Low
2024-05-27,South,AB-,22,23,Low
2024-05-27,South,O+,28,43,Low
2024-05-27,South,O-,11,45,Low
2024-05-27,East,A+,25,35,Low
2024-05-27,East,A-,39,37,Medium
2024-05-27,East,B+,30,17,High
2024-05-27,East,B-,30,34,Low
2024-05-27,East,AB+,34,21,High
2024-05-27,East,AB-,33,13,High
2024-05-27,East,O+,16,28,Low
2024-05-27,East,O-,23,3,High
2024-05-27,West,A+,39,24,High
2024-05-27,West,A-,34,44,Low
2024-05-27,West,B+,16,9,High
2024-05-27,West,B-,29,40,Low
2024-05-27,West,AB+,31,29,Medium
2024-05-27,West,AB-,31,15,High
2024-05-27,West,O+,6,42,Low
2024-05-27,West,O-,19,11,High
2024-05-27,Central,A+,37,8,High
2024-05-27,Central,A-,31,4,High
2024-05-27,Central,B+,25,42,Low
2024-05-27,Central,B-,20,13,High
2024-05-27,Central,AB+,35,8,High
2024-05-27,Central,AB-,28,4,High
2024-05-27,Central,O+,29,38,Low
2024-05-27,Central,O-,37,15,High
2024-05-28,North,A+,15,32,Low
2024-05-28,North,A-,28,18,High
2024-05-28,North,B+,16,33,Low
2024-05-28,North,B-,17,23,Low
2024-05-28,North,AB+,13,21,Low
2024-05-28,North,AB-,9,4,High
2024-05-28,North,O+,18,39,Low
2024-05-28,North,O-,34,32,Medium
2024-05-28,South,A+,20,41,Low
2024-05-28,South,A-,33,18,High
2024-05-28,South,B+,16,32,Low
2024-05-28,South,B-,37,44,Low
2024-05-28,South,AB+,12,41,Low
2024-05-28,South,AB-,26,13,High
2024-05-28,South,O+,20,32,Low
2024-05-28,South,O-,9,3,High
2024-05-28,East,A+,7,29,Low
2024-05-28,East,A-,38,33,Medium
2024-05-28,East,B+,29,7,High
2024-05-28,East,B-,31,19,High
2024-05-28,East,AB+,39,10,High
2024-05-28,East,AB-,39,4,High
2024-05-28,East,O+,33,33,Low
2024-05-28,East,O-,8,21,Low
2024-05-28,West,A+,30,5,High
2024-05-28,West,A-,28,28,Low
2024-05-28,West,B+,37,43,Low
2024-05-28,West,B-,33,30,Medium
2024-05-28,West,AB+,12,9,Medium
2024-05-28,West,AB-,14,19,Low
2024-05-28,West,O+,12,13,Low
2024-05-28,West,O-,28,29,Low
2024-05-28,Central,A+,26,12,High
2024-05-28,Central,A-,20,33,Low
2024-05-28,Central,B+,18,19,Low
2024-05-28,Central,B-,11,24,Low
2024-05-28,Central,AB+,9,32,Low
2024-05-28,Central,AB-,36,18,High
2024-05-28,Central,O+,21,24,Low
2024-05-28,Central,O-,23,31,Low
2024-05-29,North,A+,26,31,Low
2024-05-29,North,A-,21,39,Low
2024-05-29,North,B+,22,41,Low
2024-05-29,North,B-,7,11,Low
2024-05-29,North,AB+,14,36,Low
2024-05-29,North,AB-,23,4,High
2024-05-29,North,O+,19,26,Low
2024-05-29,North,O-,28,21,Medium
2024-05-29,South,A+,24,13,High
2024-05-29,South,A-,24,33,Low
2024-05-29,South,B+,33,21,High
2024-05-29,South,B-,14,11,Medium
2024-05-29,South,AB+,14,41,Low
2024-05-29,South,AB-,23,27,Low
2024-05-29,South,O+,21,43,Low
2024-05-29,South,O-,19,4,High
2024-05-29,East,A+,18,40,Low
2024-05-29,East,A-,24,12,High
2024-05-29,East,B+,5,19,Low
2024-05-29,East,B-,28,35,Low
2024-05-29,East,AB+,38,28,Medium
2024-05-29,East,AB-,35,42,Low
2024-05-29,East,O+,15,25,Low
2024-05-29,East,O-,14,40,Low
2024-05-29,West,A+,37,23,High
2024-05-29,West,A-,38,26,High
2024-05-29,West,B+,29,34,Low
2024-05-29,West,B-,15,36,Low
2024-05-29,West,AB+,35,14,High
2024-05-29,West,AB-,35,27,Medium
2024-05-29,West,O+,5,45,Low
2024-05-29,West,O-,9,24,Low
2024-05-29,Central,A+,19,22,Low
2024-05-29,Central,A-,18,17,Medium
2024-05-29,Central,B+,14,20,Low
2024-05-29,Central,B-,12,44,Low
2024-05-29,Central,AB+,17,25,Low
2024-05-29,Central,AB-,36,32,Medium
2024-05-29,Central,O+,5,36,Low
2024-05-29,Central,O-,19,15,Medium
2024-05-30,North,A+,28,45,Low
2024-05-30,North,A-,7,28,Low
2024-05-30,North,B+,11,24,Low
2024-05-30,North,B-,37,7,High
2024-05-30,North,AB+,22,38,Low
2024-05-30,North,AB-,39,37,Medium
2024-05-30,North,O+,10,6,High
2024-05-30,North,O-,33,39,Low
2024-05-30,South,A+,38,18,High
2024-05-30,South,A-,20,19,Medium
2024-05-30,South,B+,16,44,Low
2024-05-30,South,B-,20,17,Medium
2024-05-30,South,AB+,34,14,High
2024-05-30,South,AB-,7,41,Low
2024-05-30,South,O+,22,38,Low
2024-05-30,South,O-,22,8,High
2024-05-30,East,A+,17,7,High
2024-05-30,East,A-,13,36,Low
2024-05-30,East,B+,24,6,High
2024-05-30,East,B-,18,17,Medium
2024-05-30,East,AB+,20,40,Low
2024-05-30,East,AB-,35,32,Medium
2024-05-30,East,O+,11,37,Low
2024-05-30,East,O-,8,23,Low
2024-05-30,West,A+,9,15,Low
2024-05-30,West,A-,35,10,High
2024-05-30,West,B+,33,8,High
2024-05-30,West,B-,35,15,High
2024-05-30,West,AB+,11,37,Low
2024-05-30,West,AB-,18,41,Low
2024-05-30,West,O+,36,22,High
2024-05-30,West,O-,5,40,Low
2024-05-30,Central,A+,32,10,High
2024-05-30,Central,A-,33,44,Low
2024-05-30,Central,B+,17,40,Low
2024-05-30,Central,B-,34,3,High
2024-05-30,Central,AB+,21,29,Low
2024-05-30,Central,AB-,22,34,Low
2024-05-30,Central,O+,16,24,Low
2024-05-30,Central,O-,37,33,Medium
2024-05-31,North,A+,37,21,High
2024-05-31,North,A-,24,19,Medium
2024-05-31,North,B+,39,18,High
2024-05-31,North,B-,26,20,Medium
2024-05-31,North,AB+,40,35,Medium
2024-05-31,North,AB-,24,43,Low
2024-05-31,North,O+,33,10,High
2024-05-31,North,O-,16,34,Low
2024-05-31,South,A+,5,23,Low
2024-05-31,South,A-,37,33,Medium
2024-05-31,South,B+,36,13,High
2024-05-31,South,B-,16,7,High
2024-05-31,South,AB+,32,22,High
2024-05-31,South,AB-,11,31,Low
2024-05-31,South,O+,26,43,Low
2024-05-31,South,O-,39,14,High
2024-05-31,East,A+,17,9,High
2024-05-31,East,A-,19,16,Medium
2024-05-31,East,B+,24,35,Low
2024-05-31,East,B-,24,23,Medium
2024-05-31,East,AB+,38,33,Medium
2024-05-31,East,AB-,11,22,Low
2024-05-31,East,O+,18,39,Low
2024-05-31,East,O-,14,23,Low
2024-05-31,West,A+,15,15,Low
2024-05-31,West,A-,30,13,High
2024-05-31,West,B+,15,42,Low
2024-05-31,West,B-,15,23,Low
2024-05-31,West,AB+,38,33,Medium
2024-05-31,West,AB-,31,20,High
2024-05-31,West,O+,19,19,Low
2024-05-31,West,O-,35,22,High
2024-05-31,Central,A+,28,12,High
2024-05-31,Central,A-,24,24,Low
2024-05-31,Central,B+,27,23,Medium
2024-05-31,Central,B-,33,22,High
2024-05-31,Central,AB+,32,39,Low
2024-05-31,Central,AB-,30,29,Medium
2024-05-31,Central,O+,5,28,Low
2024-05-31,Central,O-,8,29,Low
2024-06-01,North,A+,27,44,Low
2024-06-01,North,A-,13,32,Low
2024-06-01,North,B+,22,4,High
2024-06-01,North,B-,17,16,Medium
2024-06-01,North,AB+,21,21,Low
2024-06-01,North,AB-,28,4,High
2024-06-01,North,O+,25,30,Low
2024-06-01,North,O-,29,23,Medium
2024-06-01,South,A+,40,38,Medium
2024-06-01,South,A-,17,16,Medium
2024-06-01,South,B+,37,31,Medium
2024-06-01,South,B-,22,9,High
2024-06-01,South,AB+,9,18,Low
2024-06-01,South,AB-,15,23,Low
2024-06-01,South,O+,35,40,Low
2024-06-01,South,O-,35,5,High
2024-06-01,East,A+,29,34,Low
2024-06-01,East,A-,20,20,Low
2024-06-01,East,B+,29,6,High
2024-06-01,East,B-,11,6,High
2024-06-01,East,AB+,26,20,Medium
2024-06-01,East,AB-,39,26,High
2024-06-01,East,O+,33,21,High
2024-06-01,East,O-,12,33,Low
2024-06-01,West,A+,13,7,High
2024-06-01,West,A-,25,29,Low
2024-06-01,West,B+,14,12,Medium
2024-06-01,West,B-,24,39,Low
2024-06-01,West,AB+,17,38,Low
2024-06-01,West,AB-,10,31,Low
2024-06-01,West,O+,20,23,Low
2024-06-01,West,O-,39,45,Low
2024-06-01,Central,A+,21,38,Low
2024-06-01,Central,A-,38,21,High
2024-06-01,Central,B+,6,11,Low
2024-06-01,Central,B-,9,23,Low
2024-06-01,Central,AB+,28,31,Low
2024-06-01,Central,AB-,18,14,Medium
2024-06-01,Central,O+,25,32,Low
2024-06-01,Central,O-,19,32,Low
2024-06-02,North,A+,28,24,Medium
2024-06-02,North,A-,17,19,Low
2024-06-02,North,B+,21,41,Low
2024-06-02,North,B-,6,11,Low
2024-06-02,North,AB+,12,44,Low
2024-06-02,North,AB-,31,30,Medium
2024-06-02,North,O+,30,34,Low
2024-06-02,North,O-,8,36,Low
2024-06-02,South,A+,8,35,Low
2024-06-02,South,A-,28,4,High
2024-06-02,South,B+,32,5,High
2024-06-02,South,B-,37,23,High
2024-06-02,South,AB+,39,34,Medium
2024-06-02,South,AB-,23,39,Low
2024-06-02,South,O+,26,43,Low
2024-06-02,South,O-,9,7,Medium
2024-06-02,East,A+,10,38,Low
2024-06-02,East,A-,12,37,Low
2024-06-02,East,B+,15,35,Low
2024-06-02,East,B-,10,39,Low
2024-06-02,East,AB+,34,42,Low
2024-06-02,East,AB-,17,7,High
2024-06-02,East,O+,32,20,High
2024-06-02,East,O-,34,31,Medium
2024-06-02,West,A+,14,44,Low
2024-06-02,West,A-,26,7,High
2024-06-02,West,B+,16,44,Low
2024-06-02,West,B-,26,32,Low
2024-06-02,West,AB+,38,30,Medium
2024-06-02,West,AB-,6,28,Low
2024-06-02,West,O+,23,3,High
2024-06-02,West,O-,29,4,High
2024-06-02,Central,A+,5,17,Low
2024-06-02,Central,A-,25,30,Low
2024-06-02,Central,B+,14,19,Low
2024-06-02,Central,B-,19,40,Low
2024-06-02,Central,AB+,25,37,Low
2024-06-02,Central,AB-,34,44,Low
2024-06-02,Central,O+,17,39,Low
2024-06-02,Central,O-,27,39,Low
2024-06-03,North,A+,14,15,Low
2024-06-03,North,A-,14,16,Low
2024-06-03,North,B+,24,14,High
2024-06-03,North,B-,11,4,High
2024-06-03,North,AB+,39,41,Low
2024-06-03,North,AB-,7,11,Low
2024-06-03,North,O+,39,25,High
2024-06-03,North,O-,9,23,Low
2024-06-03,South,A+,25,17,High
2024-06-03,South,A-,18,15,Medium
2024-06-03,South,B+,24,13,High
2024-06-03,South,B-,32,20,High
2024-06-03,South,AB+,19,16,Medium
2024-06-03,South,AB-,27,4,High
2024-06-03,South,O+,13,31,Low
2024-06-03,South,O-,12,27,Low
2024-06-03,East,A+,6,31,Low
2024-06-03,East,A-,18,27,Low
2024-06-03,East,B+,8,31,Low
2024-06-03,East,B-,33,28,Medium
2024-06-03,East,AB+,17,16,Medium
2024-06-03,East,AB-,29,40,Low
2024-06-03,East,O+,12,8,High
2024-06-03,East,O-,16,35,Low
2024-06-03,West,A+,38,10,High
2024-06-03,West,A-,15,16,Low
2024-06-03,West,B+,12,34,Low
2024-06-03,West,B-,27,23,Medium
2024-06-03,West,AB+,31,15,High
2024-06-03,West,AB-,18,8,High
2024-06-03,West,O+,37,26,Medium
2024-06-03,West,O-,35,19,High
2024-06-03,Central,A+,37,10,High
2024-06-03,Central,A-,34,4,High
2024-06-03,Central,B+,5,27,Low
2024-06-03,Central,B-,31,28,Medium
2024-06-03,Central,AB+,11,25,Low
2024-06-03,Central,AB-,28,22,Medium
2024-06-03,Central,O+,9,30,Low
2024-06-03,Central,O-,24,17,Medium
2024-06-04,North,A+,10,44,Low
2024-06-04,North,A-,29,33,Low
2024-06-04,North,B+,6,20,Low
2024-06-04,North,B-,25,5,High
2024-06-04,North,AB+,14,18,Low
2024-06-04,North,AB-,16,39,Low
2024-06-04,North,O+,5,11,Low
2024-06-04,North,O-,38,12,High
2024-06-04,South,A+,13,33,Low
2024-06-04,South,A-,7,6,Medium
2024-06-04,South,B+,18,45,Low
2024-06-04,South,B-,23,26,Low
2024-06-04,South,AB+,31,13,High
2024-06-04,South,AB-,31,14,High
2024-06-04,South,O+,16,36,Low
2024-06-04,South,O-,14,45,Low
2024-06-04,East,A+,16,26,Low
2024-06-04,East,A-,12,13,Low
2024-06-04,East,B+,6,34,Low
2024-06-04,East,B-,18,22,Low
2024-06-04,East,AB+,30,43,Low
2024-06-04,East,AB-,28,19,High
2024-06-04,East,O+,25,4,High
2024-06-04,East,O-,6,24,Low
2024-06-04,West,A+,6,33,Low
2024-06-04,West,A-,7,12,Low
2024-06-04,West,B+,31,5,High
2024-06-04,West,B-,39,27,High
2024-06-04,West,AB+,38,13,High
2024-06-04,West,AB-,15,9,High
2024-06-04,West,O+,5,25,Low
2024-06-04,West,O-,19,8,High
2024-06-04,Central,A+,31,7,High
2024-06-04,Central,A-,12,33,Low
2024-06-04,Central,B+,34,29,Medium
2024-06-04,Central,B-,39,31,Medium
2024-06-04,Central,AB+,13,41,Low
2024-06-04,Central,AB-,5,22,Low
2024-06-04,Central,O+,35,33,Medium
2024-06-04,Central,O-,21,11,High
2024-06-05,North,A+,25,45,Low
2024-06-05,North,A-,39,26,High
2024-06-05,North,B+,11,33,Low
2024-06-05,North,B-,36,39,Low
2024-06-05,North,AB+,17,11,High
2024-06-05,North,AB-,19,35,Low
2024-06-05,North,O+,13,12,Medium
2024-06-05,North,O-,19,45,Low
2024-06-05,South,A+,10,9,Medium
2024-06-05,South,A-,30,21,Medium
2024-06-05,South,B+,11,18,Low
2024-06-05,South,B-,19,19,Low
2024-06-05,South,AB+,16,45,Low
2024-06-05,South,AB-,24,24,Low
2024-06-05,South,O+,34,45,Low
2024-06-05,South,O-,38,36,Medium
2024-06-05,East,A+,22,11,High
2024-06-05,East,A-,25,30,Low
2024-06-05,East,B+,28,45,Low
2024-06-05,East,B-,14,40,Low
2024-06-05,East,AB+,7,27,Low
2024-06-05,East,AB-,8,15,Low
2024-06-05,East,O+,16,3,High
2024-06-05,East,O-,14,43,Low
2024-06-05,West,A+,7,18,Low
2024-06-05,West,A-,15,28,Low
2024-06-05,West,B+,25,3,High
2024-06-05,West,B-,35,33,Medium
2024-06-05,West,AB+,27,15,High
2024-06-05,West,AB-,30,31,Low
2024-06-05,West,O+,18,32,Low
2024-06-05,West,O-,21,37,Low
2024-06-05,Central,A+,33,10,High
2024-06-05,Central,A-,22,44,Low
2024-06-05,Central,B+,37,24,High
2024-06-05,Central,B-,26,14,High
2024-06-05,Central,AB+,21,24,Low
2024-06-05,Central,AB-,36,38,Low
2024-06-05,Central,O+,34,45,Low
2024-06-05,Central,O-,11,45,Low
2024-06-06,North,A+,26,36,Low
2024-06-06,North,A-,21,7,High
2024-06-06,North,B+,28,30,Low
2024-06-06,North,B-,6,37,Low
2024-06-06,North,AB+,13,9,High
2024-06-06,North,AB-,19,32,Low
2024-06-06,North,O+,12,10,Medium
2024-06-06,North,O-,40,21,High
2024-06-06,South,A+,13,25,Low
2024-06-06,South,A-,24,31,Low
2024-06-06,South,B+,32,38,Low
2024-06-06,South,B-,10,35,Low
2024-06-06,South,AB+,16,28,Low
2024-06-06,South,AB-,37,15,High
2024-06-06,South,O+,14,17,Low
2024-06-06,South,O-,6,15,Low
2024-06-06,East,A+,27,36,Low
2024-06-06,East,A-,14,39,Low
2024-06-06,East,B+,38,36,Medium
2024-06-06,East,B-,8,37,Low
2024-06-06,East,AB+,28,37,Low
2024-06-06,East,AB-,19,36,Low
2024-06-06,East,O+,15,26,Low
2024-06-06,East,O-,15,9,High
2024-06-06,West,A+,15,43,Low
2024-06-06,West,A-,19,12,High
2024-06-06,West,B+,39,42,Low
2024-06-06,West,B-,32,15,High
2024-06-06,West,AB+,22,6,High
2024-06-06,West,AB-,30,21,Medium
2024-06-06,West,O+,29,36,Low
2024-06-06,West,O-,31,33,Low
2024-06-06,Central,A+,34,23,High
2024-06-06,Central,A-,13,22,Low
2024-06-06,Central,B+,5,7,Low
2024-06-06,Central,B-,21,38,Low
2024-06-06,Central,AB+,24,16,High
2024-06-06,Central,AB-,9,6,High
2024-06-06,Central,O+,31,11,High
2024-06-06,Central,O-,14,33,Low
2024-06-07,North,A+,15,18,Low
2024-06-07,North,A-,30,13,High
2024-06-07,North,B+,31,28,Medium
2024-06-07,North,B-,17,18,Low
2024-06-07,North,AB+,27,7,High
2024-06-07,North,AB-,19,20,Low
2024-06-07,North,O+,13,28,Low
2024-06-07,North,O-,12,40,Low
2024-06-07,South,A+,14,16,Low
2024-06-07,South,A-,33,12,High
2024-06-07,South,B+,22,23,Low
2024-06-07,South,B-,5,43,Low
2024-06-07,South,AB+,12,36,Low
2024-06-07,South,AB-,24,36,Low
2024-06-07,South,O+,11,43,Low
2024-06-07,South,O-,35,17,High
2024-06-07,East,A+,33,22,High
2024-06-07,East,A-,12,37,Low
2024-06-07,East,B+,34,12,High
2024-06-07,East,B-,9,24,Low
2024-06-07,East,AB+,22,5,High
2024-06-07,East,AB-,29,19,High
2024-06-07,East,O+,12,43,Low
2024-06-07,East,O-,34,30,Medium
2024-06-07,West,A+,15,34,Low
2024-06-07,West,A-,23,17,Medium
2024-06-07,West,B+,38,9,High
2024-06-07,West,B-,10,41,Low
2024-06-07,West,AB+,28,18,High
2024-06-07,West,AB-,36,30,Medium
2024-06-07,West,O+,31,6,High
2024-06-07,West,O-,11,20,Low
2024-06-07,Central,A+,22,19,Medium
2024-06-07,Central,A-,37,24,High
2024-06-07,Central,B+,31,45,Low
2024-06-07,Central,B-,21,25,Low
2024-06-07,Central,AB+,10,3,High
2024-06-07,Central,AB-,11,34,Low
2024-06-07,Central,O+,20,40,Low
2024-06-07,Central,O-,36,17,High
2024-06-08,North,A+,32,45,Low
2024-06-08,North,A-,22,9,High
2024-06-08,North,B+,36,38,Low
2024-06-08,North,B-,29,41,Low
2024-06-08,North,AB+,38,45,Low
2024-06-08,North,AB-,29,5,High
2024-06-08,North,O+,11,40,Low
2024-06-08,North,O-,11,39,Low
2024-06-08,South,A+,11,10,Medium
2024-06-08,South,A-,20,26,Low
2024-06-08,South,B+,31,28,Medium
2024-06-08,South,B-,7,25,Low
2024-06-08,South,AB+,33,32,Medium
2024-06-08,South,AB-,38,5,High
2024-06-08,South,O+,30,43,Low
2024-06-08,South,O-,32,45,Low
2024-06-08,East,A+,6,16,Low
2024-06-08,East,A-,16,4,High
2024-06-08,East,B+,26,9,High
2024-06-08,East,B-,23,29,Low
2024-06-08,East,AB+,6,32,Low
2024-06-08,East,AB-,21,25,Low
2024-06-08,East,O+,27,25,Medium
2024-06-08,East,O-,20,20,Low
2024-06-08,West,A+,33,6,High
2024-06-08,West,A-,25,32,Low
2024-06-08,West,B+,21,13,High
2024-06-08,West,B-,18,38,Low
2024-06-08,West,AB+,40,44,Low
2024-06-08,West,AB-,25,28,Low
2024-06-08,West,O+,27,14,High
2024-06-08,West,O-,36,8,High
2024-06-08,Central,A+,26,25,Medium
2024-06-08,Central,A-,39,17,High
2024-06-08,Central,B+,25,22,Medium
2024-06-08,Central,B-,11,8,Medium
2024-06-08,Central,AB+,30,23,Medium
2024-06-08,Central,AB-,36,43,Low
2024-06-08,Central,O+,16,27,Low
2024-06-08,Central,O-,17,19,Low
2024-06-09,North,A+,36,25,High
2024-06-09,North,A-,26,31,Low
2024-06-09,North,B+,28,13,High
2024-06-09,North,B-,15,23,Low
2024-06-09,North,AB+,6,10,Low
2024-06-09,North,AB-,17,40,Low
2024-06-09,North,O+,24,35,Low
2024-06-09,North,O-,40,21,High
2024-06-09,South,A+,40,37,Medium
2024-06-09,South,A-,16,28,Low
2024-06-09,South,B+,9,15,Low
2024-06-09,South,B-,10,8,Medium
2024-06-09,South,AB+,30,19,High
2024-06-09,South,AB-,14,24,Low
2024-06-09,South,O+,39,25,High
2024-06-09,South,O-,30,11,High
2024-06-09,East,A+,29,9,High
2024-06-09,East,A-,23,42,Low
2024-06-09,East,B+,10,23,Low
2024-06-09,East,B-,19,31,Low
2024-06-09,East,AB+,7,18,Low
2024-06-09,East,AB-,40,12,High
2024-06-09,East,O+,22,4,High
2024-06-09,East,O-,36,17,High
2024-06-09,West,A+,19,18,Medium
2024-06-09,West,A-,19,31,Low
2024-06-09,West,B+,18,12,High
2024-06-09,West,B-,5,21,Low
2024-06-09,West,AB+,20,4,High
2024-06-09,West,AB-,35,31,Medium
2024-06-09,West,O+,31,38,Low
2024-06-09,West,O-,40,39,Medium
2024-06-09,Central,A+,17,29,Low
2024-06-09,Central,A-,16,36,Low
2024-06-09,Central,B+,30,43,Low
2024-06-09,Central,B-,29,19,High
2024-06-09,Central,AB+,28,19,High
2024-06-09,Central,AB-,32,26,Medium
2024-06-09,Central,O+,28,18,High
2024-06-09,Central,O-,25,37,Low
2024-06-10,North,A+,27,7,High
2024-06-10,North,A-,13,23,Low
2024-06-10,North,B+,20,37,Low
2024-06-10,North,B-,13,9,High
2024-06-10,North,AB+,37,33,Medium
2024-06-10,North,AB-,39,23,High
2024-06-10,North,O+,11,41,Low
2024-06-10,North,O-,19,25,Low
2024-06-10,South,A+,40,17,High
2024-06-10,South,A-,34,20,High
2024-06-10,South,B+,8,32,Low
2024-06-10,South,B-,33,34,Low
2024-06-10,South,AB+,32,7,High
2024-06-10,South,AB-,15,4,High
2024-06-10,South,O+,40,31,Medium
2024-06-10,South,O-,40,44,Low
2024-06-10,East,A+,8,25,Low
2024-06-10,East,A-,35,12,High
2024-06-10,East,B+,9,25,Low
2024-06-10,East,B-,9,20,Low
2024-06-10,East,AB+,21,4,High
2024-06-10,East,AB-,36,30,Medium
2024-06-10,East,O+,13,28,Low
2024-06-10,East,O-,18,45,Low
2024-06-10,West,A+,33,22,High
2024-06-10,West,A-,39,22,High
2024-06-10,West,B+,26,17,High
2024-06-10,West,B-,37,29,Medium
2024-06-10,West,AB+,14,37,Low
2024-06-10,West,AB-,25,3,High
2024-06-10,West,O+,8,25,Low
2024-06-10,West,O-,12,7,High
2024-06-10,Central,A+,9,36,Low
2024-06-10,Central,A-,31,13,High
2024-06-10,Central,B+,17,18,Low
2024-06-10,Central,B-,16,14,Medium
2024-06-10,Central,AB+,6,44,Low
2024-06-10,Central,AB-,36,10,High
2024-06-10,Central,O+,26,8,High
2024-06-10,Central,O-,11,28,Low
2024-06-11,North,A+,29,29,Low
2024-06-11,North,A-,29,33,Low
2024-06-11,North,B+,13,24,Low
2024-06-11,North,B-,16,9,High
2024-06-11,North,AB+,24,25,Low
2024-06-11,North,AB-,16,30,Low
2024-06-11,North,O+,21,34,Low
2024-06-11,North,O-,10,14,Low
2024-06-11,South,A+,21,28,Low
2024-06-11,South,A-,17,17,Low
2024-06-11,South,B+,27,44,Low
2024-06-11,South,B-,10,24,Low
2024-06-11,South,AB+,33,9,High
2024-06-11,South,AB-,38,19,High
2024-06-11,South,O+,6,41,Low
2024-06-11,South,O-,8,38,Low
2024-06-11,East,A+,8,26,Low
2024-06-11,East,A-,11,13,Low
2024-06-11,East,B+,5,36,Low
2024-06-11,East,B-,5,3,High
2024-06-11,East,AB+,25,27,Low
2024-06-11,East,AB-,24,4,High
2024-06-11,East,O+,28,7,High
2024-06-11,East,O-,16,15,Medium
2024-06-11,West,A+,36,14,High
2024-06-11,West,A-,39,16,High
2024-06-11,West,B+,27,9,High
2024-06-11,West,B-,14,41,Low
2024-06-11,West,AB+,28,39,Low
2024-06-11,West,AB-,16,31,Low
2024-06-11,West,O+,16,35,Low
2024-06-11,West,O-,14,31,Low
2024-06-11,Central,A+,6,42,Low
2024-06-11,Central,A-,7,37,Low
2024-06-11,Central,B+,12,22,Low
2024-06-11,Central,B-,23,9,High
2024-06-11,Central,AB+,27,14,High
2024-06-11,Central,AB-,38,13,High
2024-06-11,Central,O+,11,34,Low
2024-06-11,Central,O-,17,41,Low
2024-06-12,North,A+,14,42,Low
2024-06-12,North,A-,26,32,Low
2024-06-12,North,B+,40,27,High
2024-06-12,North,B-,33,10,High
2024-06-12,North,AB+,40,7,High
2024-06-12,North,AB-,26,18,High
2024-06-12,North,O+,28,12,High
2024-06-12,North,O-,20,34,Low
2024-06-12,South,A+,17,28,Low
2024-06-12,South,A-,7,25,Low
2024-06-12,South,B+,8,33,Low
2024-06-12,South,B-,11,36,Low
2024-06-12,South,AB+,10,45,Low
2024-06-12,South,AB-,25,36,Low
2024-06-12,South,O+,39,36,Medium
2024-06-12,South,O-,30,37,Low
2024-06-12,East,A+,17,21,Low
2024-06-12,East,A-,25,11,High
2024-06-12,East,B+,33,15,High
2024-06-12,East,B-,23,43,Low
2024-06-12,East,AB+,32,28,Medium
2024-06-12,East,AB-,32,27,Medium
2024-06-12,East,O+,10,34,Low
2024-06-12,East,O-,6,34,Low
2024-06-12,West,A+,11,23,Low
2024-06-12,West,A-,40,33,Medium
2024-06-12,West,B+,29,22,Medium
2024-06-12,West,B-,36,21,High
2024-06-12,West,AB+,8,36,Low
2024-06-12,West,AB-,7,15,Low
2024-06-12,West,O+,10,22,Low
2024-06-12,West,O-,39,14,High
2024-06-12,Central,A+,25,6,High
2024-06-12,Central,A-,39,4,High
2024-06-12,Central,B+,8,22,Low
2024-06-12,Central,B-,29,15,High
2024-06-12,Central,AB+,27,37,Low
2024-06-12,Central,AB-,8,30,Low
2024-06-12,Central,O+,37,36,Medium
2024-06-12,Central,O-,16,35,Low
2024-06-13,North,A+,28,5,High
2024-06-13,North,A-,18,9,High
2024-06-13,North,B+,34,14,High
2024-06-13,North,B-,19,23,Low
2024-06-13,North,AB+,9,16,Low
2024-06-13,North,AB-,36,16,High
2024-06-13,North,O+,5,5,Low
2024-06-13,North,O-,29,16,High
2024-06-13,South,A+,12,21,Low
2024-06-13,South,A-,5,18,Low
2024-06-13,South,B+,26,14,High
2024-06-13,South,B-,29,17,High
2024-06-13,South,AB+,28,28,Low
2024-06-13,South,AB-,7,12,Low
2024-06-13,South,O+,14,41,Low
2024-06-13,South,O-,20,42,Low
2024-06-13,East,A+,21,30,Low
2024-06-13,East,A-,24,16,High
2024-06-13,East,B+,22,29,Low
2024-06-13,East,B-,5,29,Low
2024-06-13,East,AB+,31,27,Medium
2024-06-13,East,AB-,22,15,High
2024-06-13,East,O+,36,19,High
2024-06-13,East,O-,5,43,Low
2024-06-13,West,A+,30,5,High
2024-06-13,West,A-,33,11,High
2024-06-13,West,B+,19,7,High
2024-06-13,West,B-,12,10,Medium
2024-06-13,West,AB+,15,34,Low
2024-06-13,West,AB-,9,14,Low
2024-06-13,West,O+,39,23,High
2024-06-13,West,O-,15,19,Low
2024-06-13,Central,A+,30,21,Medium
2024-06-13,Central,A-,39,21,High
2024-06-13,Central,B+,23,39,Low
2024-06-13,Central,B-,21,9,High
2024-06-13,Central,AB+,12,28,Low
2024-06-13,Central,AB-,17,8,High
2024-06-13,Central,O+,40,34,Medium
2024-06-13,Central,O-,17,11,High
2024-06-14,North,A+,38,5,High
2024-06-14,North,A-,35,33,Medium
2024-06-14,North,B+,11,10,Medium
2024-06-14,North,B-,19,5,High
2024-06-14,North,AB+,29,14,High
2024-06-14,North,AB-,10,7,Medium
2024-06-14,North,O+,20,30,Low
2024-06-14,North,O-,28,31,Low
2024-06-14,South,A+,14,31,Low
2024-06-14,South,A-,7,45,Low
2024-06-14,South,B+,37,15,High
2024-06-14,South,B-,18,23,Low
2024-06-14,South,AB+,7,39,Low
2024-06-14,South,AB-,5,12,Low
2024-06-14,South,O+,26,19,Medium
2024-06-14,South,O-,16,25,Low
2024-06-14,East,A+,34,15,High
2024-06-14,East,A-,8,28,Low
2024-06-14,East,B+,29,12,High
2024-06-14,East,B-,23,35,Low
2024-06-14,East,AB+,9,17,Low
2024-06-14,East,AB-,16,43,Low
2024-06-14,East,O+,17,24,Low
2024-06-14,East,O-,33,4,High
2024-06-14,West,A+,33,7,High
2024-06-14,West,A-,20,41,Low
2024-06-14,West,B+,38,21,High
2024-06-14,West,B-,40,13,High
2024-06-14,West,AB+,14,38,Low
2024-06-14,West,AB-,25,6,High
2024-06-14,West,O+,12,7,High
2024-06-14,West,O-,31,36,Low
2024-06-14,Central,A+,39,4,High
2024-06-14,Central,A-,15,23,Low
2024-06-14,Central,B+,28,5,High
2024-06-14,Central,B-,14,9,High
2024-06-14,Central,AB+,19,3,High
2024-06-14,Central,AB-,29,3,High
2024-06-14,Central,O+,8,27,Low
2024-06-14,Central,O-,12,17,Low
2024-06-15,North,A+,7,39,Low
2024-06-15,North,A-,39,7,High
2024-06-15,North,B+,6,44,Low
2024-06-15,North,B-,35,39,Low
2024-06-15,North,AB+,29,21,Medium
2024-06-15,North,AB-,29,31,Low
2024-06-15,North,O+,20,34,Low
2024-06-15,North,O-,21,25,Low
2024-06-15,South,A+,34,33,Medium
2024-06-15,South,A-,14,32,Low
2024-06-15,South,B+,39,26,High
2024-06-15,South,B-,19,12,High
2024-06-15,South,AB+,23,43,Low
2024-06-15,South,AB-,16,27,Low
2024-06-15,South,O+,21,13,High
2024-06-15,South,O-,28,4,High
2024-06-15,East,A+,32,22,High
2024-06-15,East,A-,14,5,High
2024-06-15,East,B+,34,29,Medium
2024-06-15,East,B-,39,17,High
2024-06-15,East,AB+,30,11,High
2024-06-15,East,AB-,27,16,High
2024-06-15,East,O+,30,29,Medium
2024-06-15,East,O-,31,32,Low
2024-06-15,West,A+,33,31,Medium
2024-06-15,West,A-,29,32,Low
2024-06-15,West,B+,28,24,Medium
2024-06-15,West,B-,25,45,Low
2024-06-15,West,AB+,30,11,High
2024-06-15,West,AB-,38,16,High
2024-06-15,West,O+,20,16,Medium
2024-06-15,West,O-,17,39,Low
2024-06-15,Central,A+,17,45,Low
2024-06-15,Central,A-,28,32,Low
2024-06-15,Central,B+,40,29,Medium
2024-06-15,Central,B-,28,44,Low
2024-06-15,Central,AB+,24,16,High
2024-06-15,Central,AB-,30,12,High
2024-06-15,Central,O+,35,9,High
2024-06-15,Central,O-,39,44,Low
2024-06-16,North,A+,33,22,High
2024-06-16,North,A-,31,6,High
2024-06-16,North,B+,17,16,Medium
2024-06-16,North,B-,26,38,Low
2024-06-16,North,AB+,15,45,Low
2024-06-16,North,AB-,29,36,Low
2024-06-16,North,O+,32,14,High
2024-06-16,North,O-,33,4,High
2024-06-16,South,A+,18,27,Low
2024-06-16,South,A-,16,20,Low
2024-06-16,South,B+,14,44,Low
2024-06-16,South,B-,30,39,Low
2024-06-16,South,AB+,17,12,Medium
2024-06-16,South,AB-,31,23,Medium
2024-06-16,South,O+,34,18,High
2024-06-16,South,O-,13,34,Low
2024-06-16,East,A+,25,42,Low
2024-06-16,East,A-,38,43,Low
2024-06-16,East,B+,7,9,Low
2024-06-16,East,B-,9,8,Medium
2024-06-16,East,AB+,6,3,High
2024-06-16,East,AB-,8,24,Low
2024-06-16,East,O+,10,23,Low
2024-06-16,East,O-,27,15,High
2024-06-16,West,A+,14,16,Low
2024-06-16,West,A-,24,7,High
2024-06-16,West,B+,28,42,Low
2024-06-16,West,B-,25,40,Low
2024-06-16,West,AB+,33,33,Low
2024-06-16,West,AB-,26,14,High
2024-06-16,West,O+,23,22,Medium
2024-06-16,West,O-,11,38,Low
2024-06-16,Central,A+,15,12,Medium
2024-06-16,Central,A-,15,29,Low
2024-06-16,Central,B+,12,37,Low
2024-06-16,Central,B-,31,13,High
2024-06-16,Central,AB+,40,38,Medium
2024-06-16,Central,AB-,35,20,High
2024-06-16,Central,O+,20,10,High
2024-06-16,Central,O-,14,31,Low
2024-06-17,North,A+,11,5,High
2024-06-17,North,A-,13,27,Low
2024-06-17,North,B+,35,27,Medium
2024-06-17,North,B-,35,13,High
2024-06-17,North,AB+,6,40,Low
2024-06-17,North,AB-,28,31,Low
2024-06-17,North,O+,16,31,Low
2024-06-17,North,O-,6,34,Low
2024-06-17,South,A+,27,24,Medium
2024-06-17,South,A-,10,26,Low
2024-06-17,South,B+,9,14,Low
2024-06-17,South,B-,13,42,Low
2024-06-17,South,AB+,24,28,Low
2024-06-17,South,AB-,14,10,Medium
2024-06-17,South,O+,17,43,Low
2024-06-17,South,O-,25,21,Medium
2024-06-17,East,A+,10,25,Low
2024-06-17,East,A-,36,4,High
2024-06-17,East,B+,31,13,High
2024-06-17,East,B-,28,19,High
2024-06-17,East,AB+,17,35,Low
2024-06-17,East,AB-,22,36,Low
2024-06-17,East,O+,6,34,Low
2024-06-17,East,O-,25,13,High
2024-06-17,West,A+,8,44,Low
2024-06-17,West,A-,20,22,Low
2024-06-17,West,B+,21,31,Low
2024-06-17,West,B-,32,24,Medium
2024-06-17,West,AB+,7,20,Low
2024-06-17,West,AB-,34,45,Low
2024-06-17,West,O+,10,24,Low
2024-06-17,West,O-,40,5,High
2024-06-17,Central,A+,13,42,Low
2024-06-17,Central,A-,5,39,Low
2024-06-17,Central,B+,6,22,Low
2024-06-17,Central,B-,29,15,High
2024-06-17,Central,AB+,35,27,Medium
2024-06-17,Central,AB-,29,5,High
2024-06-17,Central,O+,22,27,Low
2024-06-17,Central,O-,26,26,Low
2024-06-18,North,A+,37,30,Medium
2024-06-18,North,A-,31,24,Medium
2024-06-18,North,B+,13,25,Low
2024-06-18,North,B-,21,38,Low
2024-06-18,North,AB+,17,34,Low
2024-06-18,North,AB-,23,20,Medium
2024-06-18,North,O+,10,31,Low
2024-06-18,North,O-,10,45,Low
2024-06-18,South,A+,25,35,Low
2024-06-18,South,A-,12,4,High
2024-06-18,South,B+,13,9,High
2024-06-18,South,B-,20,7,High
2024-06-18,South,AB+,16,26,Low
2024-06-18,South,AB-,9,12,Low
2024-06-18,South,O+,20,8,High
2024-06-18,South,O-,9,3,High
2024-06-18,East,A+,5,24,Low
2024-06-18,East,A-,9,12,Low
2024-06-18,East,B+,34,43,Low
2024-06-18,East,B-,26,45,Low
2024-06-18,East,AB+,11,42,Low
2024-06-18,East,AB-,12,6,High
2024-06-18,East,O+,13,15,Low
2024-06-18,East,O-,10,14,Low
2024-06-18,West,A+,10,8,Medium
2024-06-18,West,A-,5,30,Low
2024-06-18,West,B+,19,16,Medium
2024-06-18,West,B-,8,8,Low
2024-06-18,West,AB+,29,23,Medium
2024-06-18,West,AB-,38,15,High
2024-06-18,West,O+,35,15,High
2024-06-18,West,O-,36,41,Low
2024-06-18,Central,A+,16,33,Low
2024-06-18,Central,A-,23,40,Low
2024-06-18,Central,B+,8,31,Low
2024-06-18,Central,B-,16,35,Low
2024-06-18,Central,AB+,5,8,Low
2024-06-18,Central,AB-,16,15,Medium
2024-06-18,Central,O+,21,12,High
2024-06-18,Central,O-,39,39,Low
2024-06-19,North,A+,17,10,High
2024-06-19,North,A-,9,15,Low
2024-06-19,North,B+,16,23,Low
2024-06-19,North,B-,19,13,High
2024-06-19,North,AB+,30,43,Low
2024-06-19,North,AB-,23,41,Low
2024-06-19,North,O+,31,35,Low
2024-06-19,North,O-,23,16,High
2024-06-19,South,A+,32,19,High
2024-06-19,South,A-,27,18,High
2024-06-19,South,B+,38,3,High
2024-06-19,South,B-,21,21,Low
2024-06-19,South,AB+,15,7,High
2024-06-19,South,AB-,8,7,Medium
2024-06-19,South,O+,36,25,High
2024-06-19,South,O-,8,42,Low
2024-06-19,East,A+,32,8,High
2024-06-19,East,A-,33,3,High
2024-06-19,East,B+,10,23,Low
2024-06-19,East,B-,28,41,Low
2024-06-19,East,AB+,9,39,Low
2024-06-19,East,AB-,21,23,Low
2024-06-19,East,O+,33,25,Medium
2024-06-19,East,O-,35,26,Medium
2024-06-19,West,A+,36,22,High
2024-06-19,West,A-,36,23,High
2024-06-19,West,B+,39,15,High
2024-06-19,West,B-,19,40,Low
2024-06-19,West,AB+,15,5,High
2024-06-19,West,AB-,27,29,Low
2024-06-19,West,O+,34,32,Medium
2024-06-19,West,O-,25,28,Low
2024-06-19,Central,A+,34,32,Medium
2024-06-19,Central,A-,33,12,High
2024-06-19,Central,B+,14,27,Low
2024-06-19,Central,B-,31,4,High
2024-06-19,Central,AB+,13,23,Low
2024-06-19,Central,AB-,29,43,Low
2024-06-19,Central,O+,14,28,Low
2024-06-19,Central,O-,28,3,High
2024-06-20,North,A+,32,45,Low
2024-06-20,North,A-,16,12,Medium
2024-06-20,North,B+,16,16,Low
2024-06-20,North,B-,11,4,High
2024-06-20,North,AB+,30,33,Low
2024-06-20,North,AB-,14,20,Low
2024-06-20,North,O+,26,15,High
2024-06-20,North,O-,6,34,Low
2024-06-20,South,A+,30,13,High
2024-06-20,South,A-,24,38,Low
2024-06-20,South,B+,22,17,Medium
2024-06-20,South,B-,17,34,Low
2024-06-20,South,AB+,36,30,Medium
2024-06-20,South,AB-,32,13,High
2024-06-20,South,O+,36,45,Low
2024-06-20,South,O-,8,25,Low
2024-06-20,East,A+,11,7,High
2024-06-20,East,A-,25,33,Low
2024-06-20,East,B+,23,12,High
2024-06-20,East,B-,20,36,Low
2024-06-20,East,AB+,36,16,High
2024-06-20,East,AB-,31,34,Low
2024-06-20,East,O+,5,22,Low
2024-06-20,East,O-,15,24,Low
2024-06-20,West,A+,24,42,Low
2024-06-20,West,A-,32,42,Low
2024-06-20,West,B+,12,41,Low
2024-06-20,West,B-,13,36,Low
2024-06-20,West,AB+,23,24,Low
2024-06-20,West,AB-,28,11,High
2024-06-20,West,O+,28,39,Low
2024-06-20,West,O-,35,7,High
2024-06-20,Central,A+,6,31,Low
2024-06-20,Central,A-,28,29,Low
2024-06-20,Central,B+,20,16,Medium
2024-06-20,Central,B-,25,17,High
2024-06-20,Central,AB+,25,43,Low
2024-06-20,Central,AB-,35,20,High
2024-06-20,Central,O+,40,24,High
2024-06-20,Central,O-,26,15,High
2024-06-21,North,A+,13,23,Low
2024-06-21,North,A-,19,40,Low
2024-06-21,North,B+,20,18,Medium
2024-06-21,North,B-,36,39,Low
2024-06-21,North,AB+,35,4,High
2024-06-21,North,AB-,25,35,Low
2024-06-21,North,O+,11,27,Low
2024-06-21,North,O-,14,42,Low
2024-06-21,South,A+,25,8,High
2024-06-21,South,A-,38,34,Medium
2024-06-21,South,B+,34,41,Low
2024-06-21,South,B-,22,7,High
2024-06-21,South,AB+,33,27,Medium
2024-06-21,South,AB-,17,20,Low
2024-06-21,South,O+,14,26,Low
2024-06-21,South,O-,8,33,Low
2024-06-21,East,A+,20,17,Medium
2024-06-21,East,A-,5,23,Low
2024-06-21,East,B+,27,42,Low
2024-06-21,East,B-,35,38,Low
2024-06-21,East,AB+,14,20,Low
2024-06-21,East,AB-,25,34,Low
2024-06-21,East,O+,25,41,Low
2024-06-21,East,O-,39,15,High
2024-06-21,West,A+,17,41,Low
2024-06-21,West,A-,12,21,Low
2024-06-21,West,B+,8,15,Low
2024-06-21,West,B-,38,35,Medium
2024-06-21,West,AB+,23,18,Medium
2024-06-21,West,AB-,29,30,Low
2024-06-21,West,O+,5,22,Low
2024-06-21,West,O-,21,16,Medium
2024-06-21,Central,A+,14,21,Low
2024-06-21,Central,A-,6,4,High
2024-06-21,Central,B+,31,8,High
2024-06-21,Central,B-,28,32,Low
2024-06-21,Central,AB+,14,31,Low
2024-06-21,Central,AB-,29,38,Low
2024-06-21,Central,O+,15,41,Low
2024-06-21,Central,O-,33,23,High
2024-06-22,North,A+,11,20,Low
2024-06-22,North,A-,34,20,High
2024-06-22,North,B+,17,41,Low
2024-06-22,North,B-,34,21,High
2024-06-22,North,AB+,15,40,Low
2024-06-22,North,AB-,13,23,Low
2024-06-22,North,O+,6,10,Low
2024-06-22,North,O-,8,23,Low
2024-06-22,South,A+,40,33,Medium
2024-06-22,South,A-,28,12,High
2024-06-22,South,B+,25,27,Low
2024-06-22,South,B-,40,4,High
2024-06-22,South,AB+,32,44,Low
2024-06-22,South,AB-,25,28,Low
2024-06-22,South,O+,16,23,Low
2024-06-22,South,O-,7,44,Low
2024-06-22,East,A+,23,23,Low
2024-06-22,East,A-,7,35,Low
2024-06-22,East,B+,8,11,Low
2024-06-22,East,B-,36,7,High
2024-06-22,East,AB+,9,11,Low
2024-06-22,East,AB-,14,9,High
2024-06-22,East,O+,38,13,High
2024-06-22,East,O-,20,8,High
2024-06-22,West,A+,28,25,Medium
2024-06-22,West,A-,26,8,High
2024-06-22,West,B+,31,24,Medium
2024-06-22,West,B-,9,34,Low
2024-06-22,West,AB+,30,37,Low
2024-06-22,West,AB-,8,36,Low
2024-06-22,West,O+,31,44,Low
2024-06-22,West,O-,30,12,High
2024-06-22,Central,A+,40,8,High
2024-06-22,Central,A-,18,31,Low
2024-06-22,Central,B+,15,10,High
2024-06-22,Central,B-,21,17,Medium
2024-06-22,Central,AB+,20,6,High
2024-06-22,Central,AB-,40,4,High
2024-06-22,Central,O+,8,44,Low
2024-06-22,Central,O-,19,33,Low
2024-06-23,North,A+,7,5,Medium
2024-06-23,North,A-,19,17,Medium
2024-06-23,North,B+,14,11,Medium
2024-06-23,North,B-,37,23,High
2024-06-23,North,AB+,25,27,Low
2024-06-23,North,AB-,30,4,High
2024-06-23,North,O+,37,21,High
2024-06-23,North,O-,36,4,High
2024-06-23,South,A+,31,38,Low
2024-06-23,South,A-,9,5,High
2024-06-23,South,B+,17,40,Low
2024-06-23,South,B-,7,16,Low
2024-06-23,South,AB+,19,40,Low
2024-06-23,South,AB-,36,3,High
2024-06-23,South,O+,27,8,High
2024-06-23,South,O-,28,35,Low
2024-06-23,East,A+,15,28,Low
2024-06-23,East,A-,18,12,High
2024-06-23,East,B+,39,3,High
2024-06-23,East,B-,23,20,Medium
2024-06-23,East,AB+,40,26,High
2024-06-23,East,AB-,37,27,Medium
2024-06-23,East,O+,15,15,Low
2024-06-23,East,O-,21,24,Low
2024-06-23,West,A+,17,23,Low
2024-06-23,West,A-,21,28,Low
2024-06-23,West,B+,12,44,Low
2024-06-23,West,B-,23,31,Low
2024-06-23,West,AB+,6,31,Low
2024-06-23,West,AB-,37,28,Medium
2024-06-23,West,O+,18,14,Medium
2024-06-23,West,O-,12,5,High
2024-06-23,Central,A+,29,9,High
2024-06-23,Central,A-,18,15,Medium
2024-06-23,Central,B+,24,16,High
2024-06-23,Central,B-,24,26,Low
2024-06-23,Central,AB+,34,6,High
2024-06-23,Central,AB-,19,39,Low
2024-06-23,Central,O+,21,16,Medium
2024-06-23,Central,O-,37,4,High
2024-06-24,North,A+,24,3,High
2024-06-24,North,A-,18,14,Medium
2024-06-24,North,B+,26,16,High
2024-06-24,North,B-,36,27,Medium
2024-06-24,North,AB+,25,32,Low
2024-06-24,North,AB-,30,41,Low
2024-06-24,North,O+,15,34,Low
2024-06-24,North,O-,35,38,Low
2024-06-24,South,A+,23,45,Low
2024-06-24,South,A-,20,7,High
2024-06-24,South,B+,11,3,High
2024-06-24,South,B-,6,42,Low
2024-06-24,South,AB+,8,3,High
2024-06-24,South,AB-,22,3,High
2024-06-24,South,O+,24,31,Low
2024-06-24,South,O-,29,39,Low
2024-06-24,East,A+,15,9,High
2024-06-24,East,A-,8,26,Low
2024-06-24,East,B+,18,44,Low
2024-06-24,East,B-,17,30,Low
2024-06-24,East,AB+,28,7,High
2024-06-24,East,AB-,22,29,Low
2024-06-24,East,O+,6,22,Low
2024-06-24,East,O-,7,10,Low
2024-06-24,West,A+,24,12,High
2024-06-24,West,A-,21,32,Low
2024-06-24,West,B+,18,10,High
2024-06-24,West,B-,6,33,Low
2024-06-24,West,AB+,16,3,High
2024-06-24,West,AB-,12,8,High
2024-06-24,West,O+,20,32,Low
2024-06-24,West,O-,40,20,High
2024-06-24,Central,A+,22,4,High
2024-06-24,Central,A-,35,7,High
2024-06-24,Central,B+,14,16,Low
2024-06-24,Central,B-,9,28,Low
2024-06-24,Central,AB+,29,4,High
2024-06-24,Central,AB-,7,34,Low
2024-06-24,Central,O+,32,32,Low
2024-06-24,Central,O-,31,14,High
2024-06-25,North,A+,5,39,Low
2024-06-25,North,A-,7,45,Low
2024-06-25,North,B+,9,20,Low
2024-06-25,North,B-,23,33,Low
2024-06-25,North,AB+,17,20,Low
2024-06-25,North,AB-,6,45,Low
2024-06-25,North,O+,22,15,High
2024-06-25,North,O-,20,31,Low
2024-06-25,South,A+,5,44,Low
2024-06-25,South,A-,7,39,Low
2024-06-25,South,B+,32,38,Low
2024-06-25,South,B-,36,17,High
2024-06-25,South,AB+,8,21,Low
2024-06-25,South,AB-,28,8,High
2024-06-25,South,O+,28,32,Low
2024-06-25,South,O-,35,37,Low
2024-06-25,East,A+,15,26,Low
2024-06-25,East,A-,28,38,Low
2024-06-25,East,B+,39,12,High
2024-06-25,East,B-,25,43,Low
2024-06-25,East,AB+,27,29,Low
2024-06-25,East,AB-,16,40,Low
2024-06-25,East,O+,30,26,Medium
2024-06-25,East,O-,34,25,Medium
2024-06-25,West,A+,23,12,High
2024-06-25,West,A-,36,37,Low
2024-06-25,West,B+,31,26,Medium
2024-06-25,West,B-,32,8,High
2024-06-25,West,AB+,21,11,High
2024-06-25,West,AB-,26,25,Medium
2024-06-25,West,O+,34,31,Medium
2024-06-25,West,O-,39,13,High
2024-06-25,Central,A+,7,24,Low
2024-06-25,Central,A-,37,43,Low
2024-06-25,Central,B+,14,41,Low
2024-06-25,Central,B-,26,37,Low
2024-06-25,Central,AB+,15,39,Low
2024-06-25,Central,AB-,13,16,Low
2024-06-25,Central,O+,30,8,High
2024-06-25,Central,O-,31,10,High
2024-06-26,North,A+,37,37,Low
2024-06-26,North,A-,7,36,Low
2024-06-26,North,B+,11,39,Low
2024-06-26,North,B-,5,19,Low
2024-06-26,North,AB+,40,45,Low
2024-06-26,North,AB-,15,17,Low
2024-06-26,North,O+,26,34,Low
2024-06-26,North,O-,12,23,Low
2024-06-26,South,A+,28,38,Low
2024-06-26,South,A-,30,36,Low
2024-06-26,South,B+,30,17,High
2024-06-26,South,B-,27,29,Low
2024-06-26,South,AB+,11,17,Low
2024-06-26,South,AB-,34,12,High
2024-06-26,South,O+,17,3,High
2024-06-26,South,O-,37,9,High
2024-06-26,East,A+,36,12,High
2024-06-26,East,A-,9,22,Low
2024-06-26,East,B+,20,28,Low
2024-06-26,East,B-,24,16,High
2024-06-26,East,AB+,39,43,Low
2024-06-26,East,AB-,11,15,Low
2024-06-26,East,O+,6,4,High
2024-06-26,East,O-,6,21,Low
2024-06-26,West,A+,12,16,Low
2024-06-26,West,A-,16,7,High
2024-06-26,West,B+,9,19,Low
2024-06-26,West,B-,33,10,High
2024-06-26,West,AB+,32,25,Medium
2024-06-26,West,AB-,30,3,High
2024-06-26,West,O+,24,24,Low
2024-06-26,West,O-,29,26,Medium
2024-06-26,Central,A+,18,22,Low
2024-06-26,Central,A-,32,42,Low
2024-06-26,Central,B+,35,43,Low
2024-06-26,Central,B-,7,34,Low
2024-06-26,Central,AB+,7,34,Low
2024-06-26,Central,AB-,25,25,Low
2024-06-26,Central,O+,6,19,Low
2024-06-26,Central,O-,35,27,Medium
2024-06-27,North,A+,39,9,High
2024-06-27,North,A-,32,40,Low
2024-06-27,North,B+,27,34,Low
2024-06-27,North,B-,6,27,Low
2024-06-27,North,AB+,7,34,Low
2024-06-27,North,AB-,10,33,Low
2024-06-27,North,O+,21,37,Low
2024-06-27,North,O-,10,8,Medium
2024-06-27,South,A+,20,43,Low
2024-06-27,South,A-,11,32,Low
2024-06-27,South,B+,29,24,Medium
2024-06-27,South,B-,20,41,Low
2024-06-27,South,AB+,35,5,High
2024-06-27,South,AB-,25,22,Medium
2024-06-27,South,O+,40,31,Medium
2024-06-27,South,O-,18,42,Low
2024-06-27,East,A+,31,9,High
2024-06-27,East,A-,5,11,Low
2024-06-27,East,B+,6,35,Low
2024-06-27,East,B-,33,7,High
2024-06-27,East,AB+,37,14,High
2024-06-27,East,AB-,34,20,High
2024-06-27,East,O+,29,37,Low
2024-06-27,East,O-,8,19,Low
2024-06-27,West,A+,12,36,Low
2024-06-27,West,A-,36,14,High
2024-06-27,West,B+,33,21,High
2024-06-27,West,B-,15,5,High
2024-06-27,West,AB+,23,41,Low
2024-06-27,West,AB-,26,30,Low
2024-06-27,West,O+,12,12,Low
2024-06-27,West,O-,9,15,Low
2024-06-27,Central,A+,35,34,Medium
2024-06-27,Central,A-,20,3,High
2024-06-27,Central,B+,29,44,Low
2024-06-27,Central,B-,16,27,Low
2024-06-27,Central,AB+,7,22,Low
2024-06-27,Central,AB-,16,17,Low
2024-06-27,Central,O+,26,40,Low
2024-06-27,Central,O-,36,17,High
2024-06-28,North,A+,33,10,High
2024-06-28,North,A-,11,13,Low
2024-06-28,North,B+,13,11,Medium
2024-06-28,North,B-,6,31,Low
2024-06-28,North,AB+,36,26,Medium
2024-06-28,North,AB-,32,4,High
2024-06-28,North,O+,38,26,High
2024-06-28,North,O-,39,9,High
2024-06-28,South,A+,31,33,Low
2024-06-28,South,A-,7,20,Low
2024-06-28,South,B+,32,38,Low
2024-06-28,South,B-,32,7,High
2024-06-28,South,AB+,9,8,Medium
2024-06-28,South,AB-,21,45,Low
2024-06-28,South,O+,27,33,Low
2024-06-28,South,O-,30,35,Low
2024-06-28,East,A+,20,11,High
2024-06-28,East,A-,12,4,High
2024-06-28,East,B+,15,8,High
2024-06-28,East,B-,16,45,Low
2024-06-28,East,AB+,17,31,Low
2024-06-28,East,AB-,39,26,High
2024-06-28,East,O+,40,19,High
2024-06-28,East,O-,35,7,High
2024-06-28,West,A+,16,40,Low
2024-06-28,West,A-,31,10,High
2024-06-28,West,B+,40,5,High
2024-06-28,West,B-,19,15,Medium
2024-06-28,West,AB+,14,22,Low
2024-06-28,West,AB-,13,28,Low
2024-06-28,West,O+,5,26,Low
2024-06-28,West,O-,8,35,Low
2024-06-28,Central,A+,5,10,Low
2024-06-28,Central,A-,38,45,Low
2024-06-28,Central,B+,22,40,Low
2024-06-28,Central,B-,38,3,High
2024-06-28,Central,AB+,24,11,High
2024-06-28,Central,AB-,25,18,Medium
2024-06-28,Central,O+,35,16,High
2024-06-28,Central,O-,17,45,Low
2024-06-29,North,A+,35,33,Medium
2024-06-29,North,A-,35,16,High
2024-06-29,North,B+,11,14,Low
2024-06-29,North,B-,29,38,Low
2024-06-29,North,AB+,39,7,High
2024-06-29,North,AB-,14,45,Low
2024-06-29,North,O+,13,35,Low
2024-06-29,North,O-,14,7,High
2024-06-29,South,A+,35,35,Low
2024-06-29,South,A-,9,39,Low
2024-06-29,South,B+,15,18,Low
2024-06-29,South,B-,31,43,Low
2024-06-29,South,AB+,28,17,High
2024-06-29,South,AB-,21,29,Low
2024-06-29,South,O+,8,30,Low
2024-06-29,South,O-,7,23,Low
2024-06-29,East,A+,30,4,High
2024-06-29,East,A-,17,45,Low
2024-06-29,East,B+,28,28,Low
2024-06-29,East,B-,33,41,Low
2024-06-29,East,AB+,19,11,High
2024-06-29,East,AB-,35,42,Low
2024-06-29,East,O+,37,29,Medium
2024-06-29,East,O-,15,18,Low
2024-06-29,West,A+,38,21,High
2024-06-29,West,A-,36,7,High
2024-06-29,West,B+,32,41,Low
2024-06-29,West,B-,6,29,Low
2024-06-29,West,AB+,9,38,Low
2024-06-29,West,AB-,10,12,Low
2024-06-29,West,O+,7,26,Low
2024-06-29,West,O-,22,28,Low
2024-06-29,Central,A+,22,32,Low
2024-06-29,Central,A-,26,22,Medium
2024-06-29,Central,B+,39,41,Low
2024-06-29,Central,B-,25,22,Medium
2024-06-29,Central,AB+,35,35,Low
2024-06-29,Central,AB-,36,27,Medium
2024-06-29,Central,O+,40,41,Low
2024-06-29,Central,O-,13,33,Low
2024-06-30,North,A+,26,8,High
2024-06-30,North,A-,36,24,High
2024-06-30,North,B+,39,36,Medium
2024-06-30,North,B-,9,19,Low
2024-06-30,North,AB+,22,20,Medium
2024-06-30,North,AB-,23,41,Low
2024-06-30,North,O+,37,17,High
2024-06-30,North,O-,25,23,Medium
2024-06-30,South,A+,20,39,Low
2024-06-30,South,A-,17,25,Low
2024-06-30,South,B+,24,15,High
2024-06-30,South,B-,26,36,Low
2024-06-30,South,AB+,31,20,High
2024-06-30,South,AB-,21,41,Low
2024-06-30,South,O+,32,45,Low
2024-06-30,South,O-,17,42,Low
2024-06-30,East,A+,13,21,Low
2024-06-30,East,A-,17,26,Low
2024-06-30,East,B+,39,38,Medium
2024-06-30,East,B-,25,16,High
2024-06-30,East,AB+,34,40,Low
2024-06-30,East,AB-,38,14,High
2024-06-30,East,O+,12,21,Low
2024-06-30,East,O-,20,16,Medium
2024-06-30,West,A+,26,14,High
2024-06-30,West,A-,36,26,Medium
2024-06-30,West,B+,20,28,Low
2024-06-30,West,B-,35,20,High
2024-06-30,West,AB+,34,37,Low
2024-06-30,West,AB-,26,12,High
2024-06-30,West,O+,21,41,Low
2024-06-30,West,O-,9,19,Low
2024-06-30,Central,A+,12,27,Low
2024-06-30,Central,A-,40,28,Medium
2024-06-30,Central,B+,5,7,Low
2024-06-30,Central,B-,17,19,Low
2024-06-30,Central,AB+,36,32,Medium
2024-06-30,Central,AB-,40,40,Low
2024-06-30,Central,O+,22,35,Low
2024-06-30,Central,O-,31,15,High
2024-07-01,North,A+,22,6,High
2024-07-01,North,A-,32,43,Low
2024-07-01,North,B+,36,41,Low
2024-07-01,North,B-,11,33,Low
2024-07-01,North,AB+,32,27,Medium
2024-07-01,North,AB-,25,10,High
2024-07-01,North,O+,13,14,Low
2024-07-01,North,O-,12,26,Low
2024-07-01,South,A+,8,5,High
2024-07-01,South,A-,9,20,Low
2024-07-01,South,B+,11,38,Low
2024-07-01,South,B-,39,20,High
2024-07-01,South,AB+,13,9,High
2024-07-01,South,AB-,32,16,High
2024-07-01,South,O+,7,45,Low
2024-07-01,South,O-,8,3,High
2024-07-01,East,A+,12,24,Low
2024-07-01,East,A-,22,21,Medium
2024-07-01,East,B+,32,18,High
2024-07-01,East,B-,19,17,Medium
2024-07-01,East,AB+,22,38,Low
2024-07-01,East,AB-,27,18,High
2024-07-01,East,O+,14,4,High
2024-07-01,East,O-,40,40,Low
2024-07-01,West,A+,25,17,High
2024-07-01,West,A-,15,27,Low
2024-07-01,West,B+,18,37,Low
2024-07-01,West,B-,6,13,Low
2024-07-01,West,AB+,10,39,Low
2024-07-01,West,AB-,22,34,Low
2024-07-01,West,O+,12,9,Medium
2024-07-01,West,O-,20,29,Low
2024-07-01,Central,A+,19,18,Medium
2024-07-01,Central,A-,34,42,Low
2024-07-01,Central,B+,15,14,Medium
2024-07-01,Central,B-,19,20,Low
2024-07-01,Central,AB+,11,3,High
2024-07-01,Central,AB-,20,45,Low
2024-07-01,Central,O+,24,30,Low
2024-07-01,Central,O-,29,31,Low
2024-07-02,North,A+,18,17,Medium
2024-07-02,North,A-,11,8,Medium
2024-07-02,North,B+,31,31,Low
2024-07-02,North,B-,33,12,High
2024-07-02,North,AB+,29,42,Low
2024-07-02,North,AB-,29,4,High
2024-07-02,North,O+,39,20,High
2024-07-02,North,O-,18,34,Low
2024-07-02,South,A+,32,36,Low
2024-07-02,South,A-,26,23,Medium
2024-07-02,South,B+,6,34,Low
2024-07-02,South,B-,37,42,Low
2024-07-02,South,AB+,29,31,Low
2024-07-02,South,AB-,18,26,Low
2024-07-02,South,O+,14,7,High
2024-07-02,South,O-,29,13,High
2024-07-02,East,A+,30,16,High
2024-07-02,East,A-,18,23,Low
2024-07-02,East,B+,27,28,Low
2024-07-02,East,B-,22,18,Medium
2024-07-02,East,AB+,23,17,Medium
2024-07-02,East,AB-,29,41,Low
2024-07-02,East,O+,35,4,High
2024-07-02,East,O-,20,44,Low
2024-07-02,West,A+,9,31,Low
2024-07-02,West,A-,6,27,Low
2024-07-02,West,B+,27,26,Medium
2024-07-02,West,B-,29,4,High
2024-07-02,West,AB+,36,30,Medium
2024-07-02,West,AB-,33,30,Medium
2024-07-02,West,O+,10,30,Low
2024-07-02,West,O-,21,25,Low
2024-07-02,Central,A+,19,20,Low
2024-07-02,Central,A-,28,19,High
2024-07-02,Central,B+,35,13,High
2024-07-02,Central,B-,15,17,Low
2024-07-02,Central,AB+,38,41,Low
2024-07-02,Central,AB-,38,15,High
2024-07-02,Central,O+,7,27,Low
2024-07-02,Central,O-,28,6,High
2024-07-03,North,A+,19,8,High
2024-07-03,North,A-,15,8,High
2024-07-03,North,B+,40,6,High
2024-07-03,North,B-,21,8,High
2024-07-03,North,AB+,38,19,High
2024-07-03,North,AB-,33,12,High
2024-07-03,North,O+,23,12,High
2024-07-03,North,O-,32,20,High
2024-07-03,South,A+,16,17,Low
2024-07-03,South,A-,31,22,Medium
2024-07-03,South,B+,15,36,Low
2024-07-03,South,B-,9,17,Low
2024-07-03,South,AB+,10,42,Low
2024-07-03,South,AB-,8,39,Low
2024-07-03,South,O+,16,21,Low
2024-07-03,South,O-,40,33,Medium
2024-07-03,East,A+,32,13,High
2024-07-03,East,A-,20,4,High
2024-07-03,East,B+,17,41,Low
2024-07-03,East,B-,9,7,Medium
2024-07-03,East,AB+,11,20,Low
2024-07-03,East,AB-,16,37,Low
2024-07-03,East,O+,12,32,Low
2024-07-03,East,O-,40,26,High
2024-07-03,West,A+,16,12,Medium
2024-07-03,West,A-,39,14,High
2024-07-03,West,B+,20,3,High
2024-07-03,West,B-,25,13,High
2024-07-03,West,AB+,22,35,Low
2024-07-03,West,AB-,6,35,Low
2024-07-03,West,O+,37,6,High
2024-07-03,West,O-,30,11,High
2024-07-03,Central,A+,15,6,High
2024-07-03,Central,A-,35,12,High
2024-07-03,Central,B+,13,18,Low
2024-07-03,Central,B-,28,39,Low
2024-07-03,Central,AB+,22,32,Low
2024-07-03,Central,AB-,20,32,Low
2024-07-03,Central,O+,16,10,High
2024-07-03,Central,O-,20,13,High
2024-07-04,North,A+,7,7,Low
2024-07-04,North,A-,29,11,High
2024-07-04,North,B+,5,21,Low
2024-07-04,North,B-,34,36,Low
2024-07-04,North,AB+,36,28,Medium
2024-07-04,North,AB-,40,37,Medium
2024-07-04,North,O+,30,36,Low
2024-07-04,North,O-,34,44,Low
2024-07-04,South,A+,38,25,High
2024-07-04,South,A-,30,19,High
2024-07-04,South,B+,38,29,Medium
2024-07-04,South,B-,15,35,Low
2024-07-04,South,AB+,36,11,High
2024-07-04,South,AB-,7,16,Low
2024-07-04,South,O+,9,41,Low
2024-07-04,South,O-,28,22,Medium
2024-07-04,East,A+,12,41,Low
2024-07-04,East,A-,31,27,Medium
2024-07-04,East,B+,29,22,Medium
2024-07-04,East,B-,28,4,High
2024-07-04,East,AB+,25,34,Low
2024-07-04,East,AB-,17,4,High
2024-07-04,East,O+,18,30,Low
2024-07-04,East,O-,14,31,Low
2024-07-04,West,A+,13,44,Low
2024-07-04,West,A-,24,28,Low
2024-07-04,West,B+,20,12,High
2024-07-04,West,B-,6,17,Low
2024-07-04,West,AB+,33,19,High
2024-07-04,West,AB-,36,28,Medium
2024-07-04,West,O+,34,32,Medium
2024-07-04,West,O-,28,16,High
2024-07-04,Central,A+,34,11,High
2024-07-04,Central,A-,31,6,High
2024-07-04,Central,B+,20,12,High
2024-07-04,Central,B-,11,21,Low
2024-07-04,Central,AB+,28,6,High
2024-07-04,Central,AB-,27,32,Low
2024-07-04,Central,O+,29,44,Low
2024-07-04,Central,O-,32,7,High
2024-07-05,North,A+,23,25,Low
2024-07-05,North,A-,37,38,Low
2024-07-05,North,B+,35,5,High
2024-07-05,North,B-,35,7,High
2024-07-05,North,AB+,27,24,Medium
2024-07-05,North,AB-,17,22,Low
2024-07-05,North,O+,37,13,High
2024-07-05,North,O-,5,9,Low
2024-07-05,South,A+,14,38,Low
2024-07-05,South,A-,22,6,High
2024-07-05,South,B+,6,35,Low
2024-07-05,South,B-,18,43,Low
2024-07-05,South,AB+,38,26,High
2024-07-05,South,AB-,6,31,Low
2024-07-05,South,O+,30,24,Medium
2024-07-05,South,O-,34,25,Medium
2024-07-05,East,A+,25,21,Medium
2024-07-05,East,A-,28,6,High
2024-07-05,East,B+,38,40,Low
2024-07-05,East,B-,12,31,Low
2024-07-05,East,AB+,36,30,Medium
2024-07-05,East,AB-,37,5,High
2024-07-05,East,O+,40,39,Medium
2024-07-05,East,O-,37,7,High
2024-07-05,West,A+,14,27,Low
2024-07-05,West,A-,26,45,Low
2024-07-05,West,B+,33,43,Low
2024-07-05,West,B-,22,12,High
2024-07-05,West,AB+,14,15,Low
2024-07-05,West,AB-,10,42,Low
2024-07-05,West,O+,29,20,High
2024-07-05,West,O-,30,17,High
2024-07-05,Central,A+,7,5,Medium
2024-07-05,Central,A-,24,3,High
2024-07-05,Central,B+,13,15,Low
2024-07-05,Central,B-,31,39,Low
2024-07-05,Central,AB+,17,29,Low
2024-07-05,Central,AB-,14,30,Low
2024-07-05,Central,O+,40,39,Medium
2024-07-05,Central,O-,21,16,Medium
2024-07-06,North,A+,5,7,Low
2024-07-06,North,A-,15,5,High
2024-07-06,North,B+,21,33,Low
2024-07-06,North,B-,9,17,Low
2024-07-06,North,AB+,34,13,High
2024-07-06,North,AB-,36,10,High
2024-07-06,North,O+,10,45,Low
2024-07-06,North,O-,34,24,Medium
2024-07-06,South,A+,28,33,Low
2024-07-06,South,A-,21,39,Low
2024-07-06,South,B+,40,38,Medium
2024-07-06,South,B-,26,43,Low
2024-07-06,South,AB+,25,36,Low
2024-07-06,South,AB-,14,45,Low
2024-07-06,South,O+,38,20,High
2024-07-06,South,O-,20,17,Medium
2024-07-06,East,A+,6,30,Low
2024-07-06,East,A-,35,20,High
2024-07-06,East,B+,26,35,Low
2024-07-06,East,B-,24,34,Low
2024-07-06,East,AB+,30,6,High
2024-07-06,East,AB-,24,19,Medium
2024-07-06,East,O+,11,12,Low
2024-07-06,East,O-,40,17,High
2024-07-06,West,A+,19,18,Medium
2024-07-06,West,A-,34,12,High
2024-07-06,West,B+,11,37,Low
2024-07-06,West,B-,37,26,Medium
2024-07-06,West,AB+,31,28,Medium
2024-07-06,West,AB-,31,39,Low
2024-07-06,West,O+,26,22,Medium
2024-07-06,West,O-,10,18,Low
2024-07-06,Central,A+,15,42,Low
2024-07-06,Central,A-,35,45,Low
2024-07-06,Central,B+,9,23,Low
2024-07-06,Central,B-,8,30,Low
2024-07-06,Central,AB+,30,30,Low
2024-07-06,Central,AB-,14,29,Low
2024-07-06,Central,O+,35,4,High
2024-07-06,Central,O-,26,26,Low
2024-07-07,North,A+,12,22,Low
2024-07-07,North,A-,20,34,Low
2024-07-07,North,B+,36,28,Medium
2024-07-07,North,B-,18,28,Low
2024-07-07,North,AB+,32,18,High
2024-07-07,North,AB-,23,18,Medium
2024-07-07,North,O+,15,24,Low
2024-07-07,North,O-,15,41,Low
2024-07-07,South,A+,25,40,Low
2024-07-07,South,A-,29,8,High
2024-07-07,South,B+,11,8,Medium
2024-07-07,South,B-,10,3,High
2024-07-07,South,AB+,14,37,Low
2024-07-07,South,AB-,32,34,Low
2024-07-07,South,O+,10,44,Low
2024-07-07,South,O-,14,6,High
2024-07-07,East,A+,5,33,Low
2024-07-07,East,A-,16,5,High
2024-07-07,East,B+,13,21,Low
2024-07-07,East,B-,28,25,Medium
2024-07-07,East,AB+,10,5,High
2024-07-07,East,AB-,15,22,Low
2024-07-07,East,O+,26,9,High
2024-07-07,East,O-,7,40,Low
2024-07-07,West,A+,10,5,High
2024-07-07,West,A-,5,15,Low
2024-07-07,West,B+,15,28,Low
2024-07-07,West,B-,36,9,High
2024-07-07,West,AB+,22,40,Low
2024-07-07,West,AB-,23,42,Low
2024-07-07,West,O+,38,7,High
2024-07-07,West,O-,23,11,High
2024-07-07,Central,A+,9,32,Low
2024-07-07,Central,A-,21,13,High
2024-07-07,Central,B+,37,9,High
2024-07-07,Central,B-,36,41,Low
2024-07-07,Central,AB+,19,21,Low
2024-07-07,Central,AB-,7,28,Low
2024-07-07,Central,O+,26,45,Low
2024-07-07,Central,O-,15,33,Low
2024-07-08,North,A+,33,25,Medium
2024-07-08,North,A-,37,22,High
2024-07-08,North,B+,23,44,Low
2024-07-08,North,B-,30,29,Medium
2024-07-08,North,AB+,20,22,Low
2024-07-08,North,AB-,25,16,High
2024-07-08,North,O+,20,32,Low
2024-07-08,North,O-,14,12,Medium
2024-07-08,South,A+,7,8,Low
2024-07-08,South,A-,8,40,Low
2024-07-08,South,B+,12,12,Low
2024-07-08,South,B-,11,31,Low
2024-07-08,South,AB+,13,12,Medium
2024-07-08,South,AB-,9,21,Low
2024-07-08,South,O+,26,23,Medium
2024-07-08,South,O-,20,33,Low
2024-07-08,East,A+,32,29,Medium
2024-07-08,East,A-,12,44,Low
2024-07-08,East,B+,40,40,Low
2024-07-08,East,B-,24,16,High
2024-07-08,East,AB+,35,44,Low
2024-07-08,East,AB-,7,26,Low
2024-07-08,East,O+,15,28,Low
2024-07-08,East,O-,17,25,Low
2024-07-08,West,A+,9,6,High
2024-07-08,West,A-,7,19,Low
2024-07-08,West,B+,29,14,High
2024-07-08,West,B-,36,32,Medium
2024-07-08,West,AB+,30,23,Medium
2024-07-08,West,AB-,33,11,High
2024-07-08,West,O+,25,30,Low
2024-07-08,West,O-,25,39,Low
2024-07-08,Central,A+,16,3,High
2024-07-08,Central,A-,15,19,Low
2024-07-08,Central,B+,31,8,High
2024-07-08,Central,B-,36,24,High
2024-07-08,Central,AB+,14,5,High
2024-07-08,Central,AB-,13,18,Low
2024-07-08,Central,O+,37,41,Low
2024-07-08,Central,O-,36,20,High
2024-07-09,North,A+,17,14,Medium
2024-07-09,North,A-,31,5,High
2024-07-09,North,B+,5,43,Low
2024-07-09,North,B-,28,24,Medium
2024-07-09,North,AB+,28,24,Medium
2024-07-09,North,AB-,5,9,Low
2024-07-09,North,O+,35,35,Low
2024-07-09,North,O-,17,16,Medium
2024-07-09,South,A+,14,24,Low
2024-07-09,South,A-,37,20,High
2024-07-09,South,B+,38,28,Medium
2024-07-09,South,B-,38,40,Low
2024-07-09,South,AB+,17,30,Low
2024-07-09,South,AB-,7,32,Low
2024-07-09,South,O+,40,21,High
2024-07-09,South,O-,39,32,Medium
2024-07-09,East,A+,7,21,Low
2024-07-09,East,A-,26,4,High
2024-07-09,East,B+,31,40,Low
2024-07-09,East,B-,9,33,Low
2024-07-09,East,AB+,31,32,Low
2024-07-09,East,AB-,19,23,Low
2024-07-09,East,O+,19,31,Low
2024-07-09,East,O-,21,22,Low
2024-07-09,West,A+,7,17,Low
2024-07-09,West,A-,21,28,Low
2024-07-09,West,B+,21,3,High
2024-07-09,West,B-,38,17,High
2024-07-09,West,AB+,7,17,Low
2024-07-09,West,AB-,33,18,High
2024-07-09,West,O+,30,3,High
2024-07-09,West,O-,32,6,High
2024-07-09,Central,A+,9,20,Low
2024-07-09,Central,A-,39,37,Medium
2024-07-09,Central,B+,31,4,High
2024-07-09,Central,B-,37,43,Low
2024-07-09,Central,AB+,24,41,Low
2024-07-09,Central,AB-,8,34,Low
2024-07-09,Central,O+,18,37,Low
2024-07-09,Central,O-,40,21,High
2024-07-10,North,A+,12,18,Low
2024-07-10,North,A-,29,38,Low
2024-07-10,North,B+,26,14,High
2024-07-10,North,B-,39,44,Low
2024-07-10,North,AB+,17,3,High
2024-07-10,North,AB-,32,8,High
2024-07-10,North,O+,26,44,Low
2024-07-10,North,O-,20,33,Low
2024-07-10,South,A+,6,9,Low
2024-07-10,South,A-,13,19,Low
2024-07-10,South,B+,15,45,Low
2024-07-10,South,B-,23,45,Low
2024-07-10,South,AB+,21,29,Low
2024-07-10,South,AB-,15,30,Low
2024-07-10,South,O+,18,13,Medium
2024-07-10,South,O-,28,9,High
2024-07-10,East,A+,23,22,Medium
2024-07-10,East,A-,39,38,Medium
2024-07-10,East,B+,9,7,Medium
2024-07-10,East,B-,14,10,Medium
2024-07-10,East,AB+,5,18,Low
2024-07-10,East,AB-,9,20,Low
2024-07-10,East,O+,16,10,High
2024-07-10,East,O-,33,24,Medium
2024-07-10,West,A+,12,35,Low
2024-07-10,West,A-,39,32,Medium
2024-07-10,West,B+,37,10,High
2024-07-10,West,B-,35,45,Low
2024-07-10,West,AB+,22,8,High
2024-07-10,West,AB-,27,8,High
2024-07-10,West,O+,27,14,High
2024-07-10,West,O-,29,15,High
2024-07-10,Central,A+,39,19,High
2024-07-10,Central,A-,6,42,Low
2024-07-10,Central,B+,10,7,Medium
2024-07-10,Central,B-,15,12,Medium
2024-07-10,Central,AB+,26,13,High
2024-07-10,Central,AB-,38,37,Medium
2024-07-10,Central,O+,17,33,Low
2024-07-10,Central,O-,27,4,High
2024-07-11,North,A+,26,27,Low
2024-07-11,North,A-,32,9,High
2024-07-11,North,B+,37,28,Medium
2024-07-11,North,B-,18,13,Medium
2024-07-11,North,AB+,17,42,Low
2024-07-11,North,AB-,35,40,Low
2024-07-11,North,O+,9,17,Low
2024-07-11,North,O-,36,38,Low
2024-07-11,South,A+,34,27,Medium
2024-07-11,South,A-,25,44,Low
2024-07-11,South,B+,28,15,High
2024-07-11,South,B-,7,5,Medium
2024-07-11,South,AB+,33,15,High
2024-07-11,South,AB-,5,39,Low
2024-07-11,South,O+,27,4,High
2024-07-11,South,O-,28,44,Low
2024-07-11,East,A+,26,29,Low
2024-07-11,East,A-,5,23,Low
2024-07-11,East,B+,34,8,High
2024-07-11,East,B-,13,9,High
2024-07-11,East,AB+,38,38,Low
2024-07-11,East,AB-,12,40,Low
2024-07-11,East,O+,13,33,Low
2024-07-11,East,O-,36,38,Low
2024-07-11,West,A+,40,24,High
2024-07-11,West,A-,12,42,Low
2024-07-11,West,B+,7,43,Low
2024-07-11,West,B-,25,18,Medium
2024-07-11,West,AB+,24,37,Low
2024-07-11,West,AB-,32,21,High
2024-07-11,West,O+,7,9,Low
2024-07-11,West,O-,8,22,Low
2024-07-11,Central,A+,13,19,Low
2024-07-11,Central,A-,29,12,High
2024-07-11,Central,B+,22,24,Low
2024-07-11,Central,B-,31,7,High
2024-07-11,Central,AB+,38,26,High
2024-07-11,Central,AB-,9,34,Low
2024-07-11,Central,O+,24,22,Medium
2024-07-11,Central,O-,31,4,High
2024-07-12,North,A+,6,21,Low
2024-07-12,North,A-,25,14,High
2024-07-12,North,B+,10,11,Low
2024-07-12,North,B-,38,41,Low
2024-07-12,North,AB+,11,26,Low
2024-07-12,North,AB-,12,9,Medium
2024-07-12,North,O+,21,24,Low
2024-07-12,North,O-,25,10,High
2024-07-12,South,A+,16,39,Low
2024-07-12,South,A-,18,40,Low
2024-07-12,South,B+,10,17,Low
2024-07-12,South,B-,8,20,Low
2024-07-12,South,AB+,24,38,Low
2024-07-12,South,AB-,39,8,High
2024-07-12,South,O+,40,39,Medium
2024-07-12,South,O-,39,22,High
2024-07-12,East,A+,40,45,Low
2024-07-12,East,A-,24,9,High
2024-07-12,East,B+,30,5,High
2024-07-12,East,B-,24,29,Low
2024-07-12,East,AB+,10,45,Low
2024-07-12,East,AB-,26,20,Medium
2024-07-12,East,O+,8,11,Low
2024-07-12,East,O-,9,9,Low
2024-07-12,West,A+,5,9,Low
2024-07-12,West,A-,35,5,High
2024-07-12,West,B+,35,26,Medium
2024-07-12,West,B-,30,37,Low
2024-07-12,West,AB+,11,19,Low
2024-07-12,West,AB-,15,40,Low
2024-07-12,West,O+,40,18,High
2024-07-12,West,O-,10,24,Low
2024-07-12,Central,A+,15,14,Medium
2024-07-12,Central,A-,11,43,Low
2024-07-12,Central,B+,6,33,Low
2024-07-12,Central,B-,18,11,High
2024-07-12,Central,AB+,15,35,Low
2024-07-12,Central,AB-,20,29,Low
2024-07-12,Central,O+,5,36,Low
2024-07-12,Central,O-,22,39,Low
2024-07-13,North,A+,17,34,Low
2024-07-13,North,A-,40,18,High
2024-07-13,North,B+,8,30,Low
2024-07-13,North,B-,18,42,Low
2024-07-13,North,AB+,29,15,High
2024-07-13,North,AB-,38,21,High
2024-07-13,North,O+,27,11,High
2024-07-13,North,O-,30,40,Low
2024-07-13,South,A+,31,40,Low
2024-07-13,South,A-,23,20,Medium
2024-07-13,South,B+,20,42,Low
2024-07-13,South,B-,12,29,Low
2024-07-13,South,AB+,21,44,Low
2024-07-13,South,AB-,36,3,High
2024-07-13,South,O+,12,28,Low
2024-07-13,South,O-,17,19,Low
2024-07-13,East,A+,13,39,Low
2024-07-13,East,A-,16,44,Low
2024-07-13,East,B+,12,45,Low
2024-07-13,East,B-,20,11,High
2024-07-13,East,AB+,7,17,Low
2024-07-13,East,AB-,20,5,High
2024-07-13,East,O+,9,28,Low
2024-07-13,East,O-,13,16,Low
2024-07-13,West,A+,22,10,High
2024-07-13,West,A-,5,44,Low
2024-07-13,West,B+,18,10,High
2024-07-13,West,B-,5,29,Low
2024-07-13,West,AB+,11,24,Low
2024-07-13,West,AB-,18,31,Low
2024-07-13,West,O+,14,12,Medium
2024-07-13,West,O-,12,26,Low
2024-07-13,Central,A+,25,29,Low
2024-07-13,Central,A-,29,45,Low
2024-07-13,Central,B+,38,20,High
2024-07-13,Central,B-,33,45,Low
2024-07-13,Central,AB+,17,43,Low
2024-07-13,Central,AB-,14,16,Low
2024-07-13,Central,O+,29,25,Medium
2024-07-13,Central,O-,17,45,Low
2024-07-14,North,A+,20,34,Low
2024-07-14,North,A-,36,20,High
2024-07-14,North,B+,32,6,High
2024-07-14,North,B-,21,3,High
2024-07-14,North,AB+,32,32,Low
2024-07-14,North,AB-,15,6,High
2024-07-14,North,O+,8,32,Low
2024-07-14,North,O-,38,21,High
2024-07-14,South,A+,18,29,Low
2024-07-14,South,A-,12,21,Low
2024-07-14,South,B+,14,21,Low
2024-07-14,South,B-,22,14,High
2024-07-14,South,AB+,32,3,High
2024-07-14,South,AB-,35,36,Low
2024-07-14,South,O+,9,40,Low
2024-07-14,South,O-,34,25,Medium
2024-07-14,East,A+,24,44,Low
2024-07-14,East,A-,19,31,Low
2024-07-14,East,B+,17,20,Low
2024-07-14,East,B-,35,27,Medium
2024-07-14,East,AB+,22,13,High
2024-07-14,East,AB-,35,17,High
2024-07-14,East,O+,33,11,High
2024-07-14,East,O-,6,18,Low
2024-07-14,West,A+,36,27,Medium
2024-07-14,West,A-,19,38,Low
2024-07-14,West,B+,37,44,Low
2024-07-14,West,B-,14,10,Medium
2024-07-14,West,AB+,22,26,Low
2024-07-14,West,AB-,38,19,High
2024-07-14,West,O+,11,20,Low
2024-07-14,West,O-,38,22,High
2024-07-14,Central,A+,30,4,High
2024-07-14,Central,A-,9,39,Low
2024-07-14,Central,B+,11,18,Low
2024-07-14,Central,B-,23,19,Medium
2024-07-14,Central,AB+,20,45,Low
2024-07-14,Central,AB-,40,42,Low
2024-07-14,Central,O+,38,14,High
2024-07-14,Central,O-,36,36,Low
2024-07-15,North,A+,5,12,Low
2024-07-15,North,A-,6,23,Low
2024-07-15,North,B+,40,29,Medium
2024-07-15,North,B-,26,3,High
2024-07-15,North,AB+,35,15,High
2024-07-15,North,AB-,16,9,High
2024-07-15,North,O+,24,30,Low
2024-07-15,North,O-,21,20,Medium
2024-07-15,South,A+,17,43,Low
2024-07-15,South,A-,30,45,Low
2024-07-15,South,B+,27,9,High
2024-07-15,South,B-,29,33,Low
2024-07-15,South,AB+,17,18,Low
2024-07-15,South,AB-,25,5,High
2024-07-15,South,O+,26,25,Medium
2024-07-15,South,O-,35,18,High
2024-07-15,East,A+,39,24,High
2024-07-15,East,A-,36,17,High
2024-07-15,East,B+,32,38,Low
2024-07-15,East,B-,6,7,Low
2024-07-15,East,AB+,11,39,Low
2024-07-15,East,AB-,13,17,Low
2024-07-15,East,O+,31,5,High
2024-07-15,East,O-,18,32,Low
2024-07-15,West,A+,31,37,Low
2024-07-15,West,A-,9,9,Low
2024-07-15,West,B+,40,31,Medium
2024-07-15,West,B-,13,17,Low
2024-07-15,West,AB+,18,16,Medium
2024-07-15,West,AB-,28,9,High
2024-07-15,West,O+,7,19,Low
2024-07-15,West,O-,5,40,Low
2024-07-15,Central,A+,31,10,High
2024-07-15,Central,A-,22,44,Low
2024-07-15,Central,B+,33,16,High
2024-07-15,Central,B-,10,24,Low
2024-07-15,Central,AB+,20,42,Low
2024-07-15,Central,AB-,12,8,High
2024-07-15,Central,O+,21,41,Low
2024-07-15,Central,O-,39,43,Low
2024-07-16,North,A+,20,5,High
2024-07-16,North,A-,35,20,High
2024-07-16,North,B+,39,13,High
2024-07-16,North,B-,5,34,Low
2024-07-16,North,AB+,18,29,Low
2024-07-16,North,AB-,26,9,High
2024-07-16,North,O+,10,35,Low
2024-07-16,North,O-,19,39,Low
2024-07-16,South,A+,22,3,High
2024-07-16,South,A-,32,25,Medium
2024-07-16,South,B+,27,31,Low
2024-07-16,South,B-,40,13,High
2024-07-16,South,AB+,6,9,Low
2024-07-16,South,AB-,6,45,Low
2024-07-16,South,O+,22,15,High
2024-07-16,South,O-,16,13,Medium
2024-07-16,East,A+,19,5,High
2024-07-16,East,A-,16,15,Medium
2024-07-16,East,B+,18,15,Medium
2024-07-16,East,B-,13,21,Low
2024-07-16,East,AB+,34,6,High
2024-07-16,East,AB-,33,17,High
2024-07-16,East,O+,13,5,High
2024-07-16,East,O-,12,16,Low
2024-07-16,West,A+,28,43,Low
2024-07-16,West,A-,24,30,Low
2024-07-16,West,B+,14,7,High
2024-07-16,West,B-,15,33,Low
2024-07-16,West,AB+,29,3,High
2024-07-16,West,AB-,15,26,Low
2024-07-16,West,O+,7,37,Low
2024-07-16,West,O-,16,29,Low
2024-07-16,Central,A+,11,8,Medium
2024-07-16,Central,A-,15,16,Low
2024-07-16,Central,B+,9,12,Low
2024-07-16,Central,B-,31,9,High
2024-07-16,Central,AB+,32,17,High
2024-07-16,Central,AB-,15,20,Low
2024-07-16,Central,O+,38,38,Low
2024-07-16,Central,O-,38,40,Low
2024-07-17,North,A+,26,31,Low
2024-07-17,North,A-,15,41,Low
2024-07-17,North,B+,39,45,Low
2024-07-17,North,B-,18,31,Low
2024-07-17,North,AB+,32,14,High
2024-07-17,North,AB-,33,20,High
2024-07-17,North,O+,25,19,Medium
2024-07-17,North,O-,18,4,High
2024-07-17,South,A+,17,28,Low
2024-07-17,South,A-,23,27,Low
2024-07-17,South,B+,39,32,Medium
2024-07-17,South,B-,10,40,Low
2024-07-17,South,AB+,12,11,Medium
2024-07-17,South,AB-,8,17,Low
2024-07-17,South,O+,39,10,High
2024-07-17,South,O-,40,33,Medium
2024-07-17,East,A+,30,44,Low
2024-07-17,East,A-,13,6,High
2024-07-17,East,B+,38,14,High
2024-07-17,East,B-,39,17,High
2024-07-17,East,AB+,13,18,Low
2024-07-17,East,AB-,8,35,Low
2024-07-17,East,O+,39,7,High
2024-07-17,East,O-,20,37,Low
2024-07-17,West,A+,40,8,High
2024-07-17,West,A-,26,36,Low
2024-07-17,West,B+,39,8,High
2024-07-17,West,B-,21,19,Medium
2024-07-17,West,AB+,26,38,Low
2024-07-17,West,AB-,13,14,Low
2024-07-17,West,O+,7,30,Low
2024-07-17,West,O-,36,16,High
2024-07-17,Central,A+,13,17,Low
2024-07-17,Central,A-,10,36,Low
2024-07-17,Central,B+,14,42,Low
2024-07-17,Central,B-,33,7,High
2024-07-17,Central,AB+,32,43,Low
2024-07-17,Central,AB-,39,8,High
2024-07-17,Central,O+,25,32,Low
2024-07-17,Central,O-,15,20,Low
2024-07-18,North,A+,26,4,High
2024-07-18,North,A-,7,3,High
2024-07-18,North,B+,6,45,Low
2024-07-18,North,B-,6,4,High
2024-07-18,North,AB+,10,23,Low
2024-07-18,North,AB-,15,43,Low
2024-07-18,North,O+,10,8,Medium
2024-07-18,North,O-,17,33,Low
2024-07-18,South,A+,11,31,Low
2024-07-18,South,A-,39,44,Low
2024-07-18,South,B+,28,6,High
2024-07-18,South,B-,6,12,Low
2024-07-18,South,AB+,27,23,Medium
2024-07-18,South,AB-,29,10,High
2024-07-18,South,O+,37,44,Low
2024-07-18,South,O-,23,21,Medium
2024-07-18,East,A+,21,13,High
2024-07-18,East,A-,10,37,Low
2024-07-18,East,B+,14,41,Low
2024-07-18,East,B-,39,33,Medium
2024-07-18,East,AB+,23,34,Low
2024-07-18,East,AB-,38,7,High
2024-07-18,East,O+,14,14,Low
2024-07-18,East,O-,23,35,Low
2024-07-18,West,A+,7,23,Low
2024-07-18,West,A-,29,33,Low
2024-07-18,West,B+,7,35,Low
2024-07-18,West,B-,32,32,Low
2024-07-18,West,AB+,6,5,Medium
2024-07-18,West,AB-,8,3,High
2024-07-18,West,O+,21,18,Medium
2024-07-18,West,O-,29,25,Medium
2024-07-18,Central,A+,26,8,High
2024-07-18,Central,A-,28,36,Low
2024-07-18,Central,B+,22,36,Low
2024-07-18,Central,B-,14,28,Low
2024-07-18,Central,AB+,29,39,Low
2024-07-18,Central,AB-,12,18,Low
2024-07-18,Central,O+,31,12,High
2024-07-18,Central,O-,22,35,Low
2024-07-19,North,A+,19,23,Low
2024-07-19,North,A-,28,45,Low
2024-07-19,North,B+,8,26,Low
2024-07-19,North,B-,24,13,High
2024-07-19,North,AB+,29,5,High
2024-07-19,North,AB-,40,5,High
2024-07-19,North,O+,35,6,High
2024-07-19,North,O-,31,16,High
2024-07-19,South,A+,20,29,Low
2024-07-19,South,A-,40,32,Medium
2024-07-19,South,B+,27,4,High
2024-07-19,South,B-,38,14,High
2024-07-19,South,AB+,13,7,High
2024-07-19,South,AB-,8,20,Low
2024-07-19,South,O+,8,10,Low
2024-07-19,South,O-,30,19,High
2024-07-19,East,A+,38,10,High
2024-07-19,East,A-,40,36,Medium
2024-07-19,East,B+,5,19,Low
2024-07-19,East,B-,21,44,Low
2024-07-19,East,AB+,16,38,Low
2024-07-19,East,AB-,35,34,Medium
2024-07-19,East,O+,20,36,Low
2024-07-19,East,O-,17,27,Low
2024-07-19,West,A+,17,36,Low
2024-07-19,West,A-,9,28,Low
2024-07-19,West,B+,22,18,Medium
2024-07-19,West,B-,14,7,High
2024-07-19,West,AB+,14,28,Low
2024-07-19,West,AB-,23,13,High
2024-07-19,West,O+,38,39,Low
2024-07-19,West,O-,24,29,Low
2024-07-19,Central,A+,24,13,High
2024-07-19,Central,A-,6,18,Low
2024-07-19,Central,B+,31,11,High
2024-07-19,Central,B-,28,36,Low
2024-07-19,Central,AB+,32,16,High
2024-07-19,Central,AB-,11,22,Low
2024-07-19,Central,O+,21,8,High
2024-07-19,Central,O-,34,5,High
2024-07-20,North,A+,29,21,Medium
2024-07-20,North,A-,29,13,High
2024-07-20,North,B+,27,26,Medium
2024-07-20,North,B-,23,5,High
2024-07-20,North,AB+,16,28,Low
2024-07-20,North,AB-,19,26,Low
2024-07-20,North,O+,26,37,Low
2024-07-20,North,O-,16,21,Low
2024-07-20,South,A+,17,4,High
2024-07-20,South,A-,10,33,Low
2024-07-20,South,B+,29,22,Medium
2024-07-20,South,B-,31,20,High
2024-07-20,South,AB+,23,35,Low
2024-07-20,South,AB-,38,35,Medium
2024-07-20,South,O+,6,17,Low
2024-07-20,South,O-,11,26,Low
2024-07-20,East,A+,20,38,Low
2024-07-20,East,A-,37,36,Medium
2024-07-20,East,B+,16,20,Low
2024-07-20,East,B-,26,11,High
2024-07-20,East,AB+,34,42,Low
2024-07-20,East,AB-,8,24,Low
2024-07-20,East,O+,7,21,Low
2024-07-20,East,O-,8,21,Low
2024-07-20,West,A+,20,16,Medium
2024-07-20,West,A-,18,16,Medium
2024-07-20,West,B+,27,15,High
2024-07-20,West,B-,38,19,High
2024-07-20,West,AB+,25,10,High
2024-07-20,West,AB-,30,17,High
2024-07-20,West,O+,14,9,High
2024-07-20,West,O-,10,9,Medium
2024-07-20,Central,A+,34,36,Low
2024-07-20,Central,A-,34,10,High
2024-07-20,Central,B+,39,6,High
2024-07-20,Central,B-,17,18,Low
2024-07-20,Central,AB+,10,43,Low
2024-07-20,Central,AB-,17,34,Low
2024-07-20,Central,O+,18,11,High
2024-07-20,Central,O-,30,44,Low
2024-07-21,North,A+,25,17,High
2024-07-21,North,A-,7,29,Low
2024-07-21,North,B+,7,7,Low
2024-07-21,North,B-,10,42,Low
2024-07-21,North,AB+,37,34,Medium
2024-07-21,North,AB-,25,27,Low
2024-07-21,North,O+,11,32,Low
2024-07-21,North,O-,37,29,Medium
2024-07-21,South,A+,40,36,Medium
2024-07-21,South,A-,5,3,High
2024-07-21,South,B+,16,16,Low
2024-07-21,South,B-,6,4,High
2024-07-21,South,AB+,11,24,Low
2024-07-21,South,AB-,31,10,High
2024-07-21,South,O+,40,11,High
2024-07-21,South,O-,38,3,High
2024-07-21,East,A+,20,27,Low
2024-07-21,East,A-,26,33,Low
2024-07-21,East,B+,36,19,High
2024-07-21,East,B-,23,41,Low
2024-07-21,East,AB+,12,29,Low
2024-07-21,East,AB-,5,42,Low
2024-07-21,East,O+,18,28,Low
2024-07-21,East,O-,28,42,Low
2024-07-21,West,A+,27,11,High
2024-07-21,West,A-,8,7,Medium
2024-07-21,West,B+,24,41,Low
2024-07-21,West,B-,9,10,Low
2024-07-21,West,AB+,38,43,Low
2024-07-21,West,AB-,23,9,High
2024-07-21,West,O+,39,21,High
2024-07-21,West,O-,19,17,Medium
2024-07-21,Central,A+,30,36,Low
2024-07-21,Central,A-,35,24,High
2024-07-21,Central,B+,6,40,Low
2024-07-21,Central,B-,13,29,Low
2024-07-21,Central,AB+,17,13,Medium
2024-07-21,Central,AB-,15,16,Low
2024-07-21,Central,O+,37,12,High
2024-07-21,Central,O-,9,18,Low
2024-07-22,North,A+,33,20,High
2024-07-22,North,A-,26,24,Medium
2024-07-22,North,B+,31,7,High
2024-07-22,North,B-,10,19,Low
2024-07-22,North,AB+,7,21,Low
2024-07-22,North,AB-,13,36,Low
2024-07-22,North,O+,39,29,Medium
2024-07-22,North,O-,7,26,Low
2024-07-22,South,A+,6,24,Low
2024-07-22,South,A-,20,34,Low
2024-07-22,South,B+,30,30,Low
2024-07-22,South,B-,32,5,High
2024-07-22,South,AB+,38,9,High
2024-07-22,South,AB-,12,11,Medium
2024-07-22,South,O+,32,4,High
2024-07-22,South,O-,7,15,Low
2024-07-22,East,A+,8,36,Low
2024-07-22,East,A-,18,26,Low
2024-07-22,East,B+,29,28,Medium
2024-07-22,East,B-,10,4,High
2024-07-22,East,AB+,29,12,High
2024-07-22,East,AB-,34,7,High
2024-07-22,East,O+,25,16,High
2024-07-22,East,O-,11,14,Low
2024-07-22,West,A+,18,19,Low
2024-07-22,West,A-,26,25,Medium
2024-07-22,West,B+,8,30,Low
2024-07-22,West,B-,37,38,Low
2024-07-22,West,AB+,16,30,Low
2024-07-22,West,AB-,11,34,Low
2024-07-22,West,O+,36,30,Medium
2024-07-22,West,O-,40,44,Low
2024-07-22,Central,A+,14,42,Low
2024-07-22,Central,A-,18,36,Low
2024-07-22,Central,B+,21,21,Low
2024-07-22,Central,B-,7,10,Low
2024-07-22,Central,AB+,20,22,Low
2024-07-22,Central,AB-,40,3,High
2024-07-22,Central,O+,38,31,Medium
2024-07-22,Central,O-,17,24,Low
2024-07-23,North,A+,24,18,Medium
2024-07-23,North,A-,35,45,Low
2024-07-23,North,B+,40,36,Medium
2024-07-23,North,B-,13,29,Low
2024-07-23,North,AB+,7,16,Low
2024-07-23,North,AB-,19,44,Low
2024-07-23,North,O+,28,42,Low
2024-07-23,North,O-,12,6,High
2024-07-23,South,A+,11,45,Low
2024-07-23,South,A-,28,31,Low
2024-07-23,South,B+,6,41,Low
2024-07-23,South,B-,8,35,Low
2024-07-23,South,AB+,28,39,Low
2024-07-23,South,AB-,9,21,Low
2024-07-23,South,O+,23,39,Low
2024-07-23,South,O-,16,4,High
2024-07-23,East,A+,33,19,High
2024-07-23,East,A-,15,28,Low
2024-07-23,East,B+,31,42,Low
2024-07-23,East,B-,29,45,Low
2024-07-23,East,AB+,23,38,Low
2024-07-23,East,AB-,34,8,High
2024-07-23,East,O+,38,21,High
2024-07-23,East,O-,14,37,Low
2024-07-23,West,A+,28,40,Low
2024-07-23,West,A-,29,43,Low
2024-07-23,West,B+,20,12,High
2024-07-23,West,B-,26,39,Low
2024-07-23,West,AB+,11,21,Low
2024-07-23,West,AB-,6,35,Low
2024-07-23,West,O+,24,39,Low
2024-07-23,West,O-,17,14,Medium
2024-07-23,Central,A+,17,9,High
2024-07-23,Central,A-,16,17,Low
2024-07-23,Central,B+,23,12,High
2024-07-23,Central,B-,32,28,Medium
2024-07-23,Central,AB+,40,6,High
2024-07-23,Central,AB-,31,42,Low
2024-07-23,Central,O+,6,38,Low
2024-07-23,Central,O-,35,12,High
2024-07-24,North,A+,30,43,Low
2024-07-24,North,A-,12,32,Low
2024-07-24,North,B+,31,4,High
2024-07-24,North,B-,33,14,High
2024-07-24,North,AB+,18,22,Low
2024-07-24,North,AB-,40,17,High
2024-07-24,North,O+,38,41,Low
2024-07-24,North,O-,19,23,Low
2024-07-24,South,A+,28,44,Low
2024-07-24,South,A-,20,36,Low
2024-07-24,South,B+,13,45,Low
2024-07-24,South,B-,40,4,High
2024-07-24,South,AB+,23,3,High
2024-07-24,South,AB-,27,29,Low
2024-07-24,South,O+,12,12,Low
2024-07-24,South,O-,32,24,Medium
2024-07-24,East,A+,6,38,Low
2024-07-24,East,A-,14,28,Low
2024-07-24,East,B+,27,37,Low
2024-07-24,East,B-,14,30,Low
2024-07-24,East,AB+,22,8,High
2024-07-24,East,AB-,40,27,High
2024-07-24,East,O+,29,25,Medium
2024-07-24,East,O-,31,43,Low
2024-07-24,West,A+,9,16,Low
2024-07-24,West,A-,5,38,Low
2024-07-24,West,B+,35,30,Medium
2024-07-24,West,B-,11,12,Low
2024-07-24,West,AB+,17,36,Low
2024-07-24,West,AB-,25,39,Low
2024-07-24,West,O+,26,10,High
2024-07-24,West,O-,21,15,Medium
2024-07-24,Central,A+,22,28,Low
2024-07-24,Central,A-,39,12,High
2024-07-24,Central,B+,20,40,Low
2024-07-24,Central,B-,24,35,Low
2024-07-24,Central,AB+,22,43,Low
2024-07-24,Central,AB-,7,4,High
2024-07-24,Central,O+,15,33,Low
2024-07-24,Central,O-,19,3,High
2024-07-25,North,A+,5,45,Low
2024-07-25,North,A-,37,30,Medium
2024-07-25,North,B+,30,27,Medium
2024-07-25,North,B-,9,6,High
2024-07-25,North,AB+,12,27,Low
2024-07-25,North,AB-,37,15,High
2024-07-25,North,O+,9,8,Medium
2024-07-25,North,O-,17,42,Low
2024-07-25,South,A+,26,4,High
2024-07-25,South,A-,8,7,Medium
2024-07-25,South,B+,29,36,Low
2024-07-25,South,B-,8,42,Low
2024-07-25,South,AB+,22,8,High
2024-07-25,South,AB-,23,43,Low
2024-07-25,South,O+,9,23,Low
2024-07-25,South,O-,8,32,Low
2024-07-25,East,A+,31,14,High
2024-07-25,East,A-,38,15,High
2024-07-25,East,B+,33,44,Low
2024-07-25,East,B-,31,43,Low
2024-07-25,East,AB+,14,6,High
2024-07-25,East,AB-,28,17,High
2024-07-25,East,O+,22,20,Medium
2024-07-25,East,O-,6,34,Low
2024-07-25,West,A+,33,31,Medium
2024-07-25,West,A-,23,28,Low
2024-07-25,West,B+,15,6,High
2024-07-25,West,B-,33,11,High
2024-07-25,West,AB+,30,29,Medium
2024-07-25,West,AB-,13,41,Low
2024-07-25,West,O+,13,25,Low
2024-07-25,West,O-,6,38,Low
2024-07-25,Central,A+,10,34,Low
2024-07-25,Central,A-,35,27,Medium
2024-07-25,Central,B+,8,13,Low
2024-07-25,Central,B-,9,19,Low
2024-07-25,Central,AB+,6,28,Low
2024-07-25,Central,AB-,38,37,Medium
2024-07-25,Central,O+,21,7,High
2024-07-25,Central,O-,17,15,Medium
2024-07-26,North,A+,17,32,Low
2024-07-26,North,A-,19,8,High
2024-07-26,North,B+,13,23,Low
2024-07-26,North,B-,27,13,High
2024-07-26,North,AB+,17,25,Low
2024-07-26,North,AB-,30,9,High
2024-07-26,North,O+,34,37,Low
2024-07-26,North,O-,10,32,Low
2024-07-26,South,A+,5,16,Low
2024-07-26,South,A-,15,9,High
2024-07-26,South,B+,10,41,Low
2024-07-26,South,B-,15,3,High
2024-07-26,South,AB+,29,10,High
2024-07-26,South,AB-,19,30,Low
2024-07-26,South,O+,20,35,Low
2024-07-26,South,O-,25,11,High
2024-07-26,East,A+,34,34,Low
2024-07-26,East,A-,39,39,Low
2024-07-26,East,B+,27,27,Low
2024-07-26,East,B-,12,15,Low
2024-07-26,East,AB+,18,31,Low
2024-07-26,East,AB-,9,45,Low
2024-07-26,East,O+,39,21,High
2024-07-26,East,O-,24,19,Medium
2024-07-26,West,A+,8,13,Low
2024-07-26,West,A-,25,6,High
2024-07-26,West,B+,14,28,Low
2024-07-26,West,B-,23,35,Low
2024-07-26,West,AB+,7,9,Low
2024-07-26,West,AB-,32,20,High
2024-07-26,West,O+,23,6,High
2024-07-26,West,O-,20,31,Low
2024-07-26,Central,A+,18,19,Low
2024-07-26,Central,A-,11,28,Low
2024-07-26,Central,B+,35,37,Low
2024-07-26,Central,B-,11,12,Low
2024-07-26,Central,AB+,34,34,Low
2024-07-26,Central,AB-,37,13,High
2024-07-26,Central,O+,16,7,High
2024-07-26,Central,O-,5,13,Low
2024-07-27,North,A+,10,34,Low
2024-07-27,North,A-,39,14,High
2024-07-27,North,B+,11,43,Low
2024-07-27,North,B-,17,19,Low
2024-07-27,North,AB+,38,29,Medium
2024-07-27,North,AB-,15,39,Low
2024-07-27,North,O+,39,24,High
2024-07-27,North,O-,36,41,Low
2024-07-27,South,A+,33,17,High
2024-07-27,South,A-,32,17,High
2024-07-27,South,B+,39,18,High
2024-07-27,South,B-,12,35,Low
2024-07-27,South,AB+,16,37,Low
2024-07-27,South,AB-,25,29,Low
2024-07-27,South,O+,6,24,Low
2024-07-27,South,O-,19,39,Low
2024-07-27,East,A+,33,4,High
2024-07-27,East,A-,36,40,Low
2024-07-27,East,B+,39,43,Low
2024-07-27,East,B-,32,28,Medium
2024-07-27,East,AB+,12,32,Low
2024-07-27,East,AB-,35,6,High
2024-07-27,East,O+,30,34,Low
2024-07-27,East,O-,20,28,Low
2024-07-27,West,A+,38,12,High
2024-07-27,West,A-,5,26,Low
2024-07-27,West,B+,5,27,Low
2024-07-27,West,B-,39,12,High
2024-07-27,West,AB+,10,45,Low
2024-07-27,West,AB-,15,14,Medium
2024-07-27,West,O+,19,43,Low
2024-07-27,West,O-,27,23,Medium
2024-07-27,Central,A+,15,8,High
2024-07-27,Central,A-,30,45,Low
2024-07-27,Central,B+,28,3,High
2024-07-27,Central,B-,26,37,Low
2024-07-27,Central,AB+,33,9,High
2024-07-27,Central,AB-,21,28,Low
2024-07-27,Central,O+,14,7,High
2024-07-27,Central,O-,38,44,Low
2024-07-28,North,A+,16,7,High
2024-07-28,North,A-,13,23,Low
2024-07-28,North,B+,30,32,Low
2024-07-28,North,B-,7,38,Low
2024-07-28,North,AB+,39,20,High
2024-07-28,North,AB-,20,30,Low
2024-07-28,North,O+,39,21,High
2024-07-28,North,O-,39,4,High
2024-07-28,South,A+,15,11,Medium
2024-07-28,South,A-,7,24,Low
2024-07-28,South,B+,7,41,Low
2024-07-28,South,B-,19,45,Low
2024-07-28,South,AB+,39,30,Medium
2024-07-28,South,AB-,21,35,Low
2024-07-28,South,O+,23,44,Low
2024-07-28,South,O-,13,22,Low
2024-07-28,East,A+,26,42,Low
2024-07-28,East,A-,37,38,Low
2024-07-28,East,B+,9,44,Low
2024-07-28,East,B-,10,21,Low
2024-07-28,East,AB+,27,31,Low
2024-07-28,East,AB-,39,35,Medium
2024-07-28,East,O+,34,5,High
2024-07-28,East,O-,33,8,High
2024-07-28,West,A+,27,14,High
2024-07-28,West,A-,20,37,Low
2024-07-28,West,B+,30,31,Low
2024-07-28,West,B-,29,33,Low
2024-07-28,West,AB+,17,37,Low
2024-07-28,West,AB-,16,4,High
2024-07-28,West,O+,33,20,High
2024-07-28,West,O-,29,7,High
2024-07-28,Central,A+,9,43,Low
2024-07-28,Central,A-,34,34,Low
2024-07-28,Central,B+,39,34,Medium
2024-07-28,Central,B-,29,37,Low
2024-07-28,Central,AB+,14,42,Low
2024-07-28,Central,AB-,32,35,Low
2024-07-28,Central,O+,36,12,High
2024-07-28,Central,O-,13,23,Low
2024-07-29,North,A+,38,39,Low
2024-07-29,North,A-,17,34,Low
2024-07-29,North,B+,7,44,Low
2024-07-29,North,B-,39,23,High
2024-07-29,North,AB+,38,3,High
2024-07-29,North,AB-,30,44,Low
2024-07-29,North,O+,16,43,Low
2024-07-29,North,O-,20,26,Low
2024-07-29,South,A+,8,20,Low
2024-07-29,South,A-,6,45,Low
2024-07-29,South,B+,28,27,Medium
2024-07-29,South,B-,29,42,Low
2024-07-29,South,AB+,26,32,Low
2024-07-29,South,AB-,7,4,High
2024-07-29,South,O+,12,13,Low
2024-07-29,South,O-,22,37,Low
2024-07-29,East,A+,16,24,Low
2024-07-29,East,A-,28,20,Medium
2024-07-29,East,B+,21,14,High
2024-07-29,East,B-,38,28,Medium
2024-07-29,East,AB+,34,40,Low
2024-07-29,East,AB-,30,15,High
2024-07-29,East,O+,13,25,Low
2024-07-29,East,O-,23,14,High
2024-07-29,West,A+,20,43,Low
2024-07-29,West,A-,13,37,Low
2024-07-29,West,B+,22,28,Low
2024-07-29,West,B-,19,15,Medium
2024-07-29,West,AB+,39,39,Low
2024-07-29,West,AB-,11,24,Low
2024-07-29,West,O+,30,13,High
2024-07-29,West,O-,21,8,High
2024-07-29,Central,A+,25,14,High
2024-07-29,Central,A-,39,24,High
2024-07-29,Central,B+,35,14,High
2024-07-29,Central,B-,26,27,Low
2024-07-29,Central,AB+,15,39,Low
2024-07-29,Central,AB-,15,28,Low
2024-07-29,Central,O+,19,17,Medium
2024-07-29,Central,O-,26,36,Low
2024-07-30,North,A+,28,9,High
2024-07-30,North,A-,19,35,Low
2024-07-30,North,B+,11,38,Low
2024-07-30,North,B-,30,26,Medium
2024-07-30,North,AB+,28,4,High
2024-07-30,North,AB-,36,36,Low
2024-07-30,North,O+,21,27,Low
2024-07-30,North,O-,40,23,High
2024-07-30,South,A+,6,42,Low
2024-07-30,South,A-,25,34,Low
2024-07-30,South,B+,23,19,Medium
2024-07-30,South,B-,19,3,High
2024-07-30,South,AB+,17,22,Low
2024-07-30,South,AB-,12,35,Low
2024-07-30,South,O+,9,10,Low
2024-07-30,South,O-,35,41,Low
2024-07-30,East,A+,35,13,High
2024-07-30,East,A-,8,15,Low
2024-07-30,East,B+,38,24,High
2024-07-30,East,B-,20,20,Low
2024-07-30,East,AB+,7,8,Low
2024-07-30,East,AB-,28,16,High
2024-07-30,East,O+,30,22,Medium
2024-07-30,East,O-,10,23,Low
2024-07-30,West,A+,23,32,Low
2024-07-30,West,A-,11,23,Low
2024-07-30,West,B+,25,15,High
2024-07-30,West,B-,11,16,Low
2024-07-30,West,AB+,16,26,Low
2024-07-30,West,AB-,18,29,Low
2024-07-30,West,O+,35,36,Low
2024-07-30,West,O-,11,18,Low
2024-07-30,Central,A+,32,31,Medium
2024-07-30,Central,A-,25,5,High
2024-07-30,Central,B+,6,42,Low
2024-07-30,Central,B-,22,12,High
2024-07-30,Central,AB+,11,21,Low
2024-07-30,Central,AB-,10,5,High
2024-07-30,Central,O+,27,14,High
2024-07-30,Central,O-,34,27,Medium
2024-07-31,North,A+,38,10,High
2024-07-31,North,A-,38,33,Medium
2024-07-31,North,B+,40,6,High
2024-07-31,North,B-,13,33,Low
2024-07-31,North,AB+,5,20,Low
2024-07-31,North,AB-,28,11,High
2024-07-31,North,O+,20,35,Low
2024-07-31,North,O-,38,38,Low
2024-07-31,South,A+,27,28,Low
2024-07-31,South,A-,15,11,Medium
2024-07-31,South,B+,26,38,Low
2024-07-31,South,B-,32,29,Medium
2024-07-31,South,AB+,8,23,Low
2024-07-31,South,AB-,37,29,Medium
2024-07-31,South,O+,33,37,Low
2024-07-31,South,O-,33,20,High
2024-07-31,East,A+,24,13,High
2024-07-31,East,A-,13,34,Low
2024-07-31,East,B+,26,35,Low
2024-07-31,East,B-,26,45,Low
2024-07-31,East,AB+,22,37,Low
2024-07-31,East,AB-,26,40,Low
2024-07-31,East,O+,32,26,Medium
2024-07-31,East,O-,25,42,Low
2024-07-31,West,A+,23,14,High
2024-07-31,West,A-,37,11,High
2024-07-31,West,B+,24,42,Low
2024-07-31,West,B-,12,8,High
2024-07-31,West,AB+,32,24,Medium
2024-07-31,West,AB-,6,11,Low
2024-07-31,West,O+,5,5,Low
2024-07-31,West,O-,7,12,Low
2024-07-31,Central,A+,24,26,Low
2024-07-31,Central,A-,19,40,Low
2024-07-31,Central,B+,19,7,High
2024-07-31,Central,B-,20,11,High
2024-07-31,Central,AB+,12,23,Low
2024-07-31,Central,AB-,25,7,High
2024-07-31,Central,O+,18,3,High
2024-07-31,Central,O-,25,24,Medium
2024-08-01,North,A+,35,5,High
2024-08-01,North,A-,38,16,High
2024-08-01,North,B+,32,38,Low
2024-08-01,North,B-,16,9,High
2024-08-01,North,AB+,23,22,Medium
2024-08-01,North,AB-,23,36,Low
2024-08-01,North,O+,38,42,Low
2024-08-01,North,O-,29,27,Medium
2024-08-01,South,A+,36,12,High
2024-08-01,South,A-,36,17,High
2024-08-01,South,B+,32,31,Medium
2024-08-01,South,B-,33,21,High
2024-08-01,South,AB+,31,12,High
2024-08-01,South,AB-,5,11,Low
2024-08-01,South,O+,28,35,Low
2024-08-01,South,O-,15,26,Low
2024-08-01,East,A+,23,16,High
2024-08-01,East,A-,9,36,Low
2024-08-01,East,B+,18,14,Medium
2024-08-01,East,B-,39,9,High
2024-08-01,East,AB+,13,15,Low
2024-08-01,East,AB-,9,11,Low
2024-08-01,East,O+,17,41,Low
2024-08-01,East,O-,14,44,Low
2024-08-01,West,A+,5,43,Low
2024-08-01,West,A-,24,42,Low
2024-08-01,West,B+,10,6,High
2024-08-01,West,B-,29,3,High
2024-08-01,West,AB+,10,36,Low
2024-08-01,West,AB-,20,29,Low
2024-08-01,West,O+,21,34,Low
2024-08-01,West,O-,15,16,Low
2024-08-01,Central,A+,40,32,Medium
2024-08-01,Central,A-,27,4,High
2024-08-01,Central,B+,39,13,High
2024-08-01,Central,B-,35,28,Medium
2024-08-01,Central,AB+,38,8,High
2024-08-01,Central,AB-,34,14,High
2024-08-01,Central,O+,16,25,Low
2024-08-01,Central,O-,35,32,Medium
2024-08-02,North,A+,25,19,Medium
2024-08-02,North,A-,28,38,Low
2024-08-02,North,B+,22,33,Low
2024-08-02,North,B-,13,27,Low
2024-08-02,North,AB+,14,39,Low
2024-08-02,North,AB-,7,23,Low
2024-08-02,North,O+,14,42,Low
2024-08-02,North,O-,10,35,Low
2024-08-02,South,A+,34,27,Medium
2024-08-02,South,A-,40,18,High
2024-08-02,South,B+,11,28,Low
2024-08-02,South,B-,8,38,Low
2024-08-02,South,AB+,16,31,Low
2024-08-02,South,AB-,12,44,Low
2024-08-02,South,O+,35,14,High
2024-08-02,South,O-,9,32,Low
2024-08-02,East,A+,18,15,Medium
2024-08-02,East,A-,33,16,High
2024-08-02,East,B+,16,4,High
2024-08-02,East,B-,25,14,High
2024-08-02,East,AB+,16,12,Medium
2024-08-02,East,AB-,18,29,Low
2024-08-02,East,O+,15,9,High
2024-08-02,East,O-,32,23,Medium
2024-08-02,West,A+,9,43,Low
2024-08-02,West,A-,24,18,Medium
2024-08-02,West,B+,40,38,Medium
2024-08-02,West,B-,14,18,Low
2024-08-02,West,AB+,15,23,Low
2024-08-02,West,AB-,28,18,High
2024-08-02,West,O+,39,16,High
2024-08-02,West,O-,25,38,Low
2024-08-02,Central,A+,24,20,Medium
2024-08-02,Central,A-,31,10,High
2024-08-02,Central,B+,36,44,Low
2024-08-02,Central,B-,34,34,Low
2024-08-02,Central,AB+,19,13,High
2024-08-02,Central,AB-,30,21,Medium
2024-08-02,Central,O+,20,4,High
2024-08-02,Central,O-,26,19,Medium
2024-08-03,North,A+,21,39,Low
2024-08-03,North,A-,36,42,Low
2024-08-03,North,B+,12,14,Low
2024-08-03,North,B-,33,41,Low
2024-08-03,North,AB+,33,3,High
2024-08-03,North,AB-,16,39,Low
2024-08-03,North,O+,16,31,Low
2024-08-03,North,O-,9,13,Low
2024-08-03,South,A+,8,24,Low
2024-08-03,South,A-,20,45,Low
2024-08-03,South,B+,34,36,Low
2024-08-03,South,B-,36,10,High
2024-08-03,South,AB+,18,34,Low
2024-08-03,South,AB-,25,11,High
2024-08-03,South,O+,40,36,Medium
2024-08-03,South,O-,20,11,High
2024-08-03,East,A+,14,4,High
2024-08-03,East,A-,11,11,Low
2024-08-03,East,B+,28,28,Low
2024-08-03,East,B-,8,38,Low
2024-08-03,East,AB+,17,14,Medium
2024-08-03,East,AB-,7,5,Medium
2024-08-03,East,O+,21,38,Low
2024-08-03,East,O-,36,41,Low
2024-08-03,West,A+,34,36,Low
2024-08-03,West,A-,37,35,Medium
2024-08-03,West,B+,33,25,Medium
2024-08-03,West,B-,18,26,Low
2024-08-03,West,AB+,37,25,High
2024-08-03,West,AB-,16,18,Low
2024-08-03,West,O+,39,28,Medium
2024-08-03,West,O-,8,5,High
2024-08-03,Central,A+,17,4,High
2024-08-03,Central,A-,22,22,Low
2024-08-03,Central,B+,20,27,Low
2024-08-03,Central,B-,10,39,Low
2024-08-03,Central,AB+,25,10,High
2024-08-03,Central,AB-,34,7,High
2024-08-03,Central,O+,27,13,High
2024-08-03,Central,O-,18,39,Low
2024-08-04,North,A+,10,4,High
2024-08-04,North,A-,14,44,Low
2024-08-04,North,B+,15,40,Low
2024-08-04,North,B-,27,45,Low
2024-08-04,North,AB+,6,8,Low
2024-08-04,North,AB-,24,15,High
2024-08-04,North,O+,35,20,High
2024-08-04,North,O-,37,15,High
2024-08-04,South,A+,8,42,Low
2024-08-04,South,A-,17,3,High
2024-08-04,South,B+,31,33,Low
2024-08-04,South,B-,10,16,Low
2024-08-04,South,AB+,36,8,High
2024-08-04,South,AB-,12,12,Low
2024-08-04,South,O+,30,6,High
2024-08-04,South,O-,14,12,Medium
2024-08-04,East,A+,12,16,Low
2024-08-04,East,A-,15,10,High
2024-08-04,East,B+,34,29,Medium
2024-08-04,East,B-,34,45,Low
2024-08-04,East,AB+,13,6,High
2024-08-04,East,AB-,12,41,Low
2024-08-04,East,O+,10,10,Low
2024-08-04,East,O-,12,27,Low
2024-08-04,West,A+,30,9,High
2024-08-04,West,A-,13,14,Low
2024-08-04,West,B+,7,10,Low
2024-08-04,West,B-,7,31,Low
2024-08-04,West,AB+,13,24,Low
2024-08-04,West,AB-,38,31,Medium
2024-08-04,West,O+,20,15,Medium
2024-08-04,West,O-,18,5,High
2024-08-04,Central,A+,23,39,Low
2024-08-04,Central,A-,17,30,Low
2024-08-04,Central,B+,29,24,Medium
2024-08-04,Central,B-,18,37,Low
2024-08-04,Central,AB+,5,45,Low
2024-08-04,Central,AB-,16,32,Low
2024-08-04,Central,O+,24,36,Low
2024-08-04,Central,O-,11,12,Low
2024-08-05,North,A+,23,14,High
2024-08-05,North,A-,11,8,Medium
2024-08-05,North,B+,23,4,High
2024-08-05,North,B-,40,28,Medium
2024-08-05,North,AB+,38,11,High
2024-08-05,North,AB-,26,3,High
2024-08-05,North,O+,25,11,High
2024-08-05,North,O-,14,41,Low
2024-08-05,South,A+,23,27,Low
2024-08-05,South,A-,13,4,High
2024-08-05,South,B+,17,26,Low
2024-08-05,South,B-,27,27,Low
2024-08-05,South,AB+,9,44,Low
2024-08-05,South,AB-,5,16,Low
2024-08-05,South,O+,27,11,High
2024-08-05,South,O-,36,4,High
2024-08-05,East,A+,11,17,Low
2024-08-05,East,A-,34,10,High
2024-08-05,East,B+,14,20,Low
2024-08-05,East,B-,17,30,Low
2024-08-05,East,AB+,27,38,Low
2024-08-05,East,AB-,25,37,Low
2024-08-05,East,O+,28,27,Medium
2024-08-05,East,O-,24,11,High
2024-08-05,West,A+,18,4,High
2024-08-05,West,A-,21,7,High
2024-08-05,West,B+,14,4,High
2024-08-05,West,B-,14,33,Low
2024-08-05,West,AB+,8,30,Low
2024-08-05,West,AB-,12,26,Low
2024-08-05,West,O+,15,33,Low
2024-08-05,West,O-,19,38,Low
2024-08-05,Central,A+,36,20,High
2024-08-05,Central,A-,8,13,Low
2024-08-05,Central,B+,8,31,Low
2024-08-05,Central,B-,10,30,Low
2024-08-05,Central,AB+,32,40,Low
2024-08-05,Central,AB-,6,29,Low
2024-08-05,Central,O+,19,11,High
2024-08-05,Central,O-,13,21,Low
2024-08-06,North,A+,38,44,Low
2024-08-06,North,A-,11,24,Low
2024-08-06,North,B+,25,19,Medium
2024-08-06,North,B-,15,43,Low
2024-08-06,North,AB+,5,17,Low
2024-08-06,North,AB-,23,5,High
2024-08-06,North,O+,20,6,High
2024-08-06,North,O-,12,4,High
2024-08-06,South,A+,28,28,Low
2024-08-06,South,A-,36,39,Low
2024-08-06,South,B+,33,26,Medium
2024-08-06,South,B-,32,22,High
2024-08-06,South,AB+,9,26,Low
2024-08-06,South,AB-,33,40,Low
2024-08-06,South,O+,27,26,Medium
2024-08-06,South,O-,23,30,Low
2024-08-06,East,A+,16,18,Low
2024-08-06,East,A-,21,33,Low
2024-08-06,East,B+,11,11,Low
2024-08-06,East,B-,21,32,Low
2024-08-06,East,AB+,32,3,High
2024-08-06,East,AB-,12,5,High
2024-08-06,East,O+,40,6,High
2024-08-06,East,O-,12,35,Low
2024-08-06,West,A+,12,5,High
2024-08-06,West,A-,18,4,High
2024-08-06,West,B+,31,38,Low
2024-08-06,West,B-,19,9,High
2024-08-06,West,AB+,33,28,Medium
2024-08-06,West,AB-,22,8,High
2024-08-06,West,O+,36,13,High
2024-08-06,West,O-,32,36,Low
2024-08-06,Central,A+,7,37,Low
2024-08-06,Central,A-,5,36,Low
2024-08-06,Central,B+,11,45,Low
2024-08-06,Central,B-,28,31,Low
2024-08-06,Central,AB+,11,12,Low
2024-08-06,Central,AB-,6,9,Low
2024-08-06,Central,O+,26,6,High
2024-08-06,Central,O-,34,8,High
2024-08-07,North,A+,17,35,Low
2024-08-07,North,A-,7,29,Low
2024-08-07,North,B+,33,9,High
2024-08-07,North,B-,20,6,High
2024-08-07,North,AB+,34,17,High
2024-08-07,North,AB-,26,8,High
2024-08-07,North,O+,8,21,Low
2024-08-07,North,O-,28,36,Low
2024-08-07,South,A+,22,34,Low
2024-08-07,South,A-,24,15,High
2024-08-07,South,B+,30,14,High
2024-08-07,South,B-,12,15,Low
2024-08-07,South,AB+,6,4,High
2024-08-07,South,AB-,32,14,High
2024-08-07,South,O+,27,37,Low
2024-08-07,South,O-,38,25,High
2024-08-07,East,A+,33,30,Medium
2024-08-07,East,A-,32,41,Low
2024-08-07,East,B+,21,34,Low
2024-08-07,East,B-,6,16,Low
2024-08-07,East,AB+,12,38,Low
2024-08-07,East,AB-,5,24,Low
2024-08-07,East,O+,17,45,Low
2024-08-07,East,O-,17,41,Low
2024-08-07,West,A+,30,13,High
2024-08-07,West,A-,33,19,High
2024-08-07,West,B+,32,28,Medium
2024-08-07,West,B-,32,12,High
2024-08-07,West,AB+,10,25,Low
2024-08-07,West,AB-,9,36,Low
2024-08-07,West,O+,20,11,High
2024-08-07,West,O-,35,4,High
2024-08-07,Central,A+,7,6,Medium
2024-08-07,Central,A-,22,28,Low
2024-08-07,Central,B+,31,30,Medium
2024-08-07,Central,B-,11,22,Low
2024-08-07,Central,AB+,26,43,Low
2024-08-07,Central,AB-,6,7,Low
2024-08-07,Central,O+,12,6,High
2024-08-07,Central,O-,33,40,Low
2024-08-08,North,A+,36,45,Low
2024-08-08,North,A-,34,10,High
2024-08-08,North,B+,21,5,High
2024-08-08,North,B-,6,44,Low
2024-08-08,North,AB+,21,40,Low
2024-08-08,North,AB-,20,37,Low
2024-08-08,North,O+,40,7,High
2024-08-08,North,O-,22,39,Low
2024-08-08,South,A+,5,23,Low
2024-08-08,South,A-,20,45,Low
2024-08-08,South,B+,9,23,Low
2024-08-08,South,B-,16,5,High
2024-08-08,South,AB+,21,42,Low
2024-08-08,South,AB-,37,5,High
2024-08-08,South,O+,24,44,Low
2024-08-08,South,O-,36,28,Medium
2024-08-08,East,A+,38,34,Medium
2024-08-08,East,A-,19,44,Low
2024-08-08,East,B+,9,15,Low
2024-08-08,East,B-,34,40,Low
2024-08-08,East,AB+,33,10,High
2024-08-08,East,AB-,31,27,Medium
2024-08-08,East,O+,40,21,High
2024-08-08,East,O-,11,29,Low
2024-08-08,West,A+,29,9,High
2024-08-08,West,A-,14,16,Low
2024-08-08,West,B+,36,21,High
2024-08-08,West,B-,8,34,Low
2024-08-08,West,AB+,35,39,Low
2024-08-08,West,AB-,22,18,Medium
2024-08-08,West,O+,19,14,Medium
2024-08-08,West,O-,25,30,Low
2024-08-08,Central,A+,16,16,Low
2024-08-08,Central,A-,37,45,Low
2024-08-08,Central,B+,23,40,Low
2024-08-08,Central,B-,12,42,Low
2024-08-08,Central,AB+,33,3,High
2024-08-08,Central,AB-,9,19,Low
2024-08-08,Central,O+,15,30,Low
2024-08-08,Central,O-,13,4,High
2024-08-09,North,A+,18,32,Low
2024-08-09,North,A-,8,35,Low
2024-08-09,North,B+,34,37,Low
2024-08-09,North,B-,15,9,High
2024-08-09,North,AB+,10,29,Low
2024-08-09,North,AB-,8,13,Low
2024-08-09,North,O+,6,43,Low
2024-08-09,North,O-,21,9,High
2024-08-09,South,A+,39,8,High
2024-08-09,South,A-,20,26,Low
2024-08-09,South,B+,37,41,Low
2024-08-09,South,B-,37,40,Low
2024-08-09,South,AB+,33,12,High
2024-08-09,South,AB-,12,8,High
2024-08-09,South,O+,33,4,High
2024-08-09,South,O-,39,35,Medium
2024-08-09,East,A+,23,45,Low
2024-08-09,East,A-,37,4,High
2024-08-09,East,B+,9,37,Low
2024-08-09,East,B-,30,19,High
2024-08-09,East,AB+,24,37,Low
2024-08-09,East,AB-,13,13,Low
2024-08-09,East,O+,12,31,Low
2024-08-09,East,O-,27,36,Low
2024-08-09,West,A+,37,17,High
2024-08-09,West,A-,33,35,Low
2024-08-09,West,B+,28,31,Low
2024-08-09,West,B-,5,37,Low
2024-08-09,West,AB+,16,6,High
2024-08-09,West,AB-,6,19,Low
2024-08-09,West,O+,39,5,High
2024-08-09,West,O-,31,33,Low
2024-08-09,Central,A+,25,33,Low
2024-08-09,Central,A-,10,14,Low
2024-08-09,Central,B+,17,27,Low
2024-08-09,Central,B-,10,22,Low
2024-08-09,Central,AB+,30,8,High
2024-08-09,Central,AB-,10,13,Low
2024-08-09,Central,O+,37,34,Medium
2024-08-09,Central,O-,22,13,High
2024-08-10,North,A+,32,38,Low
2024-08-10,North,A-,37,12,High
2024-08-10,North,B+,34,28,Medium
2024-08-10,North,B-,35,45,Low
2024-08-10,North,AB+,8,20,Low
2024-08-10,North,AB-,7,40,Low
2024-08-10,North,O+,27,17,High
2024-08-10,North,O-,12,19,Low
2024-08-10,South,A+,10,40,Low
2024-08-10,South,A-,32,10,High
2024-08-10,South,B+,27,30,Low
2024-08-10,South,B-,7,34,Low
2024-08-10,South,AB+,40,44,Low
2024-08-10,South,AB-,20,14,Medium
2024-08-10,South,O+,36,21,High
2024-08-10,South,O-,40,38,Medium
2024-08-10,East,A+,19,24,Low
2024-08-10,East,A-,29,25,Medium
2024-08-10,East,B+,11,32,Low
2024-08-10,East,B-,30,14,High
2024-08-10,East,AB+,23,43,Low
2024-08-10,East,AB-,7,41,Low
2024-08-10,East,O+,31,43,Low
2024-08-10,East,O-,23,42,Low
2024-08-10,West,A+,29,27,Medium
2024-08-10,West,A-,39,18,High
2024-08-10,West,B+,21,42,Low
2024-08-10,West,B-,32,4,High
2024-08-10,West,AB+,22,31,Low
2024-08-10,West,AB-,37,22,High
2024-08-10,West,O+,14,7,High
2024-08-10,West,O-,33,3,High
2024-08-10,Central,A+,14,38,Low
2024-08-10,Central,A-,26,9,High
2024-08-10,Central,B+,29,12,High
2024-08-10,Central,B-,15,25,Low
2024-08-10,Central,AB+,20,43,Low
2024-08-10,Central,AB-,31,20,High
2024-08-10,Central,O+,39,37,Medium
2024-08-10,Central,O-,13,3,High
2024-08-11,North,A+,37,39,Low
2024-08-11,North,A-,19,20,Low
2024-08-11,North,B+,39,28,Medium
2024-08-11,North,B-,39,35,Medium
2024-08-11,North,AB+,19,42,Low
2024-08-11,North,AB-,7,30,Low
2024-08-11,North,O+,13,19,Low
2024-08-11,North,O-,30,33,Low
2024-08-11,South,A+,14,36,Low
2024-08-11,South,A-,33,41,Low
2024-08-11,South,B+,9,30,Low
2024-08-11,South,B-,6,42,Low
2024-08-11,South,AB+,9,8,Medium
2024-08-11,South,AB-,24,7,High
2024-08-11,South,O+,18,10,High
2024-08-11,South,O-,20,25,Low
2024-08-11,East,A+,15,16,Low
2024-08-11,East,A-,31,9,High
2024-08-11,East,B+,19,16,Medium
2024-08-11,East,B-,35,29,Medium
2024-08-11,East,AB+,5,24,Low
2024-08-11,East,AB-,16,18,Low
2024-08-11,East,O+,7,19,Low
2024-08-11,East,O-,25,38,Low
2024-08-11,West,A+,37,9,High
2024-08-11,West,A-,30,24,Medium
2024-08-11,West,B+,6,13,Low
2024-08-11,West,B-,28,20,Medium
2024-08-11,West,AB+,24,34,Low
2024-08-11,West,AB-,14,19,Low
2024-08-11,West,O+,12,42,Low
2024-08-11,West,O-,11,30,Low
2024-08-11,Central,A+,25,44,Low
2024-08-11,Central,A-,7,15,Low
2024-08-11,Central,B+,23,20,Medium
2024-08-11,Central,B-,6,39,Low
2024-08-11,Central,AB+,31,28,Medium
2024-08-11,Central,AB-,9,33,Low
2024-08-11,Central,O+,35,7,High
2024-08-11,Central,O-,38,11,High
2024-08-12,North,A+,21,41,Low
2024-08-12,North,A-,39,39,Low
2024-08-12,North,B+,39,43,Low
2024-08-12,North,B-,7,37,Low
2024-08-12,North,AB+,39,3,High
2024-08-12,North,AB-,30,32,Low
2024-08-12,North,O+,40,12,High
2024-08-12,North,O-,11,20,Low
2024-08-12,South,A+,10,31,Low
2024-08-12,South,A-,22,29,Low
2024-08-12,South,B+,38,9,High
2024-08-12,South,B-,19,23,Low
2024-08-12,South,AB+,16,28,Low
2024-08-12,South,AB-,29,19,High
2024-08-12,South,O+,39,30,Medium
2024-08-12,South,O-,39,42,Low
2024-08-12,East,A+,20,40,Low
2024-08-12,East,A-,30,42,Low
2024-08-12,East,B+,40,31,Medium
2024-08-12,East,B-,24,35,Low
2024-08-12,East,AB+,29,39,Low
2024-08-12,East,AB-,24,8,High
2024-08-12,East,O+,25,24,Medium
2024-08-12,East,O-,21,23,Low
2024-08-12,West,A+,8,10,Low
2024-08-12,West,A-,12,42,Low
2024-08-12,West,B+,13,41,Low
2024-08-12,West,B-,16,6,High
2024-08-12,West,AB+,35,26,Medium
2024-08-12,West,AB-,20,27,Low
2024-08-12,West,O+,7,25,Low
2024-08-12,West,O-,12,7,High
2024-08-12,Central,A+,35,8,High
2024-08-12,Central,A-,32,6,High
2024-08-12,Central,B+,19,41,Low
2024-08-12,Central,B-,39,38,Medium
2024-08-12,Central,AB+,30,16,High
2024-08-12,Central,AB-,31,23,Medium
2024-08-12,Central,O+,20,29,Low
2024-08-12,Central,O-,13,9,High
2024-08-13,North,A+,37,40,Low
2024-08-13,North,A-,21,23,Low
2024-08-13,North,B+,28,41,Low
2024-08-13,North,B-,8,27,Low
2024-08-13,North,AB+,36,3,High
2024-08-13,North,AB-,8,4,High
2024-08-13,North,O+,24,11,High
2024-08-13,North,O-,24,36,Low
2024-08-13,South,A+,21,14,High
2024-08-13,South,A-,8,21,Low
2024-08-13,South,B+,29,27,Medium
2024-08-13,South,B-,22,38,Low
2024-08-13,South,AB+,32,30,Medium
2024-08-13,South,AB-,36,29,Medium
2024-08-13,South,O+,8,23,Low
2024-08-13,South,O-,32,19,High
2024-08-13,East,A+,15,3,High
2024-08-13,East,A-,24,23,Medium
2024-08-13,East,B+,32,26,Medium
2024-08-13,East,B-,36,31,Medium
2024-08-13,East,AB+,26,37,Low
2024-08-13,East,AB-,6,39,Low
2024-08-13,East,O+,33,22,High
2024-08-13,East,O-,25,17,High
2024-08-13,West,A+,17,35,Low
2024-08-13,West,A-,6,30,Low
2024-08-13,West,B+,13,18,Low
2024-08-13,West,B-,28,19,High
2024-08-13,West,AB+,30,27,Medium
2024-08-13,West,AB-,13,43,Low
2024-08-13,West,O+,16,29,Low
2024-08-13,West,O-,26,21,Medium
2024-08-13,Central,A+,8,9,Low
2024-08-13,Central,A-,30,43,Low
2024-08-13,Central,B+,26,41,Low
2024-08-13,Central,B-,27,17,High
2024-08-13,Central,AB+,8,3,High
2024-08-13,Central,AB-,32,13,High
2024-08-13,Central,O+,16,10,High
2024-08-13,Central,O-,16,12,Medium
2024-08-14,North,A+,23,14,High
2024-08-14,North,A-,33,30,Medium
2024-08-14,North,B+,35,45,Low
2024-08-14,North,B-,35,22,High
2024-08-14,North,AB+,30,11,High
2024-08-14,North,AB-,25,42,Low
2024-08-14,North,O+,9,27,Low
2024-08-14,North,O-,6,9,Low
2024-08-14,South,A+,10,14,Low
2024-08-14,South,A-,22,9,High
2024-08-14,South,B+,10,26,Low
2024-08-14,South,B-,37,19,High
2024-08-14,South,AB+,39,36,Medium
2024-08-14,South,AB-,29,6,High
2024-08-14,South,O+,5,37,Low
2024-08-14,South,O-,5,9,Low
2024-08-14,East,A+,35,40,Low
2024-08-14,East,A-,38,28,Medium
2024-08-14,East,B+,35,34,Medium
2024-08-14,East,B-,40,11,High
2024-08-14,East,AB+,17,8,High
2024-08-14,East,AB-,16,39,Low
2024-08-14,East,O+,27,31,Low
2024-08-14,East,O-,5,20,Low
2024-08-14,West,A+,33,11,High
2024-08-14,West,A-,31,19,High
2024-08-14,West,B+,15,43,Low
2024-08-14,West,B-,32,7,High
2024-08-14,West,AB+,14,10,Medium
2024-08-14,West,AB-,15,6,High
2024-08-14,West,O+,18,36,Low
2024-08-14,West,O-,21,17,Medium
2024-08-14,Central,A+,35,24,High
2024-08-14,Central,A-,19,30,Low
2024-08-14,Central,B+,27,40,Low
2024-08-14,Central,B-,29,37,Low
2024-08-14,Central,AB+,8,32,Low
2024-08-14,Central,AB-,40,25,High
2024-08-14,Central,O+,15,26,Low
2024-08-14,Central,O-,21,35,Low
2024-08-15,North,A+,16,22,Low
2024-08-15,North,A-,13,10,Medium
2024-08-15,North,B+,40,17,High
2024-08-15,North,B-,37,23,High
2024-08-15,North,AB+,21,26,Low
2024-08-15,North,AB-,22,6,High
2024-08-15,North,O+,7,30,Low
2024-08-15,North,O-,21,22,Low
2024-08-15,South,A+,28,21,Medium
2024-08-15,South,A-,34,24,Medium
2024-08-15,South,B+,14,15,Low
2024-08-15,South,B-,9,10,Low
2024-08-15,South,AB+,13,15,Low
2024-08-15,South,AB-,14,31,Low
2024-08-15,South,O+,23,37,Low
2024-08-15,South,O-,36,42,Low
2024-08-15,East,A+,10,31,Low
2024-08-15,East,A-,33,28,Medium
2024-08-15,East,B+,18,18,Low
2024-08-15,East,B-,23,44,Low
2024-08-15,East,AB+,15,34,Low
2024-08-15,East,AB-,15,4,High
2024-08-15,East,O+,17,38,Low
2024-08-15,East,O-,39,27,High
2024-08-15,West,A+,15,7,High
2024-08-15,West,A-,35,25,Medium
2024-08-15,West,B+,5,44,Low
2024-08-15,West,B-,39,6,High
2024-08-15,West,AB+,9,41,Low
2024-08-15,West,AB-,29,18,High
2024-08-15,West,O+,7,19,Low
2024-08-15,West,O-,26,43,Low
2024-08-15,Central,A+,17,5,High
2024-08-15,Central,A-,29,41,Low
2024-08-15,Central,B+,19,23,Low
2024-08-15,Central,B-,39,35,Medium
2024-08-15,Central,AB+,14,20,Low
2024-08-15,Central,AB-,19,24,Low
2024-08-15,Central,O+,19,22,Low
2024-08-15,Central,O-,5,5,Low
2024-08-16,North,A+,11,35,Low
2024-08-16,North,A-,9,28,Low
2024-08-16,North,B+,33,33,Low
2024-08-16,North,B-,37,21,High
2024-08-16,North,AB+,37,7,High
2024-08-16,North,AB-,32,25,Medium
2024-08-16,North,O+,16,20,Low
2024-08-16,North,O-,21,19,Medium
2024-08-16,South,A+,28,19,High
2024-08-16,South,A-,21,30,Low
2024-08-16,South,B+,8,37,Low
2024-08-16,South,B-,18,37,Low
2024-08-16,South,AB+,28,7,High
2024-08-16,South,AB-,35,41,Low
2024-08-16,South,O+,18,31,Low
2024-08-16,South,O-,40,9,High
2024-08-16,East,A+,5,44,Low
2024-08-16,East,A-,25,18,Medium
2024-08-16,East,B+,12,12,Low
2024-08-16,East,B-,39,32,Medium
2024-08-16,East,AB+,37,35,Medium
2024-08-16,East,AB-,21,37,Low
2024-08-16,East,O+,29,42,Low
2024-08-16,East,O-,32,40,Low
2024-08-16,West,A+,38,35,Medium
2024-08-16,West,A-,14,41,Low
2024-08-16,West,B+,8,22,Low
2024-08-16,West,B-,25,33,Low
2024-08-16,West,AB+,13,33,Low
2024-08-16,West,AB-,11,20,Low
2024-08-16,West,O+,33,11,High
2024-08-16,West,O-,21,27,Low
2024-08-16,Central,A+,19,5,High
2024-08-16,Central,A-,10,41,Low
2024-08-16,Central,B+,39,27,High
2024-08-16,Central,B-,21,14,High
2024-08-16,Central,AB+,22,11,High
2024-08-16,Central,AB-,18,38,Low
2024-08-16,Central,O+,19,40,Low
2024-08-16,Central,O-,33,13,High
2024-08-17,North,A+,38,18,High
2024-08-17,North,A-,20,39,Low
2024-08-17,North,B+,11,12,Low
2024-08-17,North,B-,12,44,Low
2024-08-17,North,AB+,40,34,Medium
2024-08-17,North,AB-,6,28,Low
2024-08-17,North,O+,15,39,Low
2024-08-17,North,O-,18,14,Medium
2024-08-17,South,A+,38,35,Medium
2024-08-17,South,A-,8,39,Low
2024-08-17,South,B+,40,16,High
2024-08-17,South,B-,15,12,Medium
2024-08-17,South,AB+,12,5,High
2024-08-17,South,AB-,12,3,High
2024-08-17,South,O+,16,17,Low
2024-08-17,South,O-,16,3,High
2024-08-17,East,A+,6,7,Low
2024-08-17,East,A-,38,27,Medium
2024-08-17,East,B+,34,30,Medium
2024-08-17,East,B-,29,10,High
2024-08-17,East,AB+,7,4,High
2024-08-17,East,AB-,37,43,Low
2024-08-17,East,O+,40,33,Medium
2024-08-17,East,O-,29,10,High
2024-08-17,West,A+,5,38,Low
2024-08-17,West,A-,10,21,Low
2024-08-17,West,B+,17,26,Low
2024-08-17,West,B-,29,8,High
2024-08-17,West,AB+,23,6,High
2024-08-17,West,AB-,20,38,Low
2024-08-17,West,O+,23,23,Low
2024-08-17,West,O-,20,44,Low
2024-08-17,Central,A+,10,40,Low
2024-08-17,Central,A-,37,6,High
2024-08-17,Central,B+,35,20,High
2024-08-17,Central,B-,31,38,Low
2024-08-17,Central,AB+,13,15,Low
2024-08-17,Central,AB-,25,22,Medium
2024-08-17,Central,O+,31,40,Low
2024-08-17,Central,O-,25,9,High
2024-08-18,North,A+,7,3,High
2024-08-18,North,A-,17,4,High
2024-08-18,North,B+,34,28,Medium
2024-08-18,North,B-,16,3,High
2024-08-18,North,AB+,28,20,Medium
2024-08-18,North,AB-,26,40,Low
2024-08-18,North,O+,29,31,Low
2024-08-18,North,O-,9,24,Low
2024-08-18,South,A+,6,5,Medium
2024-08-18,South,A-,32,30,Medium
2024-08-18,South,B+,29,30,Low
2024-08-18,South,B-,22,8,High
2024-08-18,South,AB+,9,3,High
2024-08-18,South,AB-,30,26,Medium
2024-08-18,South,O+,24,8,High
2024-08-18,South,O-,10,17,Low
2024-08-18,East,A+,23,3,High
2024-08-18,East,A-,33,37,Low
2024-08-18,East,B+,25,9,High
2024-08-18,East,B-,30,42,Low
2024-08-18,East,AB+,22,42,Low
2024-08-18,East,AB-,35,5,High
2024-08-18,East,O+,38,42,Low
2024-08-18,East,O-,5,26,Low
2024-08-18,West,A+,40,15,High
2024-08-18,West,A-,32,29,Medium
2024-08-18,West,B+,40,15,High
2024-08-18,West,B-,23,38,Low
2024-08-18,West,AB+,14,27,Low
2024-08-18,West,AB-,39,39,Low
2024-08-18,West,O+,30,13,High
2024-08-18,West,O-,29,41,Low
2024-08-18,Central,A+,34,3,High
2024-08-18,Central,A-,38,17,High
2024-08-18,Central,B+,39,30,Medium
2024-08-18,Central,B-,40,38,Medium
2024-08-18,Central,AB+,38,43,Low
2024-08-18,Central,AB-,12,33,Low
2024-08-18,Central,O+,38,45,Low
2024-08-18,Central,O-,36,42,Low
2024-08-19,North,A+,9,26,Low
2024-08-19,North,A-,6,26,Low
2024-08-19,North,B+,32,14,High
2024-08-19,North,B-,28,32,Low
2024-08-19,North,AB+,9,39,Low
2024-08-19,North,AB-,34,27,Medium
2024-08-19,North,O+,6,41,Low
2024-08-19,North,O-,20,11,High
2024-08-19,South,A+,6,8,Low
2024-08-19,South,A-,13,30,Low
2024-08-19,South,B+,27,32,Low
2024-08-19,South,B-,38,39,Low
2024-08-19,South,AB+,40,14,High
2024-08-19,South,AB-,29,3,High
2024-08-19,South,O+,24,8,High
2024-08-19,South,O-,40,3,High
2024-08-19,East,A+,28,11,High
2024-08-19,East,A-,9,32,Low
2024-08-19,East,B+,28,24,Medium
2024-08-19,East,B-,37,23,High
2024-08-19,East,AB+,12,32,Low
2024-08-19,East,AB-,36,32,Medium
2024-08-19,East,O+,23,8,High
2024-08-19,East,O-,13,34,Low
2024-08-19,West,A+,23,27,Low
2024-08-19,West,A-,16,7,High
2024-08-19,West,B+,11,37,Low
2024-08-19,West,B-,40,12,High
2024-08-19,West,AB+,22,8,High
2024-08-19,West,AB-,30,11,High
2024-08-19,West,O+,32,20,High
2024-08-19,West,O-,16,13,Medium
2024-08-19,Central,A+,14,41,Low
2024-08-19,Central,A-,35,24,High
2024-08-19,Central,B+,37,40,Low
2024-08-19,Central,B-,9,31,Low
2024-08-19,Central,AB+,8,19,Low
2024-08-19,Central,AB-,28,20,Medium
2024-08-19,Central,O+,13,9,High
2024-08-19,Central,O-,40,25,High
2024-08-20,North,A+,23,26,Low
2024-08-20,North,A-,36,5,High
2024-08-20,North,B+,25,30,Low
2024-08-20,North,B-,37,11,High
2024-08-20,North,AB+,5,39,Low
2024-08-20,North,AB-,14,11,Medium
2024-08-20,North,O+,28,34,Low
2024-08-20,North,O-,5,39,Low
2024-08-20,South,A+,6,6,Low
2024-08-20,South,A-,9,43,Low
2024-08-20,South,B+,30,17,High
2024-08-20,South,B-,26,29,Low
2024-08-20,South,AB+,22,6,High
2024-08-20,South,AB-,34,13,High
2024-08-20,South,O+,18,11,High
2024-08-20,South,O-,22,33,Low
2024-08-20,East,A+,16,35,Low
2024-08-20,East,A-,15,38,Low
2024-08-20,East,B+,25,20,Medium
2024-08-20,East,B-,5,6,Low
2024-08-20,East,AB+,10,34,Low
2024-08-20,East,AB-,38,44,Low
2024-08-20,East,O+,38,14,High
2024-08-20,East,O-,15,19,Low
2024-08-20,West,A+,33,18,High
2024-08-20,West,A-,10,11,Low
2024-08-20,West,B+,31,7,High
2024-08-20,West,B-,29,37,Low
2024-08-20,West,AB+,28,3,High
2024-08-20,West,AB-,35,7,High
2024-08-20,West,O+,8,25,Low
2024-08-20,West,O-,40,44,Low
2024-08-20,Central,A+,8,8,Low
2024-08-20,Central,A-,12,39,Low
2024-08-20,Central,B+,28,3,High
2024-08-20,Central,B-,16,32,Low
2024-08-20,Central,AB+,11,45,Low
2024-08-20,Central,AB-,10,23,Low
2024-08-20,Central,O+,16,30,Low
2024-08-20,Central,O-,10,5,High
2024-08-21,North,A+,28,17,High
2024-08-21,North,A-,33,6,High
2024-08-21,North,B+,13,15,Low
2024-08-21,North,B-,7,5,Medium
2024-08-21,North,AB+,34,7,High
2024-08-21,North,AB-,32,40,Low
2024-08-21,North,O+,25,3,High
2024-08-21,North,O-,5,33,Low
2024-08-21,South,A+,21,44,Low
2024-08-21,South,A-,10,35,Low
2024-08-21,South,B+,24,38,Low
2024-08-21,South,B-,25,21,Medium
2024-08-21,South,AB+,19,44,Low
2024-08-21,South,AB-,14,39,Low
2024-08-21,South,O+,38,32,Medium
2024-08-21,South,O-,31,40,Low
2024-08-21,East,A+,40,39,Medium
2024-08-21,East,A-,18,29,Low
2024-08-21,East,B+,27,11,High
2024-08-21,East,B-,21,20,Medium
2024-08-21,East,AB+,35,10,High
2024-08-21,East,AB-,31,8,High
2024-08-21,East,O+,37,12,High
2024-08-21,East,O-,35,15,High
2024-08-21,West,A+,24,37,Low
2024-08-21,West,A-,10,16,Low
2024-08-21,West,B+,9,5,High
2024-08-21,West,B-,21,24,Low
2024-08-21,West,AB+,7,12,Low
2024-08-21,West,AB-,27,38,Low
2024-08-21,West,O+,30,17,High
2024-08-21,West,O-,16,7,High
2024-08-21,Central,A+,34,21,High
2024-08-21,Central,A-,18,26,Low
2024-08-21,Central,B+,33,19,High
2024-08-21,Central,B-,38,18,High
2024-08-21,Central,AB+,26,12,High
2024-08-21,Central,AB-,31,36,Low
2024-08-21,Central,O+,8,28,Low
2024-08-21,Central,O-,22,37,Low
2024-08-22,North,A+,32,5,High
2024-08-22,North,A-,32,31,Medium
2024-08-22,North,B+,17,40,Low
2024-08-22,North,B-,40,17,High
2024-08-22,North,AB+,21,22,Low
2024-08-22,North,AB-,39,35,Medium
2024-08-22,North,O+,17,38,Low
2024-08-22,North,O-,24,14,High
2024-08-22,South,A+,25,17,High
2024-08-22,South,A-,29,43,Low
2024-08-22,South,B+,24,28,Low
2024-08-22,South,B-,13,37,Low
2024-08-22,South,AB+,8,24,Low
2024-08-22,South,AB-,26,6,High
2024-08-22,South,O+,33,31,Medium
2024-08-22,South,O-,22,6,High
2024-08-22,East,A+,30,26,Medium
2024-08-22,East,A-,33,42,Low
2024-08-22,East,B+,26,25,Medium
2024-08-22,East,B-,10,26,Low
2024-08-22,East,AB+,30,13,High
2024-08-22,East,AB-,18,39,Low
2024-08-22,East,O+,16,3,High
2024-08-22,East,O-,7,37,Low
2024-08-22,West,A+,26,23,Medium
2024-08-22,West,A-,11,5,High
2024-08-22,West,B+,36,43,Low
2024-08-22,West,B-,24,4,High
2024-08-22,West,AB+,11,17,Low
2024-08-22,West,AB-,11,8,Medium
2024-08-22,West,O+,11,32,Low
2024-08-22,West,O-,37,27,Medium
2024-08-22,Central,A+,11,41,Low
2024-08-22,Central,A-,6,12,Low
2024-08-22,Central,B+,26,21,Medium
2024-08-22,Central,B-,33,27,Medium
2024-08-22,Central,AB+,8,14,Low
2024-08-22,Central,AB-,15,43,Low
2024-08-22,Central,O+,6,28,Low
2024-08-22,Central,O-,28,17,High
2024-08-23,North,A+,25,20,Medium
2024-08-23,North,A-,10,14,Low
2024-08-23,North,B+,5,8,Low
2024-08-23,North,B-,13,14,Low
2024-08-23,North,AB+,33,23,High
2024-08-23,North,AB-,27,6,High
2024-08-23,North,O+,5,13,Low
2024-08-23,North,O-,31,6,High
2024-08-23,South,A+,10,23,Low
2024-08-23,South,A-,12,24,Low
2024-08-23,South,B+,18,14,Medium
2024-08-23,South,B-,27,44,Low
2024-08-23,South,AB+,21,31,Low
2024-08-23,South,AB-,26,5,High
2024-08-23,South,O+,33,21,High
2024-08-23,South,O-,7,34,Low
2024-08-23,East,A+,11,31,Low
2024-08-23,East,A-,17,11,High
2024-08-23,East,B+,34,41,Low
2024-08-23,East,B-,40,6,High
2024-08-23,East,AB+,27,40,Low
2024-08-23,East,AB-,28,44,Low
2024-08-23,East,O+,6,17,Low
2024-08-23,East,O-,9,6,High
2024-08-23,West,A+,5,28,Low
2024-08-23,West,A-,23,42,Low
2024-08-23,West,B+,18,22,Low
2024-08-23,West,B-,5,16,Low
2024-08-23,West,AB+,12,3,High
2024-08-23,West,AB-,22,25,Low
2024-08-23,West,O+,13,5,High
2024-08-23,West,O-,18,30,Low
2024-08-23,Central,A+,7,35,Low
2024-08-23,Central,A-,23,7,High
2024-08-23,Central,B+,9,37,Low
2024-08-23,Central,B-,24,43,Low
2024-08-23,Central,AB+,11,17,Low
2024-08-23,Central,AB-,26,42,Low
2024-08-23,Central,O+,16,37,Low
2024-08-23,Central,O-,27,25,Medium
2024-08-24,North,A+,20,26,Low
2024-08-24,North,A-,26,12,High
2024-08-24,North,B+,7,26,Low
2024-08-24,North,B-,29,7,High
2024-08-24,North,AB+,7,6,Medium
2024-08-24,North,AB-,31,34,Low
2024-08-24,North,O+,5,44,Low
2024-08-24,North,O-,6,28,Low
2024-08-24,South,A+,32,38,Low
2024-08-24,South,A-,8,7,Medium
2024-08-24,South,B+,39,27,High
2024-08-24,South,B-,33,33,Low
2024-08-24,South,AB+,21,5,High
2024-08-24,South,AB-,20,33,Low
2024-08-24,South,O+,37,20,High
2024-08-24,South,O-,13,16,Low
2024-08-24,East,A+,17,39,Low
2024-08-24,East,A-,23,22,Medium
2024-08-24,East,B+,28,17,High
2024-08-24,East,B-,6,3,High
2024-08-24,East,AB+,30,34,Low
2024-08-24,East,AB-,34,27,Medium
2024-08-24,East,O+,15,24,Low
2024-08-24,East,O-,25,3,High
2024-08-24,West,A+,18,13,Medium
2024-08-24,West,A-,27,3,High
2024-08-24,West,B+,9,34,Low
2024-08-24,West,B-,18,27,Low
2024-08-24,West,AB+,25,19,Medium
2024-08-24,West,AB-,13,28,Low
2024-08-24,West,O+,16,21,Low
2024-08-24,West,O-,11,32,Low
2024-08-24,Central,A+,39,19,High
2024-08-24,Central,A-,16,40,Low
2024-08-24,Central,B+,8,43,Low
2024-08-24,Central,B-,16,45,Low
2024-08-24,Central,AB+,14,17,Low
2024-08-24,Central,AB-,19,22,Low
2024-08-24,Central,O+,26,9,High
2024-08-24,Central,O-,9,3,High
2024-08-25,North,A+,7,39,Low
2024-08-25,North,A-,7,44,Low
2024-08-25,North,B+,31,5,High
2024-08-25,North,B-,27,18,High
2024-08-25,North,AB+,5,43,Low
2024-08-25,North,AB-,39,38,Medium
2024-08-25,North,O+,31,35,Low
2024-08-25,North,O-,21,18,Medium
2024-08-25,South,A+,5,12,Low
2024-08-25,South,A-,12,8,High
2024-08-25,South,B+,29,28,Medium
2024-08-25,South,B-,33,17,High
2024-08-25,South,AB+,13,42,Low
2024-08-25,South,AB-,5,21,Low
2024-08-25,South,O+,26,32,Low
2024-08-25,South,O-,26,39,Low
2024-08-25,East,A+,40,37,Medium
2024-08-25,East,A-,33,23,High
2024-08-25,East,B+,16,8,High
2024-08-25,East,B-,15,40,Low
2024-08-25,East,AB+,32,22,High
2024-08-25,East,AB-,15,28,Low
2024-08-25,East,O+,7,17,Low
2024-08-25,East,O-,20,29,Low
2024-08-25,West,A+,16,3,High
2024-08-25,West,A-,14,32,Low
2024-08-25,West,B+,28,25,Medium
2024-08-25,West,B-,38,14,High
2024-08-25,West,AB+,9,19,Low
2024-08-25,West,AB-,34,32,Medium
2024-08-25,West,O+,6,41,Low
2024-08-25,West,O-,13,3,High
2024-08-25,Central,A+,33,10,High
2024-08-25,Central,A-,10,25,Low
2024-08-25,Central,B+,15,17,Low
2024-08-25,Central,B-,40,3,High
2024-08-25,Central,AB+,16,15,Medium
2024-08-25,Central,AB-,32,13,High
2024-08-25,Central,O+,11,44,Low
2024-08-25,Central,O-,15,7,High
2024-08-26,North,A+,27,36,Low
2024-08-26,North,A-,12,36,Low
2024-08-26,North,B+,36,3,High
2024-08-26,North,B-,28,39,Low
2024-08-26,North,AB+,11,30,Low
2024-08-26,North,AB-,11,10,Medium
2024-08-26,North,O+,37,30,Medium
2024-08-26,North,O-,18,37,Low
2024-08-26,South,A+,28,24,Medium
2024-08-26,South,A-,40,38,Medium
2024-08-26,South,B+,10,40,Low
2024-08-26,South,B-,25,39,Low
2024-08-26,South,AB+,34,33,Medium
2024-08-26,South,AB-,15,9,High
2024-08-26,South,O+,29,38,Low
2024-08-26,South,O-,38,5,High
2024-08-26,East,A+,8,24,Low
2024-08-26,East,A-,20,33,Low
2024-08-26,East,B+,39,41,Low
2024-08-26,East,B-,18,7,High
2024-08-26,East,AB+,40,27,High
2024-08-26,East,AB-,14,35,Low
2024-08-26,East,O+,35,14,High
2024-08-26,East,O-,37,20,High
2024-08-26,West,A+,26,22,Medium
2024-08-26,West,A-,8,45,Low
2024-08-26,West,B+,11,35,Low
2024-08-26,West,B-,13,13,Low
2024-08-26,West,AB+,35,13,High
2024-08-26,West,AB-,5,6,Low
2024-08-26,West,O+,16,38,Low
2024-08-26,West,O-,18,42,Low
2024-08-26,Central,A+,23,37,Low
2024-08-26,Central,A-,13,43,Low
2024-08-26,Central,B+,19,11,High
2024-08-26,Central,B-,14,6,High
2024-08-26,Central,AB+,21,8,High
2024-08-26,Central,AB-,22,20,Medium
2024-08-26,Central,O+,36,20,High
2024-08-26,Central,O-,18,11,High
2024-08-27,North,A+,38,10,High
2024-08-27,North,A-,9,29,Low
2024-08-27,North,B+,28,39,Low
2024-08-27,North,B-,17,3,High
2024-08-27,North,AB+,13,43,Low
2024-08-27,North,AB-,5,11,Low
2024-08-27,North,O+,7,43,Low
2024-08-27,North,O-,18,6,High
2024-08-27,South,A+,22,12,High
2024-08-27,South,A-,19,11,High
2024-08-27,South,B+,13,31,Low
2024-08-27,South,B-,36,25,High
2024-08-27,South,AB+,13,9,High
2024-08-27,South,AB-,20,26,Low
2024-08-27,South,O+,17,5,High
2024-08-27,South,O-,13,35,Low
2024-08-27,East,A+,10,29,Low
2024-08-27,East,A-,26,6,High
2024-08-27,East,B+,31,19,High
2024-08-27,East,B-,30,15,High
2024-08-27,East,AB+,5,6,Low
2024-08-27,East,AB-,27,41,Low
2024-08-27,East,O+,19,31,Low
2024-08-27,East,O-,34,32,Medium
2024-08-27,West,A+,27,28,Low
2024-08-27,West,A-,11,42,Low
2024-08-27,West,B+,39,17,High
2024-08-27,West,B-,13,7,High
2024-08-27,West,AB+,6,44,Low
2024-08-27,West,AB-,15,41,Low
2024-08-27,West,O+,10,29,Low
2024-08-27,West,O-,9,33,Low
2024-08-27,Central,A+,24,27,Low
2024-08-27,Central,A-,7,13,Low
2024-08-27,Central,B+,38,16,High
2024-08-27,Central,B-,12,4,High
2024-08-27,Central,AB+,21,18,Medium
2024-08-27,Central,AB-,39,20,High
2024-08-27,Central,O+,9,42,Low
2024-08-27,Central,O-,29,28,Medium
2024-08-28,North,A+,15,12,Medium
2024-08-28,North,A-,10,15,Low
2024-08-28,North,B+,12,29,Low
2024-08-28,North,B-,36,3,High
2024-08-28,North,AB+,37,6,High
2024-08-28,North,AB-,28,28,Low
2024-08-28,North,O+,40,26,High
2024-08-28,North,O-,31,28,Medium
2024-08-28,South,A+,34,5,High
2024-08-28,South,A-,29,17,High
2024-08-28,South,B+,30,12,High
2024-08-28,South,B-,10,39,Low
2024-08-28,South,AB+,37,28,Medium
2024-08-28,South,AB-,28,26,Medium
2024-08-28,South,O+,8,22,Low
2024-08-28,South,O-,23,19,Medium
2024-08-28,East,A+,24,44,Low
2024-08-28,East,A-,7,31,Low
2024-08-28,East,B+,32,28,Medium
2024-08-28,East,B-,17,22,Low
2024-08-28,East,AB+,17,17,Low
2024-08-28,East,AB-,31,25,Medium
2024-08-28,East,O+,5,22,Low
2024-08-28,East,O-,29,13,High
2024-08-28,West,A+,34,15,High
2024-08-28,West,A-,13,13,Low
2024-08-28,West,B+,29,11,High
2024-08-28,West,B-,32,10,High
2024-08-28,West,AB+,10,21,Low
2024-08-28,West,AB-,14,19,Low
2024-08-28,West,O+,18,29,Low
2024-08-28,West,O-,13,24,Low
2024-08-28,Central,A+,40,23,High
2024-08-28,Central,A-,22,12,High
2024-08-28,Central,B+,11,35,Low
2024-08-28,Central,B-,37,43,Low
2024-08-28,Central,AB+,7,37,Low
2024-08-28,Central,AB-,36,41,Low
2024-08-28,Central,O+,11,42,Low
2024-08-28,Central,O-,31,12,High
2024-08-29,North,A+,20,22,Low
2024-08-29,North,A-,10,45,Low
2024-08-29,North,B+,29,19,High
2024-08-29,North,B-,19,15,Medium
2024-08-29,North,AB+,40,24,High
2024-08-29,North,AB-,20,11,High
2024-08-29,North,O+,23,32,Low
2024-08-29,North,O-,16,26,Low
2024-08-29,South,A+,8,26,Low
2024-08-29,South,A-,39,18,High
2024-08-29,South,B+,19,18,Medium
2024-08-29,South,B-,21,15,Medium
2024-08-29,South,AB+,7,18,Low
2024-08-29,South,AB-,9,8,Medium
2024-08-29,South,O+,28,45,Low
2024-08-29,South,O-,38,34,Medium
2024-08-29,East,A+,30,4,High
2024-08-29,East,A-,28,20,Medium
2024-08-29,East,B+,28,32,Low
2024-08-29,East,B-,29,39,Low
2024-08-29,East,AB+,22,34,Low
2024-08-29,East,AB-,26,32,Low
2024-08-29,East,O+,30,40,Low
2024-08-29,East,O-,22,43,Low
2024-08-29,West,A+,26,15,High
2024-08-29,West,A-,28,18,High
2024-08-29,West,B+,32,26,Medium
2024-08-29,West,B-,35,20,High
2024-08-29,West,AB+,30,27,Medium
2024-08-29,West,AB-,37,27,Medium
2024-08-29,West,O+,9,30,Low
2024-08-29,West,O-,18,20,Low
2024-08-29,Central,A+,13,8,High
2024-08-29,Central,A-,16,24,Low
2024-08-29,Central,B+,23,26,Low
2024-08-29,Central,B-,6,37,Low
2024-08-29,Central,AB+,5,39,Low
2024-08-29,Central,AB-,26,42,Low
2024-08-29,Central,O+,24,35,Low
2024-08-29,Central,O-,10,24,Low
2024-08-30,North,A+,16,28,Low
2024-08-30,North,A-,14,23,Low
2024-08-30,North,B+,28,39,Low
2024-08-30,North,B-,29,28,Medium
2024-08-30,North,AB+,24,31,Low
2024-08-30,North,AB-,16,10,High
2024-08-30,North,O+,20,3,High
2024-08-30,North,O-,34,20,High
2024-08-30,South,A+,13,18,Low
2024-08-30,South,A-,28,40,Low
2024-08-30,South,B+,12,20,Low
2024-08-30,South,B-,16,27,Low
2024-08-30,South,AB+,12,21,Low
2024-08-30,South,AB-,8,45,Low
2024-08-30,South,O+,21,44,Low
2024-08-30,South,O-,39,40,Low
2024-08-30,East,A+,17,18,Low
2024-08-30,East,A-,15,29,Low
2024-08-30,East,B+,12,22,Low
2024-08-30,East,B-,25,22,Medium
2024-08-30,East,AB+,18,6,High
2024-08-30,East,AB-,33,39,Low
2024-08-30,East,O+,31,17,High
2024-08-30,East,O-,34,17,High
2024-08-30,West,A+,11,4,High
2024-08-30,West,A-,6,37,Low
2024-08-30,West,B+,12,34,Low
2024-08-30,West,B-,38,25,High
2024-08-30,West,AB+,15,12,Medium
2024-08-30,West,AB-,12,8,High
2024-08-30,West,O+,28,38,Low
2024-08-30,West,O-,33,8,High
2024-08-30,Central,A+,40,20,High
2024-08-30,Central,A-,25,13,High
2024-08-30,Central,B+,18,26,Low
2024-08-30,Central,B-,22,14,High
2024-08-30,Central,AB+,32,35,Low
2024-08-30,Central,AB-,34,19,High
2024-08-30,Central,O+,22,44,Low
2024-08-30,Central,O-,36,6,High
2024-08-31,North,A+,12,34,Low
2024-08-31,North,A-,17,44,Low
2024-08-31,North,B+,15,44,Low
2024-08-31,North,B-,6,36,Low
2024-08-31,North,AB+,31,24,Medium
2024-08-31,North,AB-,14,17,Low
2024-08-31,North,O+,33,32,Medium
2024-08-31,North,O-,33,11,High
2024-08-31,South,A+,32,28,Medium
2024-08-31,South,A-,25,29,Low
2024-08-31,South,B+,17,15,Medium
2024-08-31,South,B-,34,3,High
2024-08-31,South,AB+,12,20,Low
2024-08-31,South,AB-,8,44,Low
2024-08-31,South,O+,7,43,Low
2024-08-31,South,O-,27,12,High
2024-08-31,East,A+,33,37,Low
2024-08-31,East,A-,9,4,High
2024-08-31,East,B+,28,23,Medium
2024-08-31,East,B-,38,45,Low
2024-08-31,East,AB+,7,5,Medium
2024-08-31,East,AB-,6,12,Low
2024-08-31,East,O+,35,14,High
2024-08-31,East,O-,13,7,High
2024-08-31,West,A+,24,14,High
2024-08-31,West,A-,25,32,Low
2024-08-31,West,B+,17,10,High
2024-08-31,West,B-,32,4,High
2024-08-31,West,AB+,24,17,Medium
2024-08-31,West,AB-,12,16,Low
2024-08-31,West,O+,30,36,Low
2024-08-31,West,O-,10,34,Low
2024-08-31,Central,A+,15,5,High
2024-08-31,Central,A-,17,10,High
2024-08-31,Central,B+,17,27,Low
2024-08-31,Central,B-,27,25,Medium
2024-08-31,Central,AB+,14,36,Low
2024-08-31,Central,AB-,30,14,High
2024-08-31,Central,O+,6,41,Low
2024-08-31,Central,O-,16,39,Low
2024-09-01,North,A+,36,18,High
2024-09-01,North,A-,27,11,High
2024-09-01,North,B+,28,42,Low
2024-09-01,North,B-,27,45,Low
2024-09-01,North,AB+,18,18,Low
2024-09-01,North,AB-,14,13,Medium
2024-09-01,North,O+,14,43,Low
2024-09-01,North,O-,33,17,High
2024-09-01,South,A+,17,36,Low
2024-09-01,South,A-,16,3,High
2024-09-01,South,B+,23,26,Low
2024-09-01,South,B-,35,17,High
2024-09-01,South,AB+,27,17,High
2024-09-01,South,AB-,13,17,Low
2024-09-01,South,O+,32,30,Medium
2024-09-01,South,O-,10,35,Low
2024-09-01,East,A+,27,5,High
2024-09-01,East,A-,35,28,Medium
2024-09-01,East,B+,10,6,High
2024-09-01,East,B-,40,32,Medium
2024-09-01,East,AB+,7,35,Low
2024-09-01,East,AB-,16,27,Low
2024-09-01,East,O+,36,10,High
2024-09-01,East,O-,37,13,High
2024-09-01,West,A+,17,27,Low
2024-09-01,West,A-,7,9,Low
2024-09-01,West,B+,5,34,Low
2024-09-01,West,B-,12,12,Low
2024-09-01,West,AB+,30,9,High
2024-09-01,West,AB-,27,44,Low
2024-09-01,West,O+,40,17,High
2024-09-01,West,O-,40,38,Medium
2024-09-01,Central,A+,16,8,High
2024-09-01,Central,A-,36,45,Low
2024-09-01,Central,B+,32,19,High
2024-09-01,Central,B-,39,19,High
2024-09-01,Central,AB+,30,33,Low
2024-09-01,Central,AB-,17,23,Low
2024-09-01,Central,O+,33,19,High
2024-09-01,Central,O-,13,12,Medium
2024-09-02,North,A+,18,16,Medium
2024-09-02,North,A-,14,12,Medium
2024-09-02,North,B+,15,35,Low
2024-09-02,North,B-,6,43,Low
2024-09-02,North,AB+,11,41,Low
2024-09-02,North,AB-,23,19,Medium
2024-09-02,North,O+,14,25,Low
2024-09-02,North,O-,40,45,Low
2024-09-02,South,A+,14,45,Low
2024-09-02,South,A-,16,14,Medium
2024-09-02,South,B+,27,28,Low
2024-09-02,South,B-,8,27,Low
2024-09-02,South,AB+,16,42,Low
2024-09-02,South,AB-,26,16,High
2024-09-02,South,O+,28,44,Low
2024-09-02,South,O-,8,27,Low
2024-09-02,East,A+,20,43,Low
2024-09-02,East,A-,35,18,High
2024-09-02,East,B+,9,44,Low
2024-09-02,East,B-,12,37,Low
2024-09-02,East,AB+,8,20,Low
2024-09-02,East,AB-,30,34,Low
2024-09-02,East,O+,22,9,High
2024-09-02,East,O-,20,3,High
2024-09-02,West,A+,36,45,Low
2024-09-02,West,A-,25,17,High
2024-09-02,West,B+,40,22,High
2024-09-02,West,B-,12,44,Low
2024-09-02,West,AB+,40,23,High
2024-09-02,West,AB-,14,3,High
2024-09-02,West,O+,9,17,Low
2024-09-02,West,O-,29,14,High
2024-09-02,Central,A+,30,45,Low
2024-09-02,Central,A-,8,35,Low
2024-09-02,Central,B+,23,45,Low
2024-09-02,Central,B-,30,17,High
2024-09-02,Central,AB+,35,45,Low
2024-09-02,Central,AB-,28,27,Medium
2024-09-02,Central,O+,9,23,Low
2024-09-02,Central,O-,22,33,Low
2024-09-03,North,A+,7,26,Low
2024-09-03,North,A-,25,19,Medium
2024-09-03,North,B+,9,14,Low
2024-09-03,North,B-,9,26,Low
2024-09-03,North,AB+,10,30,Low
2024-09-03,North,AB-,22,7,High
2024-09-03,North,O+,9,39,Low
2024-09-03,North,O-,26,24,Medium
2024-09-03,South,A+,32,20,High
2024-09-03,South,A-,6,39,Low
2024-09-03,South,B+,10,39,Low
2024-09-03,South,B-,29,40,Low
2024-09-03,South,AB+,18,40,Low
2024-09-03,South,AB-,25,31,Low
2024-09-03,South,O+,40,34,Medium
2024-09-03,South,O-,27,14,High
2024-09-03,East,A+,8,33,Low
2024-09-03,East,A-,5,11,Low
2024-09-03,East,B+,6,19,Low
2024-09-03,East,B-,15,30,Low
2024-09-03,East,AB+,15,45,Low
2024-09-03,East,AB-,5,7,Low
2024-09-03,East,O+,36,9,High
2024-09-03,East,O-,13,45,Low
2024-09-03,West,A+,10,12,Low
2024-09-03,West,A-,24,7,High
2024-09-03,West,B+,17,39,Low
2024-09-03,West,B-,20,30,Low
2024-09-03,West,AB+,30,32,Low
2024-09-03,West,AB-,39,39,Low
2024-09-03,West,O+,34,28,Medium
2024-09-03,West,O-,7,39,Low
2024-09-03,Central,A+,38,33,Medium
2024-09-03,Central,A-,18,7,High
2024-09-03,Central,B+,15,30,Low
2024-09-03,Central,B-,36,33,Medium
2024-09-03,Central,AB+,19,8,High
2024-09-03,Central,AB-,16,11,High
2024-09-03,Central,O+,33,44,Low
2024-09-03,Central,O-,29,4,High
2024-09-04,North,A+,34,24,Medium
2024-09-04,North,A-,38,37,Medium
2024-09-04,North,B+,35,44,Low
2024-09-04,North,B-,39,29,Medium
2024-09-04,North,AB+,27,18,High
2024-09-04,North,AB-,18,43,Low
2024-09-04,North,O+,24,15,High
2024-09-04,North,O-,12,41,Low
2024-09-04,South,A+,10,43,Low
2024-09-04,South,A-,29,24,Medium
2024-09-04,South,B+,24,15,High
2024-09-04,South,B-,6,35,Low
2024-09-04,South,AB+,26,14,High
2024-09-04,South,AB-,19,10,High
2024-09-04,South,O+,14,5,High
2024-09-04,South,O-,15,10,High
2024-09-04,East,A+,9,25,Low
2024-09-04,East,A-,6,25,Low
2024-09-04,East,B+,36,27,Medium
2024-09-04,East,B-,22,21,Medium
2024-09-04,East,AB+,34,21,High
2024-09-04,East,AB-,35,3,High
2024-09-04,East,O+,8,3,High
2024-09-04,East,O-,13,29,Low
2024-09-04,West,A+,40,32,Medium
2024-09-04,West,A-,30,22,Medium
2024-09-04,West,B+,24,37,Low
2024-09-04,West,B-,32,34,Low
2024-09-04,West,AB+,30,22,Medium
2024-09-04,West,AB-,33,40,Low
2024-09-04,West,O+,33,22,High
2024-09-04,West,O-,10,29,Low
2024-09-04,Central,A+,17,27,Low
2024-09-04,Central,A-,27,30,Low
2024-09-04,Central,B+,7,19,Low
2024-09-04,Central,B-,26,5,High
2024-09-04,Central,AB+,6,29,Low
2024-09-04,Central,AB-,20,25,Low
2024-09-04,Central,O+,25,17,High
2024-09-04,Central,O-,35,15,High
2024-09-05,North,A+,7,40,Low
2024-09-05,North,A-,29,20,High
2024-09-05,North,B+,32,42,Low
2024-09-05,North,B-,16,32,Low
2024-09-05,North,AB+,33,8,High
2024-09-05,North,AB-,12,43,Low
2024-09-05,North,O+,27,11,High
2024-09-05,North,O-,29,17,High
2024-09-05,South,A+,25,16,High
2024-09-05,South,A-,8,26,Low
2024-09-05,South,B+,34,3,High
2024-09-05,South,B-,16,26,Low
2024-09-05,South,AB+,27,10,High
2024-09-05,South,AB-,15,36,Low
2024-09-05,South,O+,15,32,Low
2024-09-05,South,O-,31,16,High
2024-09-05,East,A+,32,22,High
2024-09-05,East,A-,20,8,High
2024-09-05,East,B+,25,42,Low
2024-09-05,East,B-,23,36,Low
2024-09-05,East,AB+,40,39,Medium
2024-09-05,East,AB-,26,42,Low
2024-09-05,East,O+,30,25,Medium
2024-09-05,East,O-,23,29,Low
2024-09-05,West,A+,32,18,High
2024-09-05,West,A-,24,24,Low
2024-09-05,West,B+,21,21,Low
2024-09-05,West,B-,19,22,Low
2024-09-05,West,AB+,21,7,High
2024-09-05,West,AB-,24,42,Low
2024-09-05,West,O+,12,28,Low
2024-09-05,West,O-,20,41,Low
2024-09-05,Central,A+,20,19,Medium
2024-09-05,Central,A-,22,40,Low
2024-09-05,Central,B+,33,21,High
2024-09-05,Central,B-,19,39,Low
2024-09-05,Central,AB+,22,29,Low
2024-09-05,Central,AB-,21,4,High
2024-09-05,Central,O+,38,45,Low
2024-09-05,Central,O-,40,13,High
2024-09-06,North,A+,14,17,Low
2024-09-06,North,A-,8,40,Low
2024-09-06,North,B+,26,35,Low
2024-09-06,North,B-,31,11,High
2024-09-06,North,AB+,35,16,High
2024-09-06,North,AB-,39,44,Low
2024-09-06,North,O+,38,40,Low
2024-09-06,North,O-,22,9,High
2024-09-06,South,A+,20,13,High
2024-09-06,South,A-,11,3,High
2024-09-06,South,B+,33,11,High
2024-09-06,South,B-,8,14,Low
2024-09-06,South,AB+,12,33,Low
2024-09-06,South,AB-,7,33,Low
2024-09-06,South,O+,25,22,Medium
2024-09-06,South,O-,38,25,High
2024-09-06,East,A+,17,21,Low
2024-09-06,East,A-,31,26,Medium
2024-09-06,East,B+,26,33,Low
2024-09-06,East,B-,13,11,Medium
2024-09-06,East,AB+,7,18,Low
2024-09-06,East,AB-,5,5,Low
2024-09-06,East,O+,24,20,Medium
2024-09-06,East,O-,32,22,High
2024-09-06,West,A+,29,7,High
2024-09-06,West,A-,14,42,Low
2024-09-06,West,B+,19,39,Low
2024-09-06,West,B-,8,4,High
2024-09-06,West,AB+,14,25,Low
2024-09-06,West,AB-,11,11,Low
2024-09-06,West,O+,12,16,Low
2024-09-06,West,O-,34,24,Medium
2024-09-06,Central,A+,30,25,Medium
2024-09-06,Central,A-,38,41,Low
2024-09-06,Central,B+,30,15,High
2024-09-06,Central,B-,26,40,Low
2024-09-06,Central,AB+,26,43,Low
2024-09-06,Central,AB-,35,3,High
2024-09-06,Central,O+,40,30,Medium
2024-09-06,Central,O-,10,39,Low
2024-09-07,North,A+,18,7,High
2024-09-07,North,A-,21,26,Low
2024-09-07,North,B+,40,22,High
2024-09-07,North,B-,17,19,Low
2024-09-07,North,AB+,25,28,Low
2024-09-07,North,AB-,29,17,High
2024-09-07,North,O+,10,7,Medium
2024-09-07,North,O-,19,37,Low
2024-09-07,South,A+,40,26,High
2024-09-07,South,A-,8,16,Low
2024-09-07,South,B+,23,14,High
2024-09-07,South,B-,17,29,Low
2024-09-07,South,AB+,15,45,Low
2024-09-07,South,AB-,13,5,High
2024-09-07,South,O+,20,15,Medium
2024-09-07,South,O-,24,32,Low
2024-09-07,East,A+,23,14,High
2024-09-07,East,A-,21,29,Low
2024-09-07,East,B+,18,44,Low
2024-09-07,East,B-,11,4,High
2024-09-07,East,AB+,24,17,Medium
2024-09-07,East,AB-,33,40,Low
2024-09-07,East,O+,31,35,Low
2024-09-07,East,O-,30,37,Low
2024-09-07,West,A+,6,5,Medium
2024-09-07,West,A-,40,44,Low
2024-09-07,West,B+,25,12,High
2024-09-07,West,B-,22,27,Low
2024-09-07,West,AB+,8,12,Low
2024-09-07,West,AB-,10,44,Low
2024-09-07,West,O+,36,31,Medium
2024-09-07,West,O-,23,7,High
2024-09-07,Central,A+,34,19,High
2024-09-07,Central,A-,17,5,High
2024-09-07,Central,B+,24,16,High
2024-09-07,Central,B-,25,6,High
2024-09-07,Central,AB+,14,17,Low
2024-09-07,Central,AB-,39,26,High
2024-09-07,Central,O+,8,13,Low
2024-09-07,Central,O-,15,38,Low
2024-09-08,North,A+,22,30,Low
2024-09-08,North,A-,30,24,Medium
2024-09-08,North,B+,16,31,Low
2024-09-08,North,B-,26,13,High
2024-09-08,North,AB+,17,15,Medium
2024-09-08,North,AB-,13,36,Low
2024-09-08,North,O+,14,42,Low
2024-09-08,North,O-,19,3,High
2024-09-08,South,A+,13,4,High
2024-09-08,South,A-,13,24,Low
2024-09-08,South,B+,30,39,Low
2024-09-08,South,B-,11,16,Low
2024-09-08,South,AB+,18,3,High
2024-09-08,South,AB-,19,4,High
2024-09-08,South,O+,19,15,Medium
2024-09-08,South,O-,21,29,Low
2024-09-08,East,A+,34,31,Medium
2024-09-08,East,A-,9,10,Low
2024-09-08,East,B+,32,32,Low
2024-09-08,East,B-,28,3,High
2024-09-08,East,AB+,33,30,Medium
2024-09-08,East,AB-,14,33,Low
2024-09-08,East,O+,27,23,Medium
2024-09-08,East,O-,20,6,High
2024-09-08,West,A+,16,20,Low
2024-09-08,West,A-,28,16,High
2024-09-08,West,B+,8,8,Low
2024-09-08,West,B-,16,17,Low
2024-09-08,West,AB+,40,19,High
2024-09-08,West,AB-,36,13,High
2024-09-08,West,O+,20,4,High
2024-09-08,West,O-,18,20,Low
2024-09-08,Central,A+,13,5,High
2024-09-08,Central,A-,13,37,Low
2024-09-08,Central,B+,23,32,Low
2024-09-08,Central,B-,9,40,Low
2024-09-08,Central,AB+,6,8,Low
2024-09-08,Central,AB-,34,13,High
2024-09-08,Central,O+,15,45,Low
2024-09-08,Central,O-,13,21,Low
2024-09-09,North,A+,8,26,Low
2024-09-09,North,A-,8,31,Low
2024-09-09,North,B+,31,19,High
2024-09-09,North,B-,39,32,Medium
2024-09-09,North,AB+,11,33,Low
2024-09-09,North,AB-,36,23,High
2024-09-09,North,O+,21,29,Low
2024-09-09,North,O-,11,42,Low
2024-09-09,South,A+,16,19,Low
2024-09-09,South,A-,8,27,Low
2024-09-09,South,B+,28,43,Low
2024-09-09,South,B-,39,17,High
2024-09-09,South,AB+,39,31,Medium
2024-09-09,South,AB-,14,33,Low
2024-09-09,South,O+,14,24,Low
2024-09-09,South,O-,37,7,High
2024-09-09,East,A+,16,12,Medium
2024-09-09,East,A-,25,41,Low
2024-09-09,East,B+,7,40,Low
2024-09-09,East,B-,26,27,Low
2024-09-09,East,AB+,30,37,Low
2024-09-09,East,AB-,23,19,Medium
2024-09-09,East,O+,37,12,High
2024-09-09,East,O-,20,34,Low
2024-09-09,West,A+,20,43,Low
2024-09-09,West,A-,17,31,Low
2024-09-09,West,B+,9,14,Low
2024-09-09,West,B-,11,11,Low
2024-09-09,West,AB+,10,8,Medium
2024-09-09,West,AB-,8,10,Low
2024-09-09,West,O+,38,32,Medium
2024-09-09,West,O-,37,5,High
2024-09-09,Central,A+,20,25,Low
2024-09-09,Central,A-,40,29,Medium
2024-09-09,Central,B+,8,45,Low
2024-09-09,Central,B-,9,32,Low
2024-09-09,Central,AB+,8,34,Low
2024-09-09,Central,AB-,23,5,High
2024-09-09,Central,O+,19,41,Low
2024-09-09,Central,O-,14,25,Low
2024-09-10,North,A+,11,40,Low
2024-09-10,North,A-,21,25,Low
2024-09-10,North,B+,16,41,Low
2024-09-10,North,B-,25,10,High
2024-09-10,North,AB+,36,9,High
2024-09-10,North,AB-,16,14,Medium
2024-09-10,North,O+,14,34,Low
2024-09-10,North,O-,29,19,High
2024-09-10,South,A+,20,17,Medium
2024-09-10,South,A-,40,32,Medium
2024-09-10,South,B+,16,13,Medium
2024-09-10,South,B-,6,26,Low
2024-09-10,South,AB+,23,12,High
2024-09-10,South,AB-,14,10,Medium
2024-09-10,South,O+,29,14,High
2024-09-10,South,O-,29,23,Medium
2024-09-10,East,A+,21,40,Low
2024-09-10,East,A-,29,15,High
2024-09-10,East,B+,17,3,High
2024-09-10,East,B-,39,15,High
2024-09-10,East,AB+,17,21,Low
2024-09-10,East,AB-,23,22,Medium
2024-09-10,East,O+,33,4,High
2024-09-10,East,O-,24,35,Low
2024-09-10,West,A+,38,34,Medium
2024-09-10,West,A-,37,41,Low
2024-09-10,West,B+,26,3,High
2024-09-10,West,B-,22,32,Low
2024-09-10,West,AB+,6,13,Low
2024-09-10,West,AB-,5,26,Low
2024-09-10,West,O+,29,35,Low
2024-09-10,West,O-,27,7,High
2024-09-10,Central,A+,25,15,High
2024-09-10,Central,A-,33,34,Low
2024-09-10,Central,B+,21,42,Low
2024-09-10,Central,B-,16,28,Low
2024-09-10,Central,AB+,32,43,Low
2024-09-10,Central,AB-,18,13,Medium
2024-09-10,Central,O+,25,29,Low
2024-09-10,Central,O-,19,20,Low
2024-09-11,North,A+,16,31,Low
2024-09-11,North,A-,36,33,Medium
2024-09-11,North,B+,25,13,High
2024-09-11,North,B-,15,25,Low
2024-09-11,North,AB+,14,4,High
2024-09-11,North,AB-,31,8,High
2024-09-11,North,O+,30,25,Medium
2024-09-11,North,O-,39,8,High
2024-09-11,South,A+,14,41,Low
2024-09-11,South,A-,13,4,High
2024-09-11,South,B+,28,39,Low
2024-09-11,South,B-,15,12,Medium
2024-09-11,South,AB+,23,10,High
2024-09-11,South,AB-,9,23,Low
2024-09-11,South,O+,31,16,High
2024-09-11,South,O-,7,12,Low
2024-09-11,East,A+,25,23,Medium
2024-09-11,East,A-,30,17,High
2024-09-11,East,B+,32,18,High
2024-09-11,East,B-,34,45,Low
2024-09-11,East,AB+,14,44,Low
2024-09-11,East,AB-,31,14,High
2024-09-11,East,O+,23,45,Low
2024-09-11,East,O-,16,5,High
2024-09-11,West,A+,32,27,Medium
2024-09-11,West,A-,9,24,Low
2024-09-11,West,B+,21,42,Low
2024-09-11,West,B-,37,4,High
2024-09-11,West,AB+,40,24,High
2024-09-11,West,AB-,11,15,Low
2024-09-11,West,O+,18,9,High
2024-09-11,West,O-,19,44,Low
2024-09-11,Central,A+,39,5,High
2024-09-11,Central,A-,7,20,Low
2024-09-11,Central,B+,39,17,High
2024-09-11,Central,B-,15,7,High
2024-09-11,Central,AB+,10,14,Low
2024-09-11,Central,AB-,14,9,High
2024-09-11,Central,O+,16,7,High
2024-09-11,Central,O-,28,21,Medium
2024-09-12,North,A+,37,45,Low
2024-09-12,North,A-,12,26,Low
2024-09-12,North,B+,39,12,High
2024-09-12,North,B-,32,37,Low
2024-09-12,North,AB+,31,37,Low
2024-09-12,North,AB-,36,28,Medium
2024-09-12,North,O+,24,3,High
2024-09-12,North,O-,11,40,Low
2024-09-12,South,A+,12,36,Low
2024-09-12,South,A-,25,19,Medium
2024-09-12,South,B+,40,37,Medium
2024-09-12,South,B-,8,27,Low
2024-09-12,South,AB+,24,22,Medium
2024-09-12,South,AB-,13,3,High
2024-09-12,South,O+,7,27,Low
2024-09-12,South,O-,16,39,Low
2024-09-12,East,A+,37,34,Medium
2024-09-12,East,A-,33,43,Low
2024-09-12,East,B+,38,33,Medium
2024-09-12,East,B-,20,23,Low
2024-09-12,East,AB+,38,23,High
2024-09-12,East,AB-,29,43,Low
2024-09-12,East,O+,30,21,Medium
2024-09-12,East,O-,30,22,Medium
2024-09-12,West,A+,12,41,Low
2024-09-12,West,A-,32,11,High
2024-09-12,West,B+,18,21,Low
2024-09-12,West,B-,16,10,High
2024-09-12,West,AB+,14,30,Low
2024-09-12,West,AB-,14,14,Low
2024-09-12,West,O+,9,15,Low
2024-09-12,West,O-,16,4,High
2024-09-12,Central,A+,24,7,High
2024-09-12,Central,A-,7,21,Low
2024-09-12,Central,B+,15,42,Low
2024-09-12,Central,B-,21,37,Low
2024-09-12,Central,AB+,18,10,High
2024-09-12,Central,AB-,23,34,Low
2024-09-12,Central,O+,37,39,Low
2024-09-12,Central,O-,12,8,High
2024-09-13,North,A+,35,42,Low
2024-09-13,North,A-,33,12,High
2024-09-13,North,B+,31,40,Low
2024-09-13,North,B-,22,39,Low
2024-09-13,North,AB+,38,9,High
2024-09-13,North,AB-,15,35,Low
2024-09-13,North,O+,17,10,High
2024-09-13,North,O-,40,4,High
2024-09-13,South,A+,8,17,Low
2024-09-13,South,A-,32,30,Medium
2024-09-13,South,B+,31,4,High
2024-09-13,South,B-,15,3,High
2024-09-13,South,AB+,8,3,High
2024-09-13,South,AB-,27,15,High
2024-09-13,South,O+,15,37,Low
2024-09-13,South,O-,26,15,High
2024-09-13,East,A+,39,28,Medium
2024-09-13,East,A-,17,9,High
2024-09-13,East,B+,5,23,Low
2024-09-13,East,B-,7,23,Low
2024-09-13,East,AB+,16,20,Low
2024-09-13,East,AB-,20,36,Low
2024-09-13,East,O+,20,38,Low
2024-09-13,East,O-,5,25,Low
2024-09-13,West,A+,40,13,High
2024-09-13,West,A-,31,42,Low
2024-09-13,West,B+,15,45,Low
2024-09-13,West,B-,8,6,Medium
2024-09-13,West,AB+,33,28,Medium
2024-09-13,West,AB-,39,30,Medium
2024-09-13,West,O+,15,32,Low
2024-09-13,West,O-,32,18,High
2024-09-13,Central,A+,19,14,Medium
2024-09-13,Central,A-,40,16,High
2024-09-13,Central,B+,37,42,Low
2024-09-13,Central,B-,29,16,High
2024-09-13,Central,AB+,18,33,Low
2024-09-13,Central,AB-,31,8,High
2024-09-13,Central,O+,37,24,High
2024-09-13,Central,O-,12,43,Low
2024-09-14,North,A+,39,28,Medium
2024-09-14,North,A-,16,28,Low
2024-09-14,North,B+,34,9,High
2024-09-14,North,B-,20,30,Low
2024-09-14,North,AB+,40,22,High
2024-09-14,North,AB-,11,3,High
2024-09-14,North,O+,9,15,Low
2024-09-14,North,O-,14,45,Low
2024-09-14,South,A+,37,13,High
2024-09-14,South,A-,17,17,Low
2024-09-14,South,B+,14,9,High
2024-09-14,South,B-,39,35,Medium
2024-09-14,South,AB+,19,25,Low
2024-09-14,South,AB-,16,32,Low
2024-09-14,South,O+,9,36,Low
2024-09-14,South,O-,35,23,High
2024-09-14,East,A+,6,28,Low
2024-09-14,East,A-,35,34,Medium
2024-09-14,East,B+,29,9,High
2024-09-14,East,B-,7,30,Low
2024-09-14,East,AB+,28,40,Low
2024-09-14,East,AB-,15,3,High
2024-09-14,East,O+,39,36,Medium
2024-09-14,East,O-,11,44,Low
2024-09-14,West,A+,22,18,Medium
2024-09-14,West,A-,9,42,Low
2024-09-14,West,B+,13,32,Low
2024-09-14,West,B-,33,29,Medium
2024-09-14,West,AB+,12,32,Low
2024-09-14,West,AB-,37,10,High
2024-09-14,West,O+,27,40,Low
2024-09-14,West,O-,31,40,Low
2024-09-14,Central,A+,39,44,Low
2024-09-14,Central,A-,20,37,Low
2024-09-14,Central,B+,24,25,Low
2024-09-14,Central,B-,36,14,High
2024-09-14,Central,AB+,6,12,Low
2024-09-14,Central,AB-,30,27,Medium
2024-09-14,Central,O+,28,28,Low
2024-09-14,Central,O-,39,27,High
2024-09-15,North,A+,15,42,Low
2024-09-15,North,A-,27,39,Low
2024-09-15,North,B+,11,11,Low
2024-09-15,North,B-,25,31,Low
2024-09-15,North,AB+,18,22,Low
2024-09-15,North,AB-,37,40,Low
2024-09-15,North,O+,15,24,Low
2024-09-15,North,O-,25,17,High
2024-09-15,South,A+,22,45,Low
2024-09-15,South,A-,32,43,Low
2024-09-15,South,B+,5,31,Low
2024-09-15,South,B-,24,11,High
2024-09-15,South,AB+,6,31,Low
2024-09-15,South,AB-,22,43,Low
2024-09-15,South,O+,35,12,High
2024-09-15,South,O-,31,30,Medium
2024-09-15,East,A+,24,7,High
2024-09-15,East,A-,33,39,Low
2024-09-15,East,B+,30,34,Low
2024-09-15,East,B-,6,38,Low
2024-09-15,East,AB+,5,38,Low
2024-09-15,East,AB-,34,22,High
2024-09-15,East,O+,36,19,High
2024-09-15,East,O-,40,25,High
2024-09-15,West,A+,23,28,Low
2024-09-15,West,A-,22,7,High
2024-09-15,West,B+,37,15,High
2024-09-15,West,B-,37,22,High
2024-09-15,West,AB+,12,29,Low
2024-09-15,West,AB-,34,18,High
2024-09-15,West,O+,23,32,Low
2024-09-15,West,O-,38,43,Low
2024-09-15,Central,A+,26,16,High
2024-09-15,Central,A-,30,40,Low
2024-09-15,Central,B+,39,37,Medium
2024-09-15,Central,B-,11,27,Low
2024-09-15,Central,AB+,23,40,Low
2024-09-15,Central,AB-,39,4,High
2024-09-15,Central,O+,21,21,Low
2024-09-15,Central,O-,25,3,High
2024-09-16,North,A+,15,45,Low
2024-09-16,North,A-,37,28,Medium
2024-09-16,North,B+,5,23,Low
2024-09-16,North,B-,15,10,High
2024-09-16,North,AB+,7,13,Low
2024-09-16,North,AB-,30,11,High
2024-09-16,North,O+,34,5,High
2024-09-16,North,O-,30,28,Medium
2024-09-16,South,A+,23,38,Low
2024-09-16,South,A-,8,4,High
2024-09-16,South,B+,39,14,High
2024-09-16,South,B-,22,37,Low
2024-09-16,South,AB+,21,25,Low
2024-09-16,South,AB-,38,9,High
2024-09-16,South,O+,19,3,High
2024-09-16,South,O-,40,37,Medium
2024-09-16,East,A+,40,15,High
2024-09-16,East,A-,7,24,Low
2024-09-16,East,B+,35,22,High
2024-09-16,East,B-,39,38,Medium
2024-09-16,East,AB+,20,42,Low
2024-09-16,East,AB-,35,19,High
2024-09-16,East,O+,11,38,Low
2024-09-16,East,O-,27,29,Low
2024-09-16,West,A+,20,3,High
2024-09-16,West,A-,14,31,Low
2024-09-16,West,B+,28,3,High
2024-09-16,West,B-,8,3,High
2024-09-16,West,AB+,18,5,High
2024-09-16,West,AB-,27,27,Low
2024-09-16,West,O+,30,9,High
2024-09-16,West,O-,27,44,Low
2024-09-16,Central,A+,18,4,High
2024-09-16,Central,A-,27,27,Low
2024-09-16,Central,B+,23,9,High
2024-09-16,Central,B-,40,19,High
2024-09-16,Central,AB+,17,31,Low
2024-09-16,Central,AB-,39,45,Low
2024-09-16,Central,O+,23,30,Low
2024-09-16,Central,O-,33,39,Low
2024-09-17,North,A+,8,35,Low
2024-09-17,North,A-,35,4,High
2024-09-17,North,B+,12,36,Low
2024-09-17,North,B-,35,13,High
2024-09-17,North,AB+,31,44,Low
2024-09-17,North,AB-,7,4,High
2024-09-17,North,O+,12,43,Low
2024-09-17,North,O-,18,30,Low
2024-09-17,South,A+,28,10,High
2024-09-17,South,A-,8,17,Low
2024-09-17,South,B+,22,21,Medium
2024-09-17,South,B-,24,19,Medium
2024-09-17,South,AB+,13,41,Low
2024-09-17,South,AB-,7,28,Low
2024-09-17,South,O+,35,20,High
2024-09-17,South,O-,26,30,Low
2024-09-17,East,A+,40,28,Medium
2024-09-17,East,A-,28,13,High
2024-09-17,East,B+,24,5,High
2024-09-17,East,B-,29,12,High
2024-09-17,East,AB+,13,10,Medium
2024-09-17,East,AB-,25,25,Low
2024-09-17,East,O+,32,33,Low
2024-09-17,East,O-,13,23,Low
2024-09-17,West,A+,32,14,High
2024-09-17,West,A-,16,14,Medium
2024-09-17,West,B+,12,41,Low
2024-09-17,West,B-,5,24,Low
2024-09-17,West,AB+,20,16,Medium
2024-09-17,West,AB-,23,31,Low
2024-09-17,West,O+,6,19,Low
2024-09-17,West,O-,36,22,High
2024-09-17,Central,A+,35,27,Medium
2024-09-17,Central,A-,24,37,Low
2024-09-17,Central,B+,23,23,Low
2024-09-17,Central,B-,28,41,Low
2024-09-17,Central,AB+,19,41,Low
2024-09-17,Central,AB-,32,23,Medium
2024-09-17,Central,O+,15,9,High
2024-09-17,Central,O-,19,37,Low
2024-09-18,North,A+,19,23,Low
2024-09-18,North,A-,5,34,Low
2024-09-18,North,B+,10,11,Low
2024-09-18,North,B-,23,24,Low
2024-09-18,North,AB+,27,16,High
2024-09-18,North,AB-,11,13,Low
2024-09-18,North,O+,8,3,High
2024-09-18,North,O-,20,28,Low
2024-09-18,South,A+,13,45,Low
2024-09-18,South,A-,16,8,High
2024-09-18,South,B+,9,33,Low
2024-09-18,South,B-,20,43,Low
2024-09-18,South,AB+,14,43,Low
2024-09-18,South,AB-,34,34,Low
2024-09-18,South,O+,15,30,Low
2024-09-18,South,O-,22,37,Low
2024-09-18,East,A+,39,18,High
2024-09-18,East,A-,27,38,Low
2024-09-18,East,B+,25,23,Medium
2024-09-18,East,B-,40,23,High
2024-09-18,East,AB+,15,14,Medium
2024-09-18,East,AB-,24,13,High
2024-09-18,East,O+,27,11,High
2024-09-18,East,O-,25,9,High
2024-09-18,West,A+,30,10,High
2024-09-18,West,A-,37,23,High
2024-09-18,West,B+,36,26,Medium
2024-09-18,West,B-,10,31,Low
2024-09-18,West,AB+,9,6,High
2024-09-18,West,AB-,26,6,High
2024-09-18,West,O+,38,43,Low
2024-09-18,West,O-,8,26,Low
2024-09-18,Central,A+,24,41,Low
2024-09-18,Central,A-,10,19,Low
2024-09-18,Central,B+,33,32,Medium
2024-09-18,Central,B-,24,20,Medium
2024-09-18,Central,AB+,35,17,High
2024-09-18,Central,AB-,28,43,Low
2024-09-18,Central,O+,18,25,Low
2024-09-18,Central,O-,14,22,Low
2024-09-19,North,A+,33,36,Low
2024-09-19,North,A-,23,10,High
2024-09-19,North,B+,34,10,High
2024-09-19,North,B-,27,40,Low
2024-09-19,North,AB+,24,39,Low
2024-09-19,North,AB-,34,15,High
2024-09-19,North,O+,21,21,Low
2024-09-19,North,O-,18,5,High
2024-09-19,South,A+,26,17,High
2024-09-19,South,A-,36,35,Medium
2024-09-19,South,B+,39,4,High
2024-09-19,South,B-,19,15,Medium
2024-09-19,South,AB+,12,36,Low
2024-09-19,South,AB-,18,29,Low
2024-09-19,South,O+,10,7,Medium
2024-09-19,South,O-,17,18,Low
2024-09-19,East,A+,38,41,Low
2024-09-19,East,A-,16,30,Low
2024-09-19,East,B+,7,35,Low
2024-09-19,East,B-,35,35,Low
2024-09-19,East,AB+,39,14,High
2024-09-19,East,AB-,40,7,High
2024-09-19,East,O+,27,14,High
2024-09-19,East,O-,35,37,Low
2024-09-19,West,A+,35,15,High
2024-09-19,West,A-,5,21,Low
2024-09-19,West,B+,40,30,Medium
2024-09-19,West,B-,16,23,Low
2024-09-19,West,AB+,9,23,Low
2024-09-19,West,AB-,16,10,High
2024-09-19,West,O+,33,22,High
2024-09-19,West,O-,31,23,Medium
2024-09-19,Central,A+,18,23,Low
2024-09-19,Central,A-,19,33,Low
2024-09-19,Central,B+,37,6,High
2024-09-19,Central,B-,11,35,Low
2024-09-19,Central,AB+,11,25,Low
2024-09-19,Central,AB-,32,33,Low
2024-09-19,Central,O+,17,21,Low
2024-09-19,Central,O-,22,27,Low
2024-09-20,North,A+,36,8,High
2024-09-20,North,A-,35,31,Medium
2024-09-20,North,B+,29,13,High
2024-09-20,North,B-,30,40,Low
2024-09-20,North,AB+,9,22,Low
2024-09-20,North,AB-,19,16,Medium
2024-09-20,North,O+,30,11,High
2024-09-20,North,O-,21,27,Low
2024-09-20,South,A+,32,19,High
2024-09-20,South,A-,26,6,High
2024-09-20,South,B+,6,5,Medium
2024-09-20,South,B-,12,6,High
2024-09-20,South,AB+,39,41,Low
2024-09-20,South,AB-,40,24,High
2024-09-20,South,O+,35,17,High
2024-09-20,South,O-,6,37,Low
2024-09-20,East,A+,19,24,Low
2024-09-20,East,A-,15,9,High
2024-09-20,East,B+,10,37,Low
2024-09-20,East,B-,31,45,Low
2024-09-20,East,AB+,38,21,High
2024-09-20,East,AB-,23,13,High
2024-09-20,East,O+,23,27,Low
2024-09-20,East,O-,22,35,Low
2024-09-20,West,A+,38,22,High
2024-09-20,West,A-,34,40,Low
2024-09-20,West,B+,28,31,Low
2024-09-20,West,B-,15,38,Low
2024-09-20,West,AB+,28,34,Low
2024-09-20,West,AB-,26,43,Low
2024-09-20,West,O+,27,36,Low
2024-09-20,West,O-,13,36,Low
2024-09-20,Central,A+,12,40,Low
2024-09-20,Central,A-,8,14,Low
2024-09-20,Central,B+,14,7,High
2024-09-20,Central,B-,33,40,Low
2024-09-20,Central,AB+,34,37,Low
2024-09-20,Central,AB-,9,11,Low
2024-09-20,Central,O+,24,36,Low
2024-09-20,Central,O-,39,15,High
2024-09-21,North,A+,33,8,High
2024-09-21,North,A-,34,3,High
2024-09-21,North,B+,26,40,Low
2024-09-21,North,B-,38,22,High
2024-09-21,North,AB+,21,24,Low
2024-09-21,North,AB-,11,20,Low
2024-09-21,North,O+,18,30,Low
2024-09-21,North,O-,36,13,High
2024-09-21,South,A+,38,28,Medium
2024-09-21,South,A-,38,9,High
2024-09-21,South,B+,10,14,Low
2024-09-21,South,B-,18,43,Low
2024-09-21,South,AB+,6,16,Low
2024-09-21,South,AB-,38,35,Medium
2024-09-21,South,O+,26,30,Low
2024-09-21,South,O-,39,10,High
2024-09-21,East,A+,10,39,Low
2024-09-21,East,A-,20,42,Low
2024-09-21,East,B+,36,37,Low
2024-09-21,East,B-,10,20,Low
2024-09-21,East,AB+,26,39,Low
2024-09-21,East,AB-,5,4,Medium
2024-09-21,East,O+,15,9,High
2024-09-21,East,O-,33,32,Medium
2024-09-21,West,A+,8,26,Low
2024-09-21,West,A-,25,12,High
2024-09-21,West,B+,40,30,Medium
2024-09-21,West,B-,32,40,Low
2024-09-21,West,AB+,18,17,Medium
2024-09-21,West,AB-,28,8,High
2024-09-21,West,O+,25,35,Low
2024-09-21,West,O-,39,4,High
2024-09-21,Central,A+,34,3,High
2024-09-21,Central,A-,25,15,High
2024-09-21,Central,B+,13,28,Low
2024-09-21,Central,B-,6,10,Low
2024-09-21,Central,AB+,12,39,Low
2024-09-21,Central,AB-,20,40,Low
2024-09-21,Central,O+,10,3,High
2024-09-21,Central,O-,20,37,Low
2024-09-22,North,A+,13,39,Low
2024-09-22,North,A-,35,22,High
2024-09-22,North,B+,13,44,Low
2024-09-22,North,B-,25,25,Low
2024-09-22,North,AB+,12,18,Low
2024-09-22,North,AB-,32,5,High
2024-09-22,North,O+,8,36,Low
2024-09-22,North,O-,25,37,Low
2024-09-22,South,A+,11,35,Low
2024-09-22,South,A-,12,5,High
2024-09-22,South,B+,23,23,Low
2024-09-22,South,B-,8,11,Low
2024-09-22,South,AB+,24,16,High
2024-09-22,South,AB-,34,16,High
2024-09-22,South,O+,30,7,High
2024-09-22,South,O-,26,36,Low
2024-09-22,East,A+,36,16,High
2024-09-22,East,A-,29,28,Medium
2024-09-22,East,B+,13,31,Low
2024-09-22,East,B-,10,16,Low
2024-09-22,East,AB+,27,35,Low
2024-09-22,East,AB-,30,39,Low
2024-09-22,East,O+,20,16,Medium
2024-09-22,East,O-,27,18,High
2024-09-22,West,A+,8,3,High
2024-09-22,West,A-,26,37,Low
2024-09-22,West,B+,25,30,Low
2024-09-22,West,B-,10,26,Low
2024-09-22,West,AB+,23,31,Low
2024-09-22,West,AB-,20,8,High
2024-09-22,West,O+,26,27,Low
2024-09-22,West,O-,29,18,High
2024-09-22,Central,A+,36,39,Low
2024-09-22,Central,A-,16,25,Low
2024-09-22,Central,B+,27,10,High
2024-09-22,Central,B-,11,27,Low
2024-09-22,Central,AB+,23,18,Medium
2024-09-22,Central,AB-,30,42,Low
2024-09-22,Central,O+,7,45,Low
2024-09-22,Central,O-,13,35,Low
2024-09-23,North,A+,20,33,Low
2024-09-23,North,A-,36,14,High
2024-09-23,North,B+,34,4,High
2024-09-23,North,B-,15,37,Low
2024-09-23,North,AB+,31,44,Low
2024-09-23,North,AB-,29,29,Low
2024-09-23,North,O+,5,24,Low
2024-09-23,North,O-,20,21,Low
2024-09-23,South,A+,16,36,Low
2024-09-23,South,A-,10,27,Low
2024-09-23,South,B+,21,19,Medium
2024-09-23,South,B-,9,29,Low
2024-09-23,South,AB+,9,5,High
2024-09-23,South,AB-,11,42,Low
2024-09-23,South,O+,34,23,High
2024-09-23,South,O-,18,24,Low
2024-09-23,East,A+,39,43,Low
2024-09-23,East,A-,24,29,Low
2024-09-23,East,B+,21,5,High
2024-09-23,East,B-,28,10,High
2024-09-23,East,AB+,7,15,Low
2024-09-23,East,AB-,40,37,Medium
2024-09-23,East,O+,5,11,Low
2024-09-23,East,O-,36,16,High
2024-09-23,West,A+,5,19,Low
2024-09-23,West,A-,14,34,Low
2024-09-23,West,B+,31,16,High
2024-09-23,West,B-,32,11,High
2024-09-23,West,AB+,37,9,High
2024-09-23,West,AB-,21,43,Low
2024-09-23,West,O+,21,20,Medium
2024-09-23,West,O-,34,10,High
2024-09-23,Central,A+,38,40,Low
2024-09-23,Central,A-,19,40,Low
2024-09-23,Central,B+,25,16,High
2024-09-23,Central,B-,6,39,Low
2024-09-23,Central,AB+,31,39,Low
2024-09-23,Central,AB-,7,29,Low
2024-09-23,Central,O+,36,28,Medium
2024-09-23,Central,O-,21,45,Low
2024-09-24,North,A+,5,39,Low
2024-09-24,North,A-,16,14,Medium
2024-09-24,North,B+,37,37,Low
2024-09-24,North,B-,22,42,Low
2024-09-24,North,AB+,37,32,Medium
2024-09-24,North,AB-,22,23,Low
2024-09-24,North,O+,27,10,High
2024-09-24,North,O-,20,24,Low
2024-09-24,South,A+,39,32,Medium
2024-09-24,South,A-,13,34,Low
2024-09-24,South,B+,12,32,Low
2024-09-24,South,B-,22,15,High
2024-09-24,South,AB+,6,44,Low
2024-09-24,South,AB-,32,38,Low
2024-09-24,South,O+,40,10,High
2024-09-24,South,O-,11,27,Low
2024-09-24,East,A+,22,5,High
2024-09-24,East,A-,17,22,Low
2024-09-24,East,B+,18,40,Low
2024-09-24,East,B-,37,36,Medium
2024-09-24,East,AB+,9,35,Low
2024-09-24,East,AB-,36,16,High
2024-09-24,East,O+,40,33,Medium
2024-09-24,East,O-,33,44,Low
2024-09-24,West,A+,27,35,Low
2024-09-24,West,A-,19,17,Medium
2024-09-24,West,B+,18,28,Low
2024-09-24,West,B-,23,33,Low
2024-09-24,West,AB+,33,3,High
2024-09-24,West,AB-,21,9,High
2024-09-24,West,O+,19,3,High
2024-09-24,West,O-,5,42,Low
2024-09-24,Central,A+,12,25,Low
2024-09-24,Central,A-,17,35,Low
2024-09-24,Central,B+,31,4,High
2024-09-24,Central,B-,16,37,Low
2024-09-24,Central,AB+,13,28,Low
2024-09-24,Central,AB-,13,25,Low
2024-09-24,Central,O+,21,13,High
2024-09-24,Central,O-,7,19,Low
2024-09-25,North,A+,9,44,Low
2024-09-25,North,A-,15,17,Low
2024-09-25,North,B+,10,42,Low
2024-09-25,North,B-,7,44,Low
2024-09-25,North,AB+,27,31,Low
2024-09-25,North,AB-,34,11,High
2024-09-25,North,O+,5,20,Low
2024-09-25,North,O-,22,7,High
2024-09-25,South,A+,6,6,Low
2024-09-25,South,A-,36,40,Low
2024-09-25,South,B+,22,9,High
2024-09-25,South,B-,18,13,Medium
2024-09-25,South,AB+,22,26,Low
2024-09-25,South,AB-,20,38,Low
2024-09-25,South,O+,9,6,High
2024-09-25,South,O-,35,42,Low
2024-09-25,East,A+,24,9,High
2024-09-25,East,A-,14,12,Medium
2024-09-25,East,B+,22,37,Low
2024-09-25,East,B-,34,4,High
2024-09-25,East,AB+,40,33,Medium
2024-09-25,East,AB-,14,27,Low
2024-09-25,East,O+,21,39,Low
2024-09-25,East,O-,31,16,High
2024-09-25,West,A+,16,14,Medium
2024-09-25,West,A-,28,8,High
2024-09-25,West,B+,36,22,High
2024-09-25,West,B-,14,14,Low
2024-09-25,West,AB+,23,3,High
2024-09-25,West,AB-,21,44,Low
2024-09-25,West,O+,18,14,Medium
2024-09-25,West,O-,31,9,High
2024-09-25,Central,A+,11,37,Low
2024-09-25,Central,A-,8,5,High
2024-09-25,Central,B+,17,22,Low
2024-09-25,Central,B-,29,36,Low
2024-09-25,Central,AB+,32,9,High
2024-09-25,Central,AB-,29,16,High
2024-09-25,Central,O+,8,33,Low
2024-09-25,Central,O-,5,12,Low
2024-09-26,North,A+,39,28,Medium
2024-09-26,North,A-,33,44,Low
2024-09-26,North,B+,15,6,High
2024-09-26,North,B-,14,5,High
2024-09-26,North,AB+,7,41,Low
2024-09-26,North,AB-,26,18,High
2024-09-26,North,O+,30,29,Medium
2024-09-26,North,O-,13,7,High
2024-09-26,South,A+,28,15,High
2024-09-26,South,A-,31,37,Low
2024-09-26,South,B+,6,3,High
2024-09-26,South,B-,26,32,Low
2024-09-26,South,AB+,35,41,Low
2024-09-26,South,AB-,25,4,High
2024-09-26,South,O+,8,9,Low
2024-09-26,South,O-,36,18,High
2024-09-26,East,A+,13,24,Low
2024-09-26,East,A-,5,4,Medium
2024-09-26,East,B+,34,16,High
2024-09-26,East,B-,34,8,High
2024-09-26,East,AB+,17,5,High
2024-09-26,East,AB-,33,13,High
2024-09-26,East,O+,15,8,High
2024-09-26,East,O-,11,16,Low
2024-09-26,West,A+,39,27,High
2024-09-26,West,A-,7,35,Low
2024-09-26,West,B+,35,7,High
2024-09-26,West,B-,29,34,Low
2024-09-26,West,AB+,14,14,Low
2024-09-26,West,AB-,12,4,High
2024-09-26,West,O+,21,23,Low
2024-09-26,West,O-,22,29,Low
2024-09-26,Central,A+,12,34,Low
2024-09-26,Central,A-,12,39,Low
2024-09-26,Central,B+,15,38,Low
2024-09-26,Central,B-,9,33,Low
2024-09-26,Central,AB+,5,32,Low
2024-09-26,Central,AB-,21,22,Low
2024-09-26,Central,O+,20,29,Low
2024-09-26,Central,O-,8,12,Low
2024-09-27,North,A+,19,22,Low
2024-09-27,North,A-,23,11,High
2024-09-27,North,B+,16,26,Low
2024-09-27,North,B-,14,8,High
2024-09-27,North,AB+,30,3,High
2024-09-27,North,AB-,14,24,Low
2024-09-27,North,O+,16,16,Low
2024-09-27,North,O-,22,8,High
2024-09-27,South,A+,14,45,Low
2024-09-27,South,A-,6,40,Low
2024-09-27,South,B+,22,22,Low
2024-09-27,South,B-,33,33,Low
2024-09-27,South,AB+,16,27,Low
2024-09-27,South,AB-,6,16,Low
2024-09-27,South,O+,16,29,Low
2024-09-27,South,O-,27,23,Medium
2024-09-27,East,A+,11,17,Low
2024-09-27,East,A-,13,33,Low
2024-09-27,East,B+,31,8,High
2024-09-27,East,B-,34,41,Low
2024-09-27,East,AB+,24,38,Low
2024-09-27,East,AB-,6,11,Low
2024-09-27,East,O+,22,25,Low
2024-09-27,East,O-,27,40,Low
2024-09-27,West,A+,39,25,High
2024-09-27,West,A-,12,27,Low
2024-09-27,West,B+,7,11,Low
2024-09-27,West,B-,11,9,Medium
2024-09-27,West,AB+,12,23,Low
2024-09-27,West,AB-,39,40,Low
2024-09-27,West,O+,10,13,Low
2024-09-27,West,O-,32,37,Low
2024-09-27,Central,A+,30,21,Medium
2024-09-27,Central,A-,39,29,Medium
2024-09-27,Central,B+,21,33,Low
2024-09-27,Central,B-,40,30,Medium
2024-09-27,Central,AB+,37,29,Medium
2024-09-27,Central,AB-,13,16,Low
2024-09-27,Central,O+,34,27,Medium
2024-09-27,Central,O-,8,3,High
2024-09-28,North,A+,37,36,Medium
2024-09-28,North,A-,22,22,Low
2024-09-28,North,B+,34,19,High
2024-09-28,North,B-,6,35,Low
2024-09-28,North,AB+,19,31,Low
2024-09-28,North,AB-,40,8,High
2024-09-28,North,O+,12,39,Low
2024-09-28,North,O-,7,34,Low
2024-09-28,South,A+,23,42,Low
2024-09-28,South,A-,13,8,High
2024-09-28,South,B+,32,22,High
2024-09-28,South,B-,7,6,Medium
2024-09-28,South,AB+,30,39,Low
2024-09-28,South,AB-,38,15,High
2024-09-28,South,O+,30,41,Low
2024-09-28,South,O-,13,15,Low
2024-09-28,East,A+,25,17,High
2024-09-28,East,A-,22,37,Low
2024-09-28,East,B+,22,35,Low
2024-09-28,East,B-,32,20,High
2024-09-28,East,AB+,33,5,High
2024-09-28,East,AB-,37,13,High
2024-09-28,East,O+,12,17,Low
2024-09-28,East,O-,38,29,Medium
2024-09-28,West,A+,25,20,Medium
2024-09-28,West,A-,32,14,High
2024-09-28,West,B+,14,3,High
2024-09-28,West,B-,15,7,High
2024-09-28,West,AB+,15,15,Low
2024-09-28,West,AB-,36,12,High
2024-09-28,West,O+,5,25,Low
2024-09-28,West,O-,26,3,High
2024-09-28,Central,A+,18,16,Medium
2024-09-28,Central,A-,5,6,Low
2024-09-28,Central,B+,6,4,High
2024-09-28,Central,B-,40,36,Medium
2024-09-28,Central,AB+,29,18,High
2024-09-28,Central,AB-,23,28,Low
2024-09-28,Central,O+,34,18,High
2024-09-28,Central,O-,12,42,Low
2024-09-29,North,A+,5,3,High
2024-09-29,North,A-,38,36,Medium
2024-09-29,North,B+,10,10,Low
2024-09-29,North,B-,21,10,High
2024-09-29,North,AB+,30,3,High
2024-09-29,North,AB-,6,40,Low
2024-09-29,North,O+,10,27,Low
2024-09-29,North,O-,14,18,Low
2024-09-29,South,A+,13,34,Low
2024-09-29,South,A-,17,32,Low
2024-09-29,South,B+,39,39,Low
2024-09-29,South,B-,34,42,Low
2024-09-29,South,AB+,7,27,Low
2024-09-29,South,AB-,5,37,Low
2024-09-29,South,O+,26,22,Medium
2024-09-29,South,O-,39,8,High
2024-09-29,East,A+,40,30,Medium
2024-09-29,East,A-,35,19,High
2024-09-29,East,B+,29,18,High
2024-09-29,East,B-,7,6,Medium
2024-09-29,East,AB+,6,41,Low
2024-09-29,East,AB-,37,20,High
2024-09-29,East,O+,19,18,Medium
2024-09-29,East,O-,32,10,High
2024-09-29,West,A+,11,18,Low
2024-09-29,West,A-,33,8,High
2024-09-29,West,B+,11,36,Low
2024-09-29,West,B-,10,23,Low
2024-09-29,West,AB+,10,45,Low
2024-09-29,West,AB-,40,44,Low
2024-09-29,West,O+,28,19,High
2024-09-29,West,O-,26,35,Low
2024-09-29,Central,A+,14,39,Low
2024-09-29,Central,A-,24,12,High
2024-09-29,Central,B+,6,15,Low
2024-09-29,Central,B-,21,45,Low
2024-09-29,Central,AB+,5,7,Low
2024-09-29,Central,AB-,28,16,High
2024-09-29,Central,O+,25,18,Medium
2024-09-29,Central,O-,22,29,Low
2024-09-30,North,A+,31,4,High
2024-09-30,North,A-,33,23,High
2024-09-30,North,B+,29,39,Low
2024-09-30,North,B-,21,21,Low
2024-09-30,North,AB+,22,28,Low
2024-09-30,North,AB-,32,31,Medium
2024-09-30,North,O+,14,6,High
2024-09-30,North,O-,11,6,High
2024-09-30,South,A+,40,11,High
2024-09-30,South,A-,22,44,Low
2024-09-30,South,B+,6,11,Low
2024-09-30,South,B-,39,8,High
2024-09-30,South,AB+,37,12,High
2024-09-30,South,AB-,13,44,Low
2024-09-30,South,O+,19,35,Low
2024-09-30,South,O-,33,41,Low
2024-09-30,East,A+,23,3,High
2024-09-30,East,A-,14,28,Low
2024-09-30,East,B+,14,5,High
2024-09-30,East,B-,38,25,High
2024-09-30,East,AB+,37,7,High
2024-09-30,East,AB-,36,19,High
2024-09-30,East,O+,25,11,High
2024-09-30,East,O-,34,17,High
2024-09-30,West,A+,27,43,Low
2024-09-30,West,A-,17,29,Low
2024-09-30,West,B+,24,13,High
2024-09-30,West,B-,19,25,Low
2024-09-30,West,AB+,34,4,High
2024-09-30,West,AB-,5,21,Low
2024-09-30,West,O+,10,13,Low
2024-09-30,West,O-,11,38,Low
2024-09-30,Central,A+,13,38,Low
2024-09-30,Central,A-,26,9,High
2024-09-30,Central,B+,40,10,High
2024-09-30,Central,B-,31,7,High
2024-09-30,Central,AB+,16,43,Low
2024-09-30,Central,AB-,25,25,Low
2024-09-30,Central,O+,6,21,Low
2024-09-30,Central,O-,30,10,High
2024-10-01,North,A+,7,6,Medium
2024-10-01,North,A-,34,41,Low
2024-10-01,North,B+,16,17,Low
2024-10-01,North,B-,8,19,Low
2024-10-01,North,AB+,32,29,Medium
2024-10-01,North,AB-,6,6,Low
2024-10-01,North,O+,10,11,Low
2024-10-01,North,O-,40,18,High
2024-10-01,South,A+,38,12,High
2024-10-01,South,A-,34,8,High
2024-10-01,South,B+,6,8,Low
2024-10-01,South,B-,16,15,Medium
2024-10-01,South,AB+,13,39,Low
2024-10-01,South,AB-,32,7,High
2024-10-01,South,O+,27,8,High
2024-10-01,South,O-,13,4,High
2024-10-01,East,A+,21,37,Low
2024-10-01,East,A-,28,3,High
2024-10-01,East,B+,36,30,Medium
2024-10-01,East,B-,32,23,Medium
2024-10-01,East,AB+,19,19,Low
2024-10-01,East,AB-,24,27,Low
2024-10-01,East,O+,7,22,Low
2024-10-01,East,O-,16,12,Medium
2024-10-01,West,A+,33,29,Medium
2024-10-01,West,A-,19,43,Low
2024-10-01,West,B+,24,27,Low
2024-10-01,West,B-,6,9,Low
2024-10-01,West,AB+,10,24,Low
2024-10-01,West,AB-,20,3,High
2024-10-01,West,O+,28,34,Low
2024-10-01,West,O-,18,22,Low
2024-10-01,Central,A+,36,12,High
2024-10-01,Central,A-,21,18,Medium
2024-10-01,Central,B+,27,38,Low
2024-10-01,Central,B-,31,8,High
2024-10-01,Central,AB+,36,29,Medium
2024-10-01,Central,AB-,39,13,High
2024-10-01,Central,O+,15,23,Low
2024-10-01,Central,O-,11,11,Low
2024-10-02,North,A+,34,45,Low
2024-10-02,North,A-,16,28,Low
2024-10-02,North,B+,33,3,High
2024-10-02,North,B-,37,28,Medium
2024-10-02,North,AB+,31,27,Medium
2024-10-02,North,AB-,27,28,Low
2024-10-02,North,O+,14,11,Medium
2024-10-02,North,O-,22,7,High
2024-10-02,South,A+,33,29,Medium
2024-10-02,South,A-,39,31,Medium
2024-10-02,South,B+,37,20,High
2024-10-02,South,B-,23,33,Low
2024-10-02,South,AB+,34,8,High
2024-10-02,South,AB-,15,40,Low
2024-10-02,South,O+,8,43,Low
2024-10-02,South,O-,18,26,Low
2024-10-02,East,A+,5,5,Low
2024-10-02,East,A-,31,9,High
2024-10-02,East,B+,37,22,High
2024-10-02,East,B-,37,39,Low
2024-10-02,East,AB+,35,22,High
2024-10-02,East,AB-,14,11,Medium
2024-10-02,East,O+,20,23,Low
2024-10-02,East,O-,22,16,Medium
2024-10-02,West,A+,24,6,High
2024-10-02,West,A-,24,29,Low
2024-10-02,West,B+,29,38,Low
2024-10-02,West,B-,14,10,Medium
2024-10-02,West,AB+,14,8,High
2024-10-02,West,AB-,26,43,Low
2024-10-02,West,O+,32,19,High
2024-10-02,West,O-,27,13,High
2024-10-02,Central,A+,27,19,Medium
2024-10-02,Central,A-,16,4,High
2024-10-02,Central,B+,30,45,Low
2024-10-02,Central,B-,22,21,Medium
2024-10-02,Central,AB+,10,10,Low
2024-10-02,Central,AB-,11,45,Low
2024-10-02,Central,O+,36,15,High
2024-10-02,Central,O-,39,38,Medium
2024-10-03,North,A+,10,36,Low
2024-10-03,North,A-,14,32,Low
2024-10-03,North,B+,20,3,High
2024-10-03,North,B-,32,17,High
2024-10-03,North,AB+,24,17,Medium
2024-10-03,North,AB-,26,40,Low
2024-10-03,North,O+,23,35,Low
2024-10-03,North,O-,37,14,High
2024-10-03,South,A+,9,36,Low
2024-10-03,South,A-,38,20,High
2024-10-03,South,B+,31,37,Low
2024-10-03,South,B-,6,28,Low
2024-10-03,South,AB+,30,19,High
2024-10-03,South,AB-,6,25,Low
2024-10-03,South,O+,11,9,Medium
2024-10-03,South,O-,7,14,Low
2024-10-03,East,A+,10,13,Low
2024-10-03,East,A-,28,22,Medium
2024-10-03,East,B+,17,45,Low
2024-10-03,East,B-,22,8,High
2024-10-03,East,AB+,16,18,Low
2024-10-03,East,AB-,6,10,Low
2024-10-03,East,O+,30,6,High
2024-10-03,East,O-,24,42,Low
2024-10-03,West,A+,38,30,Medium
2024-10-03,West,A-,5,18,Low
2024-10-03,West,B+,36,12,High
2024-10-03,West,B-,11,44,Low
2024-10-03,West,AB+,37,27,Medium
2024-10-03,West,AB-,8,6,Medium
2024-10-03,West,O+,17,13,Medium
2024-10-03,West,O-,8,15,Low
2024-10-03,Central,A+,11,41,Low
2024-10-03,Central,A-,33,38,Low
2024-10-03,Central,B+,8,8,Low
2024-10-03,Central,B-,10,20,Low
2024-10-03,Central,AB+,7,3,High
2024-10-03,Central,AB-,18,22,Low
2024-10-03,Central,O+,35,10,High
2024-10-03,Central,O-,20,9,High
2024-10-04,North,A+,36,9,High
2024-10-04,North,A-,34,44,Low
2024-10-04,North,B+,40,29,Medium
2024-10-04,North,B-,7,9,Low
2024-10-04,North,AB+,29,12,High
2024-10-04,North,AB-,27,42,Low
2024-10-04,North,O+,8,35,Low
2024-10-04,North,O-,21,9,High
2024-10-04,South,A+,23,43,Low
2024-10-04,South,A-,34,36,Low
2024-10-04,South,B+,26,26,Low
2024-10-04,South,B-,5,43,Low
2024-10-04,South,AB+,12,7,High
2024-10-04,South,AB-,18,31,Low
2024-10-04,South,O+,26,17,High
2024-10-04,South,O-,26,36,Low
2024-10-04,East,A+,15,10,High
2024-10-04,East,A-,6,33,Low
2024-10-04,East,B+,15,38,Low
2024-10-04,East,B-,38,31,Medium
2024-10-04,East,AB+,38,3,High
2024-10-04,East,AB-,35,11,High
2024-10-04,East,O+,34,41,Low
2024-10-04,East,O-,8,17,Low
2024-10-04,West,A+,34,10,High
2024-10-04,West,A-,31,9,High
2024-10-04,West,B+,32,4,High
2024-10-04,West,B-,40,35,Medium
2024-10-04,West,AB+,12,42,Low
2024-10-04,West,AB-,35,12,High
2024-10-04,West,O+,13,15,Low
2024-10-04,West,O-,29,19,High
2024-10-04,Central,A+,35,34,Medium
2024-10-04,Central,A-,12,37,Low
2024-10-04,Central,B+,17,34,Low
2024-10-04,Central,B-,26,17,High
2024-10-04,Central,AB+,7,31,Low
2024-10-04,Central,AB-,31,38,Low
2024-10-04,Central,O+,11,3,High
2024-10-04,Central,O-,16,21,Low
2024-10-05,North,A+,40,3,High
2024-10-05,North,A-,40,26,High
2024-10-05,North,B+,27,32,Low
2024-10-05,North,B-,37,5,High
2024-10-05,North,AB+,5,13,Low
2024-10-05,North,AB-,21,45,Low
2024-10-05,North,O+,23,15,High
2024-10-05,North,O-,13,16,Low
2024-10-05,South,A+,30,14,High
2024-10-05,South,A-,15,10,High
2024-10-05,South,B+,30,40,Low
2024-10-05,South,B-,7,27,Low
2024-10-05,South,AB+,29,38,Low
2024-10-05,South,AB-,27,32,Low
2024-10-05,South,O+,21,28,Low
2024-10-05,South,O-,35,4,High
2024-10-05,East,A+,29,31,Low
2024-10-05,East,A-,27,7,High
2024-10-05,East,B+,32,42,Low
2024-10-05,East,B-,12,18,Low
2024-10-05,East,AB+,28,12,High
2024-10-05,East,AB-,10,23,Low
2024-10-05,East,O+,8,10,Low
2024-10-05,East,O-,31,22,Medium
2024-10-05,West,A+,14,27,Low
2024-10-05,West,A-,9,3,High
2024-10-05,West,B+,35,3,High
2024-10-05,West,B-,18,15,Medium
2024-10-05,West,AB+,28,5,High
2024-10-05,West,AB-,38,19,High
2024-10-05,West,O+,15,21,Low
2024-10-05,West,O-,18,10,High
2024-10-05,Central,A+,39,17,High
2024-10-05,Central,A-,13,21,Low
2024-10-05,Central,B+,39,21,High
2024-10-05,Central,B-,37,7,High
2024-10-05,Central,AB+,19,4,High
2024-10-05,Central,AB-,5,22,Low
2024-10-05,Central,O+,11,30,Low
2024-10-05,Central,O-,9,3,High
2024-10-06,North,A+,25,17,High
2024-10-06,North,A-,7,12,Low
2024-10-06,North,B+,11,26,Low
2024-10-06,North,B-,9,27,Low
2024-10-06,North,AB+,35,26,Medium
2024-10-06,North,AB-,40,27,High
2024-10-06,North,O+,23,28,Low
2024-10-06,North,O-,20,17,Medium
2024-10-06,South,A+,26,17,High
2024-10-06,South,A-,24,38,Low
2024-10-06,South,B+,10,8,Medium
2024-10-06,South,B-,5,23,Low
2024-10-06,South,AB+,6,10,Low
2024-10-06,South,AB-,22,34,Low
2024-10-06,South,O+,31,19,High
2024-10-06,South,O-,14,34,Low
2024-10-06,East,A+,37,40,Low
2024-10-06,East,A-,32,10,High
2024-10-06,East,B+,25,33,Low
2024-10-06,East,B-,20,38,Low
2024-10-06,East,AB+,26,23,Medium
2024-10-06,East,AB-,12,11,Medium
2024-10-06,East,O+,39,7,High
2024-10-06,East,O-,33,34,Low
2024-10-06,West,A+,26,9,High
2024-10-06,West,A-,13,17,Low
2024-10-06,West,B+,28,39,Low
2024-10-06,West,B-,36,35,Medium
2024-10-06,West,AB+,11,24,Low
2024-10-06,West,AB-,28,19,High
2024-10-06,West,O+,14,27,Low
2024-10-06,West,O-,7,45,Low
2024-10-06,Central,A+,34,13,High
2024-10-06,Central,A-,19,27,Low
2024-10-06,Central,B+,6,12,Low
2024-10-06,Central,B-,23,21,Medium
2024-10-06,Central,AB+,32,26,Medium
2024-10-06,Central,AB-,22,30,Low
2024-10-06,Central,O+,34,32,Medium
2024-10-06,Central,O-,14,5,High
2024-10-07,North,A+,27,7,High
2024-10-07,North,A-,33,9,High
2024-10-07,North,B+,6,32,Low
2024-10-07,North,B-,18,6,High
2024-10-07,North,AB+,37,32,Medium
2024-10-07,North,AB-,12,26,Low
2024-10-07,North,O+,29,19,High
2024-10-07,North,O-,35,37,Low
2024-10-07,South,A+,19,33,Low
2024-10-07,South,A-,8,16,Low
2024-10-07,South,B+,11,34,Low
2024-10-07,South,B-,25,22,Medium
2024-10-07,South,AB+,19,36,Low
2024-10-07,South,AB-,6,14,Low
2024-10-07,South,O+,33,21,High
2024-10-07,South,O-,9,22,Low
2024-10-07,East,A+,37,23,High
2024-10-07,East,A-,34,45,Low
2024-10-07,East,B+,16,27,Low
2024-10-07,East,B-,8,13,Low
2024-10-07,East,AB+,16,24,Low
2024-10-07,East,AB-,21,28,Low
2024-10-07,East,O+,38,28,Medium
2024-10-07,East,O-,14,31,Low
2024-10-07,West,A+,16,38,Low
2024-10-07,West,A-,38,22,High
2024-10-07,West,B+,7,31,Low
2024-10-07,West,B-,31,30,Medium
2024-10-07,West,AB+,21,11,High
2024-10-07,West,AB-,5,31,Low
2024-10-07,West,O+,29,16,High
2024-10-07,West,O-,14,33,Low
2024-10-07,Central,A+,9,16,Low
2024-10-07,Central,A-,26,16,High
2024-10-07,Central,B+,40,28,Medium
2024-10-07,Central,B-,35,29,Medium
2024-10-07,Central,AB+,13,25,Low
2024-10-07,Central,AB-,13,16,Low
2024-10-07,Central,O+,38,30,Medium
2024-10-07,Central,O-,37,33,Medium
2024-10-08,North,A+,8,29,Low
2024-10-08,North,A-,6,19,Low
2024-10-08,North,B+,38,36,Medium
2024-10-08,North,B-,30,40,Low
2024-10-08,North,AB+,19,14,Medium
2024-10-08,North,AB-,8,24,Low
2024-10-08,North,O+,28,18,High
2024-10-08,North,O-,21,3,High
2024-10-08,South,A+,27,4,High
2024-10-08,South,A-,38,41,Low
2024-10-08,South,B+,14,33,Low
2024-10-08,South,B-,17,39,Low
2024-10-08,South,AB+,31,8,High
2024-10-08,South,AB-,25,41,Low
2024-10-08,South,O+,33,30,Medium
2024-10-08,South,O-,21,3,High
2024-10-08,East,A+,25,15,High
2024-10-08,East,A-,25,29,Low
2024-10-08,East,B+,33,6,High
2024-10-08,East,B-,35,35,Low
2024-10-08,East,AB+,34,34,Low
2024-10-08,East,AB-,26,25,Medium
2024-10-08,East,O+,21,13,High
2024-10-08,East,O-,32,7,High
2024-10-08,West,A+,6,18,Low
2024-10-08,West,A-,38,19,High
2024-10-08,West,B+,14,14,Low
2024-10-08,West,B-,35,16,High
2024-10-08,West,AB+,30,11,High
2024-10-08,West,AB-,34,16,High
2024-10-08,West,O+,16,6,High
2024-10-08,West,O-,16,14,Medium
2024-10-08,Central,A+,14,33,Low
2024-10-08,Central,A-,11,9,Medium
2024-10-08,Central,B+,9,32,Low
2024-10-08,Central,B-,28,44,Low
2024-10-08,Central,AB+,36,30,Medium
2024-10-08,Central,AB-,12,34,Low
2024-10-08,Central,O+,11,30,Low
2024-10-08,Central,O-,15,6,High
2024-10-09,North,A+,23,13,High
2024-10-09,North,A-,39,26,High
2024-10-09,North,B+,12,21,Low
2024-10-09,North,B-,22,38,Low
2024-10-09,North,AB+,30,39,Low
2024-10-09,North,AB-,40,17,High
2024-10-09,North,O+,7,26,Low
2024-10-09,North,O-,16,9,High
2024-10-09,South,A+,32,40,Low
2024-10-09,South,A-,5,16,Low
2024-10-09,South,B+,16,14,Medium
2024-10-09,South,B-,6,14,Low
2024-10-09,South,AB+,31,39,Low
2024-10-09,South,AB-,40,3,High
2024-10-09,South,O+,11,20,Low
2024-10-09,South,O-,16,28,Low
2024-10-09,East,A+,22,34,Low
2024-10-09,East,A-,9,6,High
2024-10-09,East,B+,32,37,Low
2024-10-09,East,B-,6,7,Low
2024-10-09,East,AB+,33,32,Medium
2024-10-09,East,AB-,6,16,Low
2024-10-09,East,O+,10,28,Low
2024-10-09,East,O-,17,31,Low
2024-10-09,West,A+,7,24,Low
2024-10-09,West,A-,5,5,Low
2024-10-09,West,B+,23,40,Low
2024-10-09,West,B-,17,16,Medium
2024-10-09,West,AB+,16,29,Low
2024-10-09,West,AB-,34,14,High
2024-10-09,West,O+,21,20,Medium
2024-10-09,West,O-,29,39,Low
2024-10-09,Central,A+,19,10,High
2024-10-09,Central,A-,33,13,High
2024-10-09,Central,B+,22,31,Low
2024-10-09,Central,B-,32,18,High
2024-10-09,Central,AB+,40,3,High
2024-10-09,Central,AB-,39,17,High
2024-10-09,Central,O+,7,28,Low
2024-10-09,Central,O-,25,19,Medium
2024-10-10,North,A+,8,13,Low
2024-10-10,North,A-,27,42,Low
2024-10-10,North,B+,40,23,High
2024-10-10,North,B-,11,41,Low
2024-10-10,North,AB+,19,41,Low
2024-10-10,North,AB-,19,11,High
2024-10-10,North,O+,34,13,High
2024-10-10,North,O-,36,14,High
2024-10-10,South,A+,39,8,High
2024-10-10,South,A-,15,39,Low
2024-10-10,South,B+,12,27,Low
2024-10-10,South,B-,19,25,Low
2024-10-10,South,AB+,8,22,Low
2024-10-10,South,AB-,32,6,High
2024-10-10,South,O+,13,30,Low
2024-10-10,South,O-,31,31,Low
2024-10-10,East,A+,30,44,Low
2024-10-10,East,A-,26,13,High
2024-10-10,East,B+,34,13,High
2024-10-10,East,B-,40,44,Low
2024-10-10,East,AB+,24,25,Low
2024-10-10,East,AB-,18,40,Low
2024-10-10,East,O+,36,19,High
2024-10-10,East,O-,28,4,High
2024-10-10,West,A+,33,3,High
2024-10-10,West,A-,37,37,Low
2024-10-10,West,B+,32,22,High
2024-10-10,West,B-,5,29,Low
2024-10-10,West,AB+,36,26,Medium
2024-10-10,West,AB-,31,4,High
2024-10-10,West,O+,15,5,High
2024-10-10,West,O-,39,3,High
2024-10-10,Central,A+,11,39,Low
2024-10-10,Central,A-,15,41,Low
2024-10-10,Central,B+,7,13,Low
2024-10-10,Central,B-,16,7,High
2024-10-10,Central,AB+,28,22,Medium
2024-10-10,Central,AB-,20,42,Low
2024-10-10,Central,O+,7,20,Low
2024-10-10,Central,O-,21,37,Low
2024-10-11,North,A+,7,40,Low
2024-10-11,North,A-,19,14,Medium
2024-10-11,North,B+,15,25,Low
2024-10-11,North,B-,17,18,Low
2024-10-11,North,AB+,18,14,Medium
2024-10-11,North,AB-,5,13,Low
2024-10-11,North,O+,20,25,Low
2024-10-11,North,O-,9,5,High
2024-10-11,South,A+,14,26,Low
2024-10-11,South,A-,26,25,Medium
2024-10-11,South,B+,8,10,Low
2024-10-11,South,B-,19,24,Low
2024-10-11,South,AB+,23,24,Low
2024-10-11,South,AB-,7,17,Low
2024-10-11,South,O+,30,40,Low
2024-10-11,South,O-,37,38,Low
2024-10-11,East,A+,40,21,High
2024-10-11,East,A-,18,42,Low
2024-10-11,East,B+,17,18,Low
2024-10-11,East,B-,17,13,Medium
2024-10-11,East,AB+,23,18,Medium
2024-10-11,East,AB-,30,13,High
2024-10-11,East,O+,32,11,High
2024-10-11,East,O-,5,37,Low
2024-10-11,West,A+,6,25,Low
2024-10-11,West,A-,39,44,Low
2024-10-11,West,B+,19,10,High
2024-10-11,West,B-,13,20,Low
2024-10-11,West,AB+,22,8,High
2024-10-11,West,AB-,15,40,Low
2024-10-11,West,O+,8,31,Low
2024-10-11,West,O-,26,41,Low
2024-10-11,Central,A+,30,23,Medium
2024-10-11,Central,A-,13,6,High
2024-10-11,Central,B+,12,12,Low
2024-10-11,Central,B-,20,34,Low
2024-10-11,Central,AB+,30,15,High
2024-10-11,Central,AB-,9,33,Low
2024-10-11,Central,O+,34,22,High
2024-10-11,Central,O-,28,20,Medium
2024-10-12,North,A+,15,7,High
2024-10-12,North,A-,5,27,Low
2024-10-12,North,B+,16,41,Low
2024-10-12,North,B-,22,44,Low
2024-10-12,North,AB+,10,39,Low
2024-10-12,North,AB-,18,31,Low
2024-10-12,North,O+,26,42,Low
2024-10-12,North,O-,11,40,Low
2024-10-12,South,A+,13,14,Low
2024-10-12,South,A-,30,31,Low
2024-10-12,South,B+,9,17,Low
2024-10-12,South,B-,11,33,Low
2024-10-12,South,AB+,28,17,High
2024-10-12,South,AB-,30,11,High
2024-10-12,South,O+,32,20,High
2024-10-12,South,O-,35,23,High
2024-10-12,East,A+,14,45,Low
2024-10-12,East,A-,37,43,Low
2024-10-12,East,B+,30,19,High
2024-10-12,East,B-,29,9,High
2024-10-12,East,AB+,14,4,High
2024-10-12,East,AB-,32,10,High
2024-10-12,East,O+,33,17,High
2024-10-12,East,O-,6,3,High
2024-10-12,West,A+,15,45,Low
2024-10-12,West,A-,39,20,High
2024-10-12,West,B+,25,11,High
2024-10-12,West,B-,22,6,High
2024-10-12,West,AB+,17,13,Medium
2024-10-12,West,AB-,11,7,High
2024-10-12,West,O+,27,17,High
2024-10-12,West,O-,26,25,Medium
2024-10-12,Central,A+,5,23,Low
2024-10-12,Central,A-,11,20,Low
2024-10-12,Central,B+,18,11,High
2024-10-12,Central,B-,11,40,Low
2024-10-12,Central,AB+,11,22,Low
2024-10-12,Central,AB-,20,45,Low
2024-10-12,Central,O+,8,36,Low
2024-10-12,Central,O-,33,34,Low
2024-10-13,North,A+,34,43,Low
2024-10-13,North,A-,13,19,Low
2024-10-13,North,B+,34,41,Low
2024-10-13,North,B-,13,26,Low
2024-10-13,North,AB+,21,11,High
2024-10-13,North,AB-,14,8,High
2024-10-13,North,O+,37,37,Low
2024-10-13,North,O-,20,19,Medium
2024-10-13,South,A+,25,37,Low
2024-10-13,South,A-,12,40,Low
2024-10-13,South,B+,16,3,High
2024-10-13,South,B-,24,37,Low
2024-10-13,South,AB+,35,34,Medium
2024-10-13,South,AB-,7,30,Low
2024-10-13,South,O+,36,43,Low
2024-10-13,South,O-,29,39,Low
2024-10-13,East,A+,17,16,Medium
2024-10-13,East,A-,20,13,High
2024-10-13,East,B+,40,30,Medium
2024-10-13,East,B-,27,9,High
2024-10-13,East,AB+,27,42,Low
2024-10-13,East,AB-,8,13,Low
2024-10-13,East,O+,26,32,Low
2024-10-13,East,O-,39,45,Low
2024-10-13,West,A+,23,30,Low
2024-10-13,West,A-,22,6,High
2024-10-13,West,B+,38,24,High
2024-10-13,West,B-,37,25,High
2024-10-13,West,AB+,38,36,Medium
2024-10-13,West,AB-,17,37,Low
2024-10-13,West,O+,15,23,Low
2024-10-13,West,O-,32,33,Low
2024-10-13,Central,A+,13,28,Low
2024-10-13,Central,A-,16,4,High
2024-10-13,Central,B+,37,20,High
2024-10-13,Central,B-,30,33,Low
2024-10-13,Central,AB+,13,45,Low
2024-10-13,Central,AB-,15,26,Low
2024-10-13,Central,O+,24,16,High
2024-10-13,Central,O-,25,26,Low
2024-10-14,North,A+,10,40,Low
2024-10-14,North,A-,30,13,High
2024-10-14,North,B+,40,13,High
2024-10-14,North,B-,16,14,Medium
2024-10-14,North,AB+,27,3,High
2024-10-14,North,AB-,11,37,Low
2024-10-14,North,O+,16,25,Low
2024-10-14,North,O-,30,13,High
2024-10-14,South,A+,24,31,Low
2024-10-14,South,A-,16,38,Low
2024-10-14,South,B+,31,15,High
2024-10-14,South,B-,21,14,High
2024-10-14,South,AB+,5,8,Low
2024-10-14,South,AB-,15,13,Medium
2024-10-14,South,O+,20,20,Low
2024-10-14,South,O-,10,21,Low
2024-10-14,East,A+,16,41,Low
2024-10-14,East,A-,5,3,High
2024-10-14,East,B+,31,28,Medium
2024-10-14,East,B-,15,31,Low
2024-10-14,East,AB+,7,11,Low
2024-10-14,East,AB-,31,28,Medium
2024-10-14,East,O+,5,19,Low
2024-10-14,East,O-,26,6,High
2024-10-14,West,A+,28,30,Low
2024-10-14,West,A-,17,14,Medium
2024-10-14,West,B+,9,33,Low
2024-10-14,West,B-,23,44,Low
2024-10-14,West,AB+,7,4,High
2024-10-14,West,AB-,19,42,Low
2024-10-14,West,O+,9,6,High
2024-10-14,West,O-,10,39,Low
2024-10-14,Central,A+,19,18,Medium
2024-10-14,Central,A-,28,15,High
2024-10-14,Central,B+,39,42,Low
2024-10-14,Central,B-,16,11,High
2024-10-14,Central,AB+,15,22,Low
2024-10-14,Central,AB-,34,8,High
2024-10-14,Central,O+,10,40,Low
2024-10-14,Central,O-,19,27,Low
2024-10-15,North,A+,5,5,Low
2024-10-15,North,A-,31,4,High
2024-10-15,North,B+,38,12,High
2024-10-15,North,B-,34,34,Low
2024-10-15,North,AB+,7,23,Low
2024-10-15,North,AB-,30,20,High
2024-10-15,North,O+,30,10,High
2024-10-15,North,O-,31,6,High
2024-10-15,South,A+,35,30,Medium
2024-10-15,South,A-,13,28,Low
2024-10-15,South,B+,23,16,High
2024-10-15,South,B-,38,25,High
2024-10-15,South,AB+,5,3,High
2024-10-15,South,AB-,25,17,High
2024-10-15,South,O+,34,14,High
2024-10-15,South,O-,17,20,Low
2024-10-15,East,A+,32,8,High
2024-10-15,East,A-,33,30,Medium
2024-10-15,East,B+,14,17,Low
2024-10-15,East,B-,12,16,Low
2024-10-15,East,AB+,17,29,Low
2024-10-15,East,AB-,12,3,High
2024-10-15,East,O+,21,21,Low
2024-10-15,East,O-,10,30,Low
2024-10-15,West,A+,24,11,High
2024-10-15,West,A-,17,9,High
2024-10-15,West,B+,29,25,Medium
2024-10-15,West,B-,22,21,Medium
2024-10-15,West,AB+,12,15,Low
2024-10-15,West,AB-,34,14,High
2024-10-15,West,O+,34,33,Medium
2024-10-15,West,O-,29,36,Low
2024-10-15,Central,A+,28,33,Low
2024-10-15,Central,A-,31,5,High
2024-10-15,Central,B+,32,16,High
2024-10-15,Central,B-,21,41,Low
2024-10-15,Central,AB+,23,14,High
2024-10-15,Central,AB-,7,20,Low
2024-10-15,Central,O+,32,7,High
2024-10-15,Central,O-,35,23,High
2024-10-16,North,A+,26,9,High
2024-10-16,North,A-,37,38,Low
2024-10-16,North,B+,33,4,High
2024-10-16,North,B-,10,34,Low
2024-10-16,North,AB+,17,14,Medium
2024-10-16,North,AB-,24,14,High
2024-10-16,North,O+,7,13,Low
2024-10-16,North,O-,23,38,Low
2024-10-16,South,A+,19,31,Low
2024-10-16,South,A-,24,20,Medium
2024-10-16,South,B+,22,7,High
2024-10-16,South,B-,36,13,High
2024-10-16,South,AB+,19,20,Low
2024-10-16,South,AB-,27,30,Low
2024-10-16,South,O+,26,15,High
2024-10-16,South,O-,37,27,Medium
2024-10-16,East,A+,21,31,Low
2024-10-16,East,A-,5,13,Low
2024-10-16,East,B+,27,21,Medium
2024-10-16,East,B-,39,26,High
2024-10-16,East,AB+,19,27,Low
2024-10-16,East,AB-,13,29,Low
2024-10-16,East,O+,40,39,Medium
2024-10-16,East,O-,7,20,Low
2024-10-16,West,A+,34,14,High
2024-10-16,West,A-,17,36,Low
2024-10-16,West,B+,32,20,High
2024-10-16,West,B-,9,44,Low
2024-10-16,West,AB+,5,3,High
2024-10-16,West,AB-,26,17,High
2024-10-16,West,O+,37,24,High
2024-10-16,West,O-,25,33,Low
2024-10-16,Central,A+,22,14,High
2024-10-16,Central,A-,10,28,Low
2024-10-16,Central,B+,22,18,Medium
2024-10-16,Central,B-,25,40,Low
2024-10-16,Central,AB+,6,5,Medium
2024-10-16,Central,AB-,19,33,Low
2024-10-16,Central,O+,39,7,High
2024-10-16,Central,O-,21,30,Low
2024-10-17,North,A+,8,22,Low
2024-10-17,North,A-,36,44,Low
2024-10-17,North,B+,31,9,High
2024-10-17,North,B-,23,17,Medium
2024-10-17,North,AB+,34,35,Low
2024-10-17,North,AB-,38,19,High
2024-10-17,North,O+,22,16,Medium
2024-10-17,North,O-,34,6,High
2024-10-17,South,A+,30,27,Medium
2024-10-17,South,A-,10,37,Low
2024-10-17,South,B+,33,44,Low
2024-10-17,South,B-,27,29,Low
2024-10-17,South,AB+,21,29,Low
2024-10-17,South,AB-,34,11,High
2024-10-17,South,O+,29,17,High
2024-10-17,South,O-,30,38,Low
2024-10-17,East,A+,9,26,Low
2024-10-17,East,A-,24,8,High
2024-10-17,East,B+,38,26,High
2024-10-17,East,B-,38,41,Low
2024-10-17,East,AB+,7,6,Medium
2024-10-17,East,AB-,14,31,Low
2024-10-17,East,O+,35,13,High
2024-10-17,East,O-,12,3,High
2024-10-17,West,A+,38,22,High
2024-10-17,West,A-,26,5,High
2024-10-17,West,B+,34,44,Low
2024-10-17,West,B-,40,27,High
2024-10-17,West,AB+,6,21,Low
2024-10-17,West,AB-,20,26,Low
2024-10-17,West,O+,31,30,Medium
2024-10-17,West,O-,7,24,Low
2024-10-17,Central,A+,7,17,Low
2024-10-17,Central,A-,20,31,Low
2024-10-17,Central,B+,22,30,Low
2024-10-17,Central,B-,37,18,High
2024-10-17,Central,AB+,18,4,High
2024-10-17,Central,AB-,30,33,Low
2024-10-17,Central,O+,33,45,Low
2024-10-17,Central,O-,18,4,High
2024-10-18,North,A+,30,33,Low
2024-10-18,North,A-,12,38,Low
2024-10-18,North,B+,13,14,Low
2024-10-18,North,B-,16,29,Low
2024-10-18,North,AB+,31,33,Low
2024-10-18,North,AB-,22,8,High
2024-10-18,North,O+,6,35,Low
2024-10-18,North,O-,33,35,Low
2024-10-18,South,A+,37,30,Medium
2024-10-18,South,A-,26,16,High
2024-10-18,South,B+,37,24,High
2024-10-18,South,B-,7,27,Low
2024-10-18,South,AB+,35,16,High
2024-10-18,South,AB-,31,16,High
2024-10-18,South,O+,24,13,High
2024-10-18,South,O-,37,42,Low
2024-10-18,East,A+,37,33,Medium
2024-10-18,East,A-,30,4,High
2024-10-18,East,B+,25,43,Low
2024-10-18,East,B-,25,4,High
2024-10-18,East,AB+,24,39,Low
2024-10-18,East,AB-,13,11,Medium
2024-10-18,East,O+,12,32,Low
2024-10-18,East,O-,8,19,Low
2024-10-18,West,A+,40,30,Medium
2024-10-18,West,A-,9,37,Low
2024-10-18,West,B+,30,31,Low
2024-10-18,West,B-,6,29,Low
2024-10-18,West,AB+,30,16,High
2024-10-18,West,AB-,16,6,High
2024-10-18,West,O+,9,28,Low
2024-10-18,West,O-,15,39,Low
2024-10-18,Central,A+,5,33,Low
2024-10-18,Central,A-,17,40,Low
2024-10-18,Central,B+,16,35,Low
2024-10-18,Central,B-,10,39,Low
2024-10-18,Central,AB+,39,13,High
2024-10-18,Central,AB-,36,10,High
2024-10-18,Central,O+,40,12,High
2024-10-18,Central,O-,31,23,Medium
2024-10-19,North,A+,18,17,Medium
2024-10-19,North,A-,34,8,High
2024-10-19,North,B+,34,3,High
2024-10-19,North,B-,39,30,Medium
2024-10-19,North,AB+,24,42,Low
2024-10-19,North,AB-,21,13,High
2024-10-19,North,O+,30,40,Low
2024-10-19,North,O-,23,13,High
2024-10-19,South,A+,6,16,Low
2024-10-19,South,A-,39,45,Low
2024-10-19,South,B+,20,8,High
2024-10-19,South,B-,20,23,Low
2024-10-19,South,AB+,24,43,Low
2024-10-19,South,AB-,6,10,Low
2024-10-19,South,O+,23,25,Low
2024-10-19,South,O-,31,31,Low
2024-10-19,East,A+,6,27,Low
2024-10-19,East,A-,16,7,High
2024-10-19,East,B+,26,37,Low
2024-10-19,East,B-,33,15,High
2024-10-19,East,AB+,5,26,Low
2024-10-19,East,AB-,21,41,Low
2024-10-19,East,O+,38,13,High
2024-10-19,East,O-,22,17,Medium
2024-10-19,West,A+,40,35,Medium
2024-10-19,West,A-,22,45,Low
2024-10-19,West,B+,20,6,High
2024-10-19,West,B-,14,7,High
2024-10-19,West,AB+,34,37,Low
2024-10-19,West,AB-,12,29,Low
2024-10-19,West,O+,35,35,Low
2024-10-19,West,O-,5,27,Low
2024-10-19,Central,A+,29,44,Low
2024-10-19,Central,A-,22,45,Low
2024-10-19,Central,B+,19,10,High
2024-10-19,Central,B-,26,44,Low
2024-10-19,Central,AB+,38,40,Low
2024-10-19,Central,AB-,8,9,Low
2024-10-19,Central,O+,29,44,Low
2024-10-19,Central,O-,21,40,Low
2024-10-20,North,A+,14,44,Low
2024-10-20,North,A-,37,8,High
2024-10-20,North,B+,26,3,High
2024-10-20,North,B-,17,31,Low
2024-10-20,North,AB+,7,10,Low
2024-10-20,North,AB-,35,6,High
2024-10-20,North,O+,14,29,Low
2024-10-20,North,O-,24,5,High
2024-10-20,South,A+,33,6,High
2024-10-20,South,A-,18,4,High
2024-10-20,South,B+,37,43,Low
2024-10-20,South,B-,39,5,High
2024-10-20,South,AB+,38,43,Low
2024-10-20,South,AB-,9,32,Low
2024-10-20,South,O+,15,28,Low
2024-10-20,South,O-,14,36,Low
2024-10-20,East,A+,15,41,Low
2024-10-20,East,A-,31,38,Low
2024-10-20,East,B+,16,44,Low
2024-10-20,East,B-,23,22,Medium
2024-10-20,East,AB+,38,23,High
2024-10-20,East,AB-,6,45,Low
2024-10-20,East,O+,6,32,Low
2024-10-20,East,O-,14,36,Low
2024-10-20,West,A+,37,45,Low
2024-10-20,West,A-,26,39,Low
2024-10-20,West,B+,16,44,Low
2024-10-20,West,B-,34,43,Low
2024-10-20,West,AB+,22,8,High
2024-10-20,West,AB-,9,29,Low
2024-10-20,West,O+,39,3,High
2024-10-20,West,O-,32,40,Low
2024-10-20,Central,A+,12,41,Low
2024-10-20,Central,A-,29,10,High
2024-10-20,Central,B+,15,33,Low
2024-10-20,Central,B-,30,28,Medium
2024-10-20,Central,AB+,13,3,High
2024-10-20,Central,AB-,40,5,High
2024-10-20,Central,O+,38,11,High
2024-10-20,Central,O-,6,18,Low
2024-10-21,North,A+,12,32,Low
2024-10-21,North,A-,8,43,Low
2024-10-21,North,B+,16,29,Low
2024-10-21,North,B-,17,19,Low
2024-10-21,North,AB+,22,20,Medium
2024-10-21,North,AB-,18,23,Low
2024-10-21,North,O+,29,43,Low
2024-10-21,North,O-,16,44,Low
2024-10-21,South,A+,21,24,Low
2024-10-21,South,A-,38,34,Medium
2024-10-21,South,B+,5,8,Low
2024-10-21,South,B-,16,3,High
2024-10-21,South,AB+,23,45,Low
2024-10-21,South,AB-,14,22,Low
2024-10-21,South,O+,15,45,Low
2024-10-21,South,O-,28,16,High
2024-10-21,East,A+,31,41,Low
2024-10-21,East,A-,6,40,Low
2024-10-21,East,B+,10,12,Low
2024-10-21,East,B-,19,32,Low
2024-10-21,East,AB+,28,18,High
2024-10-21,East,AB-,5,14,Low
2024-10-21,East,O+,40,20,High
2024-10-21,East,O-,33,28,Medium
2024-10-21,West,A+,8,18,Low
2024-10-21,West,A-,29,44,Low
2024-10-21,West,B+,33,3,High
2024-10-21,West,B-,13,21,Low
2024-10-21,West,AB+,20,27,Low
2024-10-21,West,AB-,25,11,High
2024-10-21,West,O+,24,5,High
2024-10-21,West,O-,27,25,Medium
2024-10-21,Central,A+,19,30,Low
2024-10-21,Central,A-,21,35,Low
2024-10-21,Central,B+,10,37,Low
2024-10-21,Central,B-,33,26,Medium
2024-10-21,Central,AB+,22,4,High
2024-10-21,Central,AB-,20,28,Low
2024-10-21,Central,O+,22,35,Low
2024-10-21,Central,O-,39,12,High
2024-10-22,North,A+,12,25,Low
2024-10-22,North,A-,33,34,Low
2024-10-22,North,B+,20,36,Low
2024-10-22,North,B-,28,20,Medium
2024-10-22,North,AB+,30,29,Medium
2024-10-22,North,AB-,14,15,Low
2024-10-22,North,O+,13,17,Low
2024-10-22,North,O-,32,5,High
2024-10-22,South,A+,29,28,Medium
2024-10-22,South,A-,34,41,Low
2024-10-22,South,B+,38,29,Medium
2024-10-22,South,B-,23,40,Low
2024-10-22,South,AB+,9,11,Low
2024-10-22,South,AB-,28,40,Low
2024-10-22,South,O+,24,39,Low
2024-10-22,South,O-,36,45,Low
2024-10-22,East,A+,16,11,High
2024-10-22,East,A-,8,19,Low
2024-10-22,East,B+,16,41,Low
2024-10-22,East,B-,38,27,Medium
2024-10-22,East,AB+,16,13,Medium
2024-10-22,East,AB-,31,39,Low
2024-10-22,East,O+,13,3,High
2024-10-22,East,O-,29,29,Low
2024-10-22,West,A+,30,7,High
2024-10-22,West,A-,34,39,Low
2024-10-22,West,B+,31,14,High
2024-10-22,West,B-,17,25,Low
2024-10-22,West,AB+,29,42,Low
2024-10-22,West,AB-,14,40,Low
2024-10-22,West,O+,40,18,High
2024-10-22,West,O-,18,23,Low
2024-10-22,Central,A+,40,33,Medium
2024-10-22,Central,A-,30,38,Low
2024-10-22,Central,B+,37,32,Medium
2024-10-22,Central,B-,36,31,Medium
2024-10-22,Central,AB+,16,26,Low
2024-10-22,Central,AB-,32,3,High
2024-10-22,Central,O+,24,10,High
2024-10-22,Central,O-,20,19,Medium
2024-10-23,North,A+,38,14,High
2024-10-23,North,A-,8,36,Low
2024-10-23,North,B+,21,41,Low
2024-10-23,North,B-,20,9,High
2024-10-23,North,AB+,25,15,High
2024-10-23,North,AB-,38,15,High
2024-10-23,North,O+,10,12,Low
2024-10-23,North,O-,13,28,Low
2024-10-23,South,A+,5,4,Medium
2024-10-23,South,A-,5,7,Low
2024-10-23,South,B+,23,22,Medium
2024-10-23,South,B-,8,44,Low
2024-10-23,South,AB+,34,28,Medium
2024-10-23,South,AB-,14,42,Low
2024-10-23,South,O+,9,22,Low
2024-10-23,South,O-,19,5,High
2024-10-23,East,A+,23,39,Low
2024-10-23,East,A-,9,16,Low
2024-10-23,East,B+,24,10,High
2024-10-23,East,B-,6,16,Low
2024-10-23,East,AB+,38,39,Low
2024-10-23,East,AB-,36,23,High
2024-10-23,East,O+,14,43,Low
2024-10-23,East,O-,39,33,Medium
2024-10-23,West,A+,13,5,High
2024-10-23,West,A-,39,30,Medium
2024-10-23,West,B+,25,45,Low
2024-10-23,West,B-,29,22,Medium
2024-10-23,West,AB+,15,45,Low
2024-10-23,West,AB-,13,21,Low
2024-10-23,West,O+,5,24,Low
2024-10-23,West,O-,14,6,High
2024-10-23,Central,A+,38,14,High
2024-10-23,Central,A-,19,24,Low
2024-10-23,Central,B+,19,4,High
2024-10-23,Central,B-,36,30,Medium
2024-10-23,Central,AB+,32,41,Low
2024-10-23,Central,AB-,11,42,Low
2024-10-23,Central,O+,21,38,Low
2024-10-23,Central,O-,30,11,High
2024-10-24,North,A+,39,5,High
2024-10-24,North,A-,28,28,Low
2024-10-24,North,B+,39,11,High
2024-10-24,North,B-,5,8,Low
2024-10-24,North,AB+,35,45,Low
2024-10-24,North,AB-,28,18,High
2024-10-24,North,O+,5,31,Low
2024-10-24,North,O-,31,29,Medium
2024-10-24,South,A+,11,36,Low
2024-10-24,South,A-,32,39,Low
2024-10-24,South,B+,26,33,Low
2024-10-24,South,B-,14,44,Low
2024-10-24,South,AB+,23,3,High
2024-10-24,South,AB-,24,18,Medium
2024-10-24,South,O+,24,34,Low
2024-10-24,South,O-,21,10,High
2024-10-24,East,A+,15,23,Low
2024-10-24,East,A-,19,7,High
2024-10-24,East,B+,17,33,Low
2024-10-24,East,B-,25,28,Low
2024-10-24,East,AB+,11,3,High
2024-10-24,East,AB-,8,34,Low
2024-10-24,East,O+,36,34,Medium
2024-10-24,East,O-,17,44,Low
2024-10-24,West,A+,15,7,High
2024-10-24,West,A-,36,25,High
2024-10-24,West,B+,8,17,Low
2024-10-24,West,B-,31,8,High
2024-10-24,West,AB+,16,5,High
2024-10-24,West,AB-,14,24,Low
2024-10-24,West,O+,9,40,Low
2024-10-24,West,O-,17,36,Low
2024-10-24,Central,A+,35,15,High
2024-10-24,Central,A-,18,32,Low
2024-10-24,Central,B+,7,15,Low
2024-10-24,Central,B-,24,14,High
2024-10-24,Central,AB+,23,22,Medium
2024-10-24,Central,AB-,22,31,Low
2024-10-24,Central,O+,23,38,Low
2024-10-24,Central,O-,5,20,Low
2024-10-25,North,A+,36,30,Medium
2024-10-25,North,A-,6,31,Low
2024-10-25,North,B+,39,29,Medium
2024-10-25,North,B-,13,17,Low
2024-10-25,North,AB+,25,7,High
2024-10-25,North,AB-,5,33,Low
2024-10-25,North,O+,31,23,Medium
2024-10-25,North,O-,9,41,Low
2024-10-25,South,A+,9,33,Low
2024-10-25,South,A-,7,38,Low
2024-10-25,South,B+,27,8,High
2024-10-25,South,B-,35,18,High
2024-10-25,South,AB+,15,37,Low
2024-10-25,South,AB-,27,8,High
2024-10-25,South,O+,22,25,Low
2024-10-25,South,O-,29,15,High
2024-10-25,East,A+,21,5,High
2024-10-25,East,A-,9,38,Low
2024-10-25,East,B+,27,35,Low
2024-10-25,East,B-,5,25,Low
2024-10-25,East,AB+,27,37,Low
2024-10-25,East,AB-,10,9,Medium
2024-10-25,East,O+,25,31,Low
2024-10-25,East,O-,21,20,Medium
2024-10-25,West,A+,30,45,Low
2024-10-25,West,A-,28,18,High
2024-10-25,West,B+,12,28,Low
2024-10-25,West,B-,8,44,Low
2024-10-25,West,AB+,36,33,Medium
2024-10-25,West,AB-,5,6,Low
2024-10-25,West,O+,23,3,High
2024-10-25,West,O-,20,3,High
2024-10-25,Central,A+,24,23,Medium
2024-10-25,Central,A-,24,10,High
2024-10-25,Central,B+,39,20,High
2024-10-25,Central,B-,6,18,Low
2024-10-25,Central,AB+,39,12,High
2024-10-25,Central,AB-,16,8,High
2024-10-25,Central,O+,39,4,High
2024-10-25,Central,O-,18,40,Low
2024-10-26,North,A+,29,28,Medium
2024-10-26,North,A-,15,5,High
2024-10-26,North,B+,20,35,Low
2024-10-26,North,B-,28,37,Low
2024-10-26,North,AB+,40,28,Medium
2024-10-26,North,AB-,22,43,Low
2024-10-26,North,O+,6,45,Low
2024-10-26,North,O-,33,37,Low
2024-10-26,South,A+,39,3,High
2024-10-26,South,A-,14,28,Low
2024-10-26,South,B+,25,13,High
2024-10-26,South,B-,26,8,High
2024-10-26,South,AB+,29,21,Medium
2024-10-26,South,AB-,32,41,Low
2024-10-26,South,O+,18,16,Medium
2024-10-26,South,O-,20,24,Low
2024-10-26,East,A+,31,11,High
2024-10-26,East,A-,17,6,High
2024-10-26,East,B+,17,41,Low
2024-10-26,East,B-,34,22,High
2024-10-26,East,AB+,21,4,High
2024-10-26,East,AB-,37,35,Medium
2024-10-26,East,O+,8,30,Low
2024-10-26,East,O-,36,5,High
2024-10-26,West,A+,37,41,Low
2024-10-26,West,A-,40,33,Medium
2024-10-26,West,B+,7,41,Low
2024-10-26,West,B-,15,5,High
2024-10-26,West,AB+,12,41,Low
2024-10-26,West,AB-,10,37,Low
2024-10-26,West,O+,23,17,Medium
2024-10-26,West,O-,10,8,Medium
2024-10-26,Central,A+,17,12,Medium
2024-10-26,Central,A-,29,27,Medium
2024-10-26,Central,B+,11,9,Medium
2024-10-26,Central,B-,26,37,Low
2024-10-26,Central,AB+,22,38,Low
2024-10-26,Central,AB-,26,38,Low
2024-10-26,Central,O+,8,24,Low
2024-10-26,Central,O-,15,28,Low
2024-10-27,North,A+,20,14,Medium
2024-10-27,North,A-,12,10,Medium
2024-10-27,North,B+,30,5,High
2024-10-27,North,B-,23,32,Low
2024-10-27,North,AB+,15,12,Medium
2024-10-27,North,AB-,6,23,Low
2024-10-27,North,O+,19,41,Low
2024-10-27,North,O-,35,3,High
2024-10-27,South,A+,35,33,Medium
2024-10-27,South,A-,22,26,Low
2024-10-27,South,B+,22,21,Medium
2024-10-27,South,B-,35,6,High
2024-10-27,South,AB+,39,11,High
2024-10-27,South,AB-,17,8,High
2024-10-27,South,O+,33,7,High
2024-10-27,South,O-,23,27,Low
2024-10-27,East,A+,9,42,Low
2024-10-27,East,A-,26,18,High
2024-10-27,East,B+,22,29,Low
2024-10-27,East,B-,36,27,Medium
2024-10-27,East,AB+,31,11,High
2024-10-27,East,AB-,31,14,High
2024-10-27,East,O+,20,23,Low
2024-10-27,East,O-,29,3,High
2024-10-27,West,A+,28,17,High
2024-10-27,West,A-,5,11,Low
2024-10-27,West,B+,29,7,High
2024-10-27,West,B-,39,22,High
2024-10-27,West,AB+,6,11,Low
2024-10-27,West,AB-,28,34,Low
2024-10-27,West,O+,40,31,Medium
2024-10-27,West,O-,5,16,Low
2024-10-27,Central,A+,29,36,Low
2024-10-27,Central,A-,30,6,High
2024-10-27,Central,B+,26,6,High
2024-10-27,Central,B-,30,18,High
2024-10-27,Central,AB+,7,28,Low
2024-10-27,Central,AB-,30,18,High
2024-10-27,Central,O+,32,3,High
2024-10-27,Central,O-,28,5,High
2024-10-28,North,A+,13,36,Low
2024-10-28,North,A-,10,44,Low
2024-10-28,North,B+,32,20,High
2024-10-28,North,B-,5,42,Low
2024-10-28,North,AB+,39,40,Low
2024-10-28,North,AB-,12,3,High
2024-10-28,North,O+,18,40,Low
2024-10-28,North,O-,7,40,Low
2024-10-28,South,A+,12,13,Low
2024-10-28,South,A-,8,18,Low
2024-10-28,South,B+,6,12,Low
2024-10-28,South,B-,28,11,High
2024-10-28,South,AB+,6,41,Low
2024-10-28,South,AB-,21,24,Low
2024-10-28,South,O+,15,15,Low
2024-10-28,South,O-,34,26,Medium
2024-10-28,East,A+,34,41,Low
2024-10-28,East,A-,28,17,High
2024-10-28,East,B+,12,39,Low
2024-10-28,East,B-,16,28,Low
2024-10-28,East,AB+,7,6,Medium
2024-10-28,East,AB-,39,30,Medium
2024-10-28,East,O+,7,11,Low
2024-10-28,East,O-,34,25,Medium
2024-10-28,West,A+,36,21,High
2024-10-28,West,A-,25,19,Medium
2024-10-28,West,B+,22,43,Low
2024-10-28,West,B-,13,5,High
2024-10-28,West,AB+,25,21,Medium
2024-10-28,West,AB-,40,41,Low
2024-10-28,West,O+,23,21,Medium
2024-10-28,West,O-,26,17,High
2024-10-28,Central,A+,37,8,High
2024-10-28,Central,A-,12,38,Low
2024-10-28,Central,B+,6,43,Low
2024-10-28,Central,B-,40,10,High
2024-10-28,Central,AB+,40,41,Low
2024-10-28,Central,AB-,29,25,Medium
2024-10-28,Central,O+,27,36,Low
2024-10-28,Central,O-,18,21,Low
2024-10-29,North,A+,23,24,Low
2024-10-29,North,A-,30,28,Medium
2024-10-29,North,B+,15,13,Medium
2024-10-29,North,B-,28,12,High
2024-10-29,North,AB+,12,34,Low
2024-10-29,North,AB-,36,6,High
2024-10-29,North,O+,25,29,Low
2024-10-29,North,O-,29,3,High
2024-10-29,South,A+,20,29,Low
2024-10-29,South,A-,11,29,Low
2024-10-29,South,B+,13,22,Low
2024-10-29,South,B-,39,30,Medium
2024-10-29,South,AB+,6,31,Low
2024-10-29,South,AB-,5,21,Low
2024-10-29,South,O+,33,43,Low
2024-10-29,South,O-,14,29,Low
2024-10-29,East,A+,30,4,High
2024-10-29,East,A-,13,15,Low
2024-10-29,East,B+,27,7,High
2024-10-29,East,B-,28,35,Low
2024-10-29,East,AB+,28,4,High
2024-10-29,East,AB-,9,26,Low
2024-10-29,East,O+,17,3,High
2024-10-29,East,O-,9,31,Low
2024-10-29,West,A+,19,43,Low
2024-10-29,West,A-,10,30,Low
2024-10-29,West,B+,36,9,High
2024-10-29,West,B-,25,30,Low
2024-10-29,West,AB+,8,25,Low
2024-10-29,West,AB-,38,31,Medium
2024-10-29,West,O+,8,26,Low
2024-10-29,West,O-,13,14,Low
2024-10-29,Central,A+,21,22,Low
2024-10-29,Central,A-,9,16,Low
2024-10-29,Central,B+,20,40,Low
2024-10-29,Central,B-,25,22,Medium
2024-10-29,Central,AB+,33,39,Low
2024-10-29,Central,AB-,21,6,High
2024-10-29,Central,O+,29,19,High
2024-10-29,Central,O-,28,16,High
2024-10-30,North,A+,11,23,Low
2024-10-30,North,A-,34,40,Low
2024-10-30,North,B+,8,23,Low
2024-10-30,North,B-,34,10,High
2024-10-30,North,AB+,10,44,Low
2024-10-30,North,AB-,38,43,Low
2024-10-30,North,O+,39,28,Medium
2024-10-30,North,O-,32,22,High
2024-10-30,South,A+,30,40,Low
2024-10-30,South,A-,18,30,Low
2024-10-30,South,B+,26,27,Low
2024-10-30,South,B-,12,38,Low
2024-10-30,South,AB+,20,15,Medium
2024-10-30,South,AB-,25,41,Low
2024-10-30,South,O+,36,19,High
2024-10-30,South,O-,40,32,Medium
2024-10-30,East,A+,30,38,Low
2024-10-30,East,A-,5,26,Low
2024-10-30,East,B+,34,6,High
2024-10-30,East,B-,16,18,Low
2024-10-30,East,AB+,35,33,Medium
2024-10-30,East,AB-,10,37,Low
2024-10-30,East,O+,21,18,Medium
2024-10-30,East,O-,5,44,Low
2024-10-30,West,A+,11,39,Low
2024-10-30,West,A-,16,13,Medium
2024-10-30,West,B+,6,41,Low
2024-10-30,West,B-,28,30,Low
2024-10-30,West,AB+,36,18,High
2024-10-30,West,AB-,18,15,Medium
2024-10-30,West,O+,14,41,Low
2024-10-30,West,O-,35,16,High
2024-10-30,Central,A+,13,16,Low
2024-10-30,Central,A-,30,21,Medium
2024-10-30,Central,B+,21,5,High
2024-10-30,Central,B-,16,38,Low
2024-10-30,Central,AB+,13,23,Low
2024-10-30,Central,AB-,20,13,High
2024-10-30,Central,O+,30,32,Low
2024-10-30,Central,O-,29,42,Low
2024-10-31,North,A+,16,19,Low
2024-10-31,North,A-,15,31,Low
2024-10-31,North,B+,35,18,High
2024-10-31,North,B-,15,17,Low
2024-10-31,North,AB+,39,24,High
2024-10-31,North,AB-,14,5,High
2024-10-31,North,O+,13,18,Low
2024-10-31,North,O-,16,4,High
2024-10-31,South,A+,11,19,Low
2024-10-31,South,A-,5,7,Low
2024-10-31,South,B+,32,42,Low
2024-10-31,South,B-,17,17,Low
2024-10-31,South,AB+,16,36,Low
2024-10-31,South,AB-,22,21,Medium
2024-10-31,South,O+,13,16,Low
2024-10-31,South,O-,24,34,Low
2024-10-31,East,A+,9,41,Low
2024-10-31,East,A-,38,12,High
2024-10-31,East,B+,5,33,Low
2024-10-31,East,B-,26,23,Medium
2024-10-31,East,AB+,10,24,Low
2024-10-31,East,AB-,22,24,Low
2024-10-31,East,O+,13,27,Low
2024-10-31,East,O-,8,31,Low
2024-10-31,West,A+,25,30,Low
2024-10-31,West,A-,9,15,Low
2024-10-31,West,B+,40,17,High
2024-10-31,West,B-,12,4,High
2024-10-31,West,AB+,5,28,Low
2024-10-31,West,AB-,23,18,Medium
2024-10-31,West,O+,18,12,High
2024-10-31,West,O-,16,30,Low
2024-10-31,Central,A+,14,11,Medium
2024-10-31,Central,A-,36,31,Medium
2024-10-31,Central,B+,34,32,Medium
2024-10-31,Central,B-,18,16,Medium
2024-10-31,Central,AB+,9,29,Low
2024-10-31,Central,AB-,37,5,High
2024-10-31,Central,O+,30,28,Medium
2024-10-31,Central,O-,24,33,Low
2024-11-01,North,A+,6,31,Low
2024-11-01,North,A-,5,16,Low
2024-11-01,North,B+,40,26,High
2024-11-01,North,B-,8,18,Low
2024-11-01,North,AB+,29,5,High
2024-11-01,North,AB-,26,42,Low
2024-11-01,North,O+,25,13,High
2024-11-01,North,O-,37,22,High
2024-11-01,South,A+,13,43,Low
2024-11-01,South,A-,23,8,High
2024-11-01,South,B+,7,43,Low
2024-11-01,South,B-,35,22,High
2024-11-01,South,AB+,8,11,Low
2024-11-01,South,AB-,36,20,High
2024-11-01,South,O+,6,44,Low
2024-11-01,South,O-,32,33,Low
2024-11-01,East,A+,28,35,Low
2024-11-01,East,A-,15,30,Low
2024-11-01,East,B+,34,29,Medium
2024-11-01,East,B-,13,26,Low
2024-11-01,East,AB+,5,30,Low
2024-11-01,East,AB-,15,3,High
2024-11-01,East,O+,7,18,Low
2024-11-01,East,O-,30,15,High
2024-11-01,West,A+,37,45,Low
2024-11-01,West,A-,27,43,Low
2024-11-01,West,B+,30,19,High
2024-11-01,West,B-,31,7,High
2024-11-01,West,AB+,23,39,Low
2024-11-01,West,AB-,33,20,High
2024-11-01,West,O+,25,41,Low
2024-11-01,West,O-,36,44,Low
2024-11-01,Central,A+,18,9,High
2024-11-01,Central,A-,38,16,High
2024-11-01,Central,B+,36,39,Low
2024-11-01,Central,B-,39,20,High
2024-11-01,Central,AB+,9,19,Low
2024-11-01,Central,AB-,37,30,Medium
2024-11-01,Central,O+,7,40,Low
2024-11-01,Central,O-,25,23,Medium
2024-11-02,North,A+,5,21,Low
2024-11-02,North,A-,18,12,High
2024-11-02,North,B+,31,30,Medium
2024-11-02,North,B-,23,16,High
2024-11-02,North,AB+,13,11,Medium
2024-11-02,North,AB-,19,40,Low
2024-11-02,North,O+,21,27,Low
2024-11-02,North,O-,11,11,Low
2024-11-02,South,A+,11,13,Low
2024-11-02,South,A-,40,40,Low
2024-11-02,South,B+,39,44,Low
2024-11-02,South,B-,9,45,Low
2024-11-02,South,AB+,11,24,Low
2024-11-02,South,AB-,23,38,Low
2024-11-02,South,O+,26,17,High
2024-11-02,South,O-,21,4,High
2024-11-02,East,A+,5,7,Low
2024-11-02,East,A-,16,31,Low
2024-11-02,East,B+,32,13,High
2024-11-02,East,B-,13,15,Low
2024-11-02,East,AB+,38,22,High
2024-11-02,East,AB-,36,22,High
2024-11-02,East,O+,16,43,Low
2024-11-02,East,O-,15,24,Low
2024-11-02,West,A+,30,32,Low
2024-11-02,West,A-,37,34,Medium
2024-11-02,West,B+,9,35,Low
2024-11-02,West,B-,37,36,Medium
2024-11-02,West,AB+,14,11,Medium
2024-11-02,West,AB-,18,31,Low
2024-11-02,West,O+,38,44,Low
2024-11-02,West,O-,39,44,Low
2024-11-02,Central,A+,35,6,High
2024-11-02,Central,A-,26,45,Low
2024-11-02,Central,B+,39,21,High
2024-11-02,Central,B-,9,27,Low
2024-11-02,Central,AB+,38,6,High
2024-11-02,Central,AB-,29,7,High
2024-11-02,Central,O+,17,19,Low
2024-11-02,Central,O-,28,28,Low
2024-11-03,North,A+,24,32,Low
2024-11-03,North,A-,39,20,High
2024-11-03,North,B+,30,4,High
2024-11-03,North,B-,25,35,Low
2024-11-03,North,AB+,32,31,Medium
2024-11-03,North,AB-,22,39,Low
2024-11-03,North,O+,29,15,High
2024-11-03,North,O-,39,18,High
2024-11-03,South,A+,5,42,Low
2024-11-03,South,A-,33,12,High
2024-11-03,South,B+,17,28,Low
2024-11-03,South,B-,12,6,High
2024-11-03,South,AB+,39,6,High
2024-11-03,South,AB-,14,29,Low
2024-11-03,South,O+,10,27,Low
2024-11-03,South,O-,30,11,High
2024-11-03,East,A+,5,9,Low
2024-11-03,East,A-,31,23,Medium
2024-11-03,East,B+,27,23,Medium
2024-11-03,East,B-,33,35,Low
2024-11-03,East,AB+,31,20,High
2024-11-03,East,AB-,26,34,Low
2024-11-03,East,O+,38,28,Medium
2024-11-03,East,O-,25,23,Medium
2024-11-03,West,A+,27,34,Low
2024-11-03,West,A-,27,9,High
2024-11-03,West,B+,16,19,Low
2024-11-03,West,B-,35,30,Medium
2024-11-03,West,AB+,22,3,High
2024-11-03,West,AB-,5,6,Low
2024-11-03,West,O+,29,36,Low
2024-11-03,West,O-,33,24,Medium
2024-11-03,Central,A+,38,29,Medium
2024-11-03,Central,A-,38,11,High
2024-11-03,Central,B+,23,6,High
2024-11-03,Central,B-,27,7,High
2024-11-03,Central,AB+,31,27,Medium
2024-11-03,Central,AB-,27,19,Medium
2024-11-03,Central,O+,25,9,High
2024-11-03,Central,O-,14,14,Low
2024-11-04,North,A+,21,22,Low
2024-11-04,North,A-,21,7,High
2024-11-04,North,B+,37,40,Low
2024-11-04,North,B-,35,21,High
2024-11-04,North,AB+,5,12,Low
2024-11-04,North,AB-,17,15,Medium
2024-11-04,North,O+,38,29,Medium
2024-11-04,North,O-,39,30,Medium
2024-11-04,South,A+,6,35,Low
2024-11-04,South,A-,19,23,Low
2024-11-04,South,B+,35,5,High
2024-11-04,South,B-,9,31,Low
2024-11-04,South,AB+,6,18,Low
2024-11-04,South,AB-,31,15,High
2024-11-04,South,O+,7,42,Low
2024-11-04,South,O-,24,20,Medium
2024-11-04,East,A+,14,16,Low
2024-11-04,East,A-,37,44,Low
2024-11-04,East,B+,31,6,High
2024-11-04,East,B-,16,5,High
2024-11-04,East,AB+,26,6,High
2024-11-04,East,AB-,39,42,Low
2024-11-04,East,O+,39,17,High
2024-11-04,East,O-,6,41,Low
2024-11-04,West,A+,22,7,High
2024-11-04,West,A-,18,20,Low
2024-11-04,West,B+,5,40,Low
2024-11-04,West,B-,32,43,Low
2024-11-04,West,AB+,9,41,Low
2024-11-04,West,AB-,35,41,Low
2024-11-04,West,O+,36,39,Low
2024-11-04,West,O-,36,11,High
2024-11-04,Central,A+,22,24,Low
2024-11-04,Central,A-,14,38,Low
2024-11-04,Central,B+,22,10,High
2024-11-04,Central,B-,18,26,Low
2024-11-04,Central,AB+,29,42,Low
2024-11-04,Central,AB-,22,36,Low
2024-11-04,Central,O+,5,22,Low
2024-11-04,Central,O-,25,5,High
2024-11-05,North,A+,34,16,High
2024-11-05,North,A-,27,27,Low
2024-11-05,North,B+,36,22,High
2024-11-05,North,B-,37,3,High
2024-11-05,North,AB+,25,34,Low
2024-11-05,North,AB-,19,39,Low
2024-11-05,North,O+,21,4,High
2024-11-05,North,O-,26,40,Low
2024-11-05,South,A+,40,5,High
2024-11-05,South,A-,13,45,Low
2024-11-05,South,B+,32,3,High
2024-11-05,South,B-,15,42,Low
2024-11-05,South,AB+,21,20,Medium
2024-11-05,South,AB-,14,44,Low
2024-11-05,South,O+,7,17,Low
2024-11-05,South,O-,10,25,Low
2024-11-05,East,A+,38,41,Low
2024-11-05,East,A-,13,24,Low
2024-11-05,East,B+,38,20,High
2024-11-05,East,B-,6,32,Low
2024-11-05,East,AB+,17,22,Low
2024-11-05,East,AB-,14,5,High
2024-11-05,East,O+,19,9,High
2024-11-05,East,O-,33,45,Low
2024-11-05,West,A+,34,33,Medium
2024-11-05,West,A-,23,37,Low
2024-11-05,West,B+,32,32,Low
2024-11-05,West,B-,28,42,Low
2024-11-05,West,AB+,28,10,High
2024-11-05,West,AB-,24,7,High
2024-11-05,West,O+,37,30,Medium
2024-11-05,West,O-,22,36,Low
2024-11-05,Central,A+,15,15,Low
2024-11-05,Central,A-,5,35,Low
2024-11-05,Central,B+,38,11,High
2024-11-05,Central,B-,25,44,Low
2024-11-05,Central,AB+,38,28,Medium
2024-11-05,Central,AB-,37,20,High
2024-11-05,Central,O+,11,39,Low
2024-11-05,Central,O-,31,13,High
2024-11-06,North,A+,20,44,Low
2024-11-06,North,A-,19,13,High
2024-11-06,North,B+,32,4,High
2024-11-06,North,B-,28,38,Low
2024-11-06,North,AB+,29,42,Low
2024-11-06,North,AB-,22,13,High
2024-11-06,North,O+,34,29,Medium
2024-11-06,North,O-,35,21,High
2024-11-06,South,A+,38,16,High
2024-11-06,South,A-,11,31,Low
2024-11-06,South,B+,17,3,High
2024-11-06,South,B-,29,28,Medium
2024-11-06,South,AB+,16,40,Low
2024-11-06,South,AB-,18,45,Low
2024-11-06,South,O+,10,26,Low
2024-11-06,South,O-,10,36,Low
2024-11-06,East,A+,10,32,Low
2024-11-06,East,A-,39,35,Medium
2024-11-06,East,B+,14,21,Low
2024-11-06,East,B-,14,27,Low
2024-11-06,East,AB+,28,24,Medium
2024-11-06,East,AB-,24,29,Low
2024-11-06,East,O+,40,40,Low
2024-11-06,East,O-,6,29,Low
2024-11-06,West,A+,14,18,Low
2024-11-06,West,A-,13,32,Low
2024-11-06,West,B+,14,17,Low
2024-11-06,West,B-,35,10,High
2024-11-06,West,AB+,33,42,Low
2024-11-06,West,AB-,37,40,Low
2024-11-06,West,O+,6,12,Low
2024-11-06,West,O-,15,17,Low
2024-11-06,Central,A+,35,39,Low
2024-11-06,Central,A-,8,5,High
2024-11-06,Central,B+,32,23,Medium
2024-11-06,Central,B-,22,37,Low
2024-11-06,Central,AB+,33,6,High
2024-11-06,Central,AB-,40,20,High
2024-11-06,Central,O+,34,31,Medium
2024-11-06,Central,O-,25,19,Medium
2024-11-07,North,A+,9,43,Low
2024-11-07,North,A-,33,29,Medium
2024-11-07,North,B+,36,23,High
2024-11-07,North,B-,25,15,High
2024-11-07,North,AB+,38,7,High
2024-11-07,North,AB-,39,37,Medium
2024-11-07,North,O+,7,31,Low
2024-11-07,North,O-,18,32,Low
2024-11-07,South,A+,37,7,High
2024-11-07,South,A-,27,40,Low
2024-11-07,South,B+,9,23,Low
2024-11-07,South,B-,36,41,Low
2024-11-07,South,AB+,8,38,Low
2024-11-07,South,AB-,24,26,Low
2024-11-07,South,O+,37,41,Low
2024-11-07,South,O-,29,13,High
2024-11-07,East,A+,30,38,Low
2024-11-07,East,A-,18,35,Low
2024-11-07,East,B+,21,38,Low
2024-11-07,East,B-,37,31,Medium
2024-11-07,East,AB+,31,16,High
2024-11-07,East,AB-,38,4,High
2024-11-07,East,O+,14,4,High
2024-11-07,East,O-,35,28,Medium
2024-11-07,West,A+,10,12,Low
2024-11-07,West,A-,20,40,Low
2024-11-07,West,B+,30,9,High
2024-11-07,West,B-,16,10,High
2024-11-07,West,AB+,6,43,Low
2024-11-07,West,AB-,26,8,High
2024-11-07,West,O+,40,37,Medium
2024-11-07,West,O-,11,12,Low
2024-11-07,Central,A+,39,36,Medium
2024-11-07,Central,A-,29,44,Low
2024-11-07,Central,B+,11,35,Low
2024-11-07,Central,B-,13,4,High
2024-11-07,Central,AB+,36,3,High
2024-11-07,Central,AB-,30,27,Medium
2024-11-07,Central,O+,7,10,Low
2024-11-07,Central,O-,8,32,Low
2024-11-08,North,A+,13,17,Low
2024-11-08,North,A-,35,12,High
2024-11-08,North,B+,40,12,High
2024-11-08,North,B-,29,38,Low
2024-11-08,North,AB+,19,17,Medium
2024-11-08,North,AB-,22,35,Low
2024-11-08,North,O+,32,45,Low
2024-11-08,North,O-,24,41,Low
2024-11-08,South,A+,34,5,High
2024-11-08,South,A-,20,23,Low
2024-11-08,South,B+,7,29,Low
2024-11-08,South,B-,36,23,High
2024-11-08,South,AB+,34,35,Low
2024-11-08,South,AB-,31,36,Low
2024-11-08,South,O+,19,15,Medium
2024-11-08,South,O-,26,25,Medium
2024-11-08,East,A+,33,3,High
2024-11-08,East,A-,36,31,Medium
2024-11-08,East,B+,20,9,High
2024-11-08,East,B-,15,45,Low
2024-11-08,East,AB+,18,9,High
2024-11-08,East,AB-,25,24,Medium
2024-11-08,East,O+,26,43,Low
2024-11-08,East,O-,7,23,Low
2024-11-08,West,A+,33,5,High
2024-11-08,West,A-,27,11,High
2024-11-08,West,B+,10,36,Low
2024-11-08,West,B-,35,42,Low
2024-11-08,West,AB+,19,36,Low
2024-11-08,West,AB-,22,20,Medium
2024-11-08,West,O+,21,5,High
2024-11-08,West,O-,24,26,Low
2024-11-08,Central,A+,37,37,Low
2024-11-08,Central,A-,18,9,High
2024-11-08,Central,B+,9,22,Low
2024-11-08,Central,B-,9,22,Low
2024-11-08,Central,AB+,35,6,High
2024-11-08,Central,AB-,11,12,Low
2024-11-08,Central,O+,19,44,Low
2024-11-08,Central,O-,25,6,High
2024-11-09,North,A+,17,28,Low
2024-11-09,North,A-,39,31,Medium
2024-11-09,North,B+,12,23,Low
2024-11-09,North,B-,30,37,Low
2024-11-09,North,AB+,9,5,High
2024-11-09,North,AB-,33,31,Medium
2024-11-09,North,O+,33,37,Low
2024-11-09,North,O-,8,12,Low
2024-11-09,South,A+,19,43,Low
2024-11-09,South,A-,24,43,Low
2024-11-09,South,B+,22,25,Low
2024-11-09,South,B-,32,35,Low
2024-11-09,South,AB+,23,19,Medium
2024-11-09,South,AB-,31,33,Low
2024-11-09,South,O+,23,4,High
2024-11-09,South,O-,19,30,Low
2024-11-09,East,A+,32,22,High
2024-11-09,East,A-,6,7,Low
2024-11-09,East,B+,32,16,High
2024-11-09,East,B-,13,42,Low
2024-11-09,East,AB+,25,33,Low
2024-11-09,East,AB-,18,34,Low
2024-11-09,East,O+,37,45,Low
2024-11-09,East,O-,18,10,High
2024-11-09,West,A+,27,40,Low
2024-11-09,West,A-,36,26,Medium
2024-11-09,West,B+,33,13,High
2024-11-09,West,B-,14,45,Low
2024-11-09,West,AB+,33,17,High
2024-11-09,West,AB-,11,35,Low
2024-11-09,West,O+,30,38,Low
2024-11-09,West,O-,18,5,High
2024-11-09,Central,A+,13,39,Low
2024-11-09,Central,A-,10,24,Low
2024-11-09,Central,B+,40,26,High
2024-11-09,Central,B-,24,44,Low
2024-11-09,Central,AB+,15,17,Low
2024-11-09,Central,AB-,19,14,Medium
2024-11-09,Central,O+,24,8,High
2024-11-09,Central,O-,29,26,Medium
2024-11-10,North,A+,9,38,Low
2024-11-10,North,A-,27,43,Low
2024-11-10,North,B+,21,37,Low
2024-11-10,North,B-,20,40,Low
2024-11-10,North,AB+,32,27,Medium
2024-11-10,North,AB-,6,32,Low
2024-11-10,North,O+,18,22,Low
2024-11-10,North,O-,23,27,Low
2024-11-10,South,A+,35,19,High
2024-11-10,South,A-,29,14,High
2024-11-10,South,B+,12,25,Low
2024-11-10,South,B-,27,37,Low
2024-11-10,South,AB+,23,44,Low
2024-11-10,South,AB-,10,43,Low
2024-11-10,South,O+,36,20,High
2024-11-10,South,O-,12,30,Low
2024-11-10,East,A+,9,31,Low
2024-11-10,East,A-,5,24,Low
2024-11-10,East,B+,5,13,Low
2024-11-10,East,B-,15,7,High
2024-11-10,East,AB+,37,45,Low
2024-11-10,East,AB-,11,28,Low
2024-11-10,East,O+,40,7,High
2024-11-10,East,O-,23,9,High
2024-11-10,West,A+,19,22,Low
2024-11-10,West,A-,22,45,Low
2024-11-10,West,B+,35,27,Medium
2024-11-10,West,B-,8,40,Low
2024-11-10,West,AB+,21,38,Low
2024-11-10,West,AB-,18,34,Low
2024-11-10,West,O+,33,21,High
2024-11-10,West,O-,6,11,Low
2024-11-10,Central,A+,13,37,Low
2024-11-10,Central,A-,30,21,Medium
2024-11-10,Central,B+,20,15,Medium
2024-11-10,Central,B-,6,12,Low
2024-11-10,Central,AB+,32,43,Low
2024-11-10,Central,AB-,27,4,High
2024-11-10,Central,O+,29,14,High
2024-11-10,Central,O-,12,38,Low
2024-11-11,North,A+,17,29,Low
2024-11-11,North,A-,29,31,Low
2024-11-11,North,B+,34,10,High
2024-11-11,North,B-,29,29,Low
2024-11-11,North,AB+,31,30,Medium
2024-11-11,North,AB-,9,3,High
2024-11-11,North,O+,13,23,Low
2024-11-11,North,O-,30,18,High
2024-11-11,South,A+,22,14,High
2024-11-11,South,A-,7,11,Low
2024-11-11,South,B+,13,11,Medium
2024-11-11,South,B-,19,20,Low
2024-11-11,South,AB+,39,5,High
2024-11-11,South,AB-,9,16,Low
2024-11-11,South,O+,33,30,Medium
2024-11-11,South,O-,40,17,High
2024-11-11,East,A+,31,34,Low
2024-11-11,East,A-,27,42,Low
2024-11-11,East,B+,6,9,Low
2024-11-11,East,B-,35,31,Medium
2024-11-11,East,AB+,9,23,Low
2024-11-11,East,AB-,14,43,Low
2024-11-11,East,O+,24,20,Medium
2024-11-11,East,O-,30,10,High
2024-11-11,West,A+,22,21,Medium
2024-11-11,West,A-,6,42,Low
2024-11-11,West,B+,15,16,Low
2024-11-11,West,B-,20,25,Low
2024-11-11,West,AB+,9,32,Low
2024-11-11,West,AB-,24,28,Low
2024-11-11,West,O+,28,30,Low
2024-11-11,West,O-,24,11,High
2024-11-11,Central,A+,29,6,High
2024-11-11,Central,A-,12,38,Low
2024-11-11,Central,B+,29,18,High
2024-11-11,Central,B-,36,11,High
2024-11-11,Central,AB+,29,16,High
2024-11-11,Central,AB-,9,39,Low
2024-11-11,Central,O+,27,44,Low
2024-11-11,Central,O-,29,42,Low
2024-11-12,North,A+,26,25,Medium
2024-11-12,North,A-,15,43,Low
2024-11-12,North,B+,16,34,Low
2024-11-12,North,B-,33,27,Medium
2024-11-12,North,AB+,21,8,High
2024-11-12,North,AB-,24,41,Low
2024-11-12,North,O+,7,4,High
2024-11-12,North,O-,18,38,Low
2024-11-12,South,A+,25,3,High
2024-11-12,South,A-,16,24,Low
2024-11-12,South,B+,26,7,High
2024-11-12,South,B-,18,20,Low
2024-11-12,South,AB+,23,19,Medium
2024-11-12,South,AB-,40,28,Medium
2024-11-12,South,O+,35,12,High
2024-11-12,South,O-,16,37,Low
2024-11-12,East,A+,39,17,High
2024-11-12,East,A-,5,22,Low
2024-11-12,East,B+,35,18,High
2024-11-12,East,B-,19,7,High
2024-11-12,East,AB+,21,26,Low
2024-11-12,East,AB-,22,27,Low
2024-11-12,East,O+,10,26,Low
2024-11-12,East,O-,35,21,High
2024-11-12,West,A+,17,12,Medium
2024-11-12,West,A-,27,8,High
2024-11-12,West,B+,12,19,Low
2024-11-12,West,B-,34,36,Low
2024-11-12,West,AB+,38,32,Medium
2024-11-12,West,AB-,25,16,High
2024-11-12,West,O+,9,11,Low
2024-11-12,West,O-,5,21,Low
2024-11-12,Central,A+,5,40,Low
2024-11-12,Central,A-,25,21,Medium
2024-11-12,Central,B+,20,31,Low
2024-11-12,Central,B-,36,44,Low
2024-11-12,Central,AB+,32,30,Medium
2024-11-12,Central,AB-,11,35,Low
2024-11-12,Central,O+,17,6,High
2024-11-12,Central,O-,38,26,High
2024-11-13,North,A+,37,6,High
2024-11-13,North,A-,8,9,Low
2024-11-13,North,B+,39,33,Medium
2024-11-13,North,B-,20,8,High
2024-11-13,North,AB+,24,16,High
2024-11-13,North,AB-,10,23,Low
2024-11-13,North,O+,10,7,Medium
2024-11-13,North,O-,21,17,Medium
2024-11-13,South,A+,32,33,Low
2024-11-13,South,A-,39,29,Medium
2024-11-13,South,B+,15,43,Low
2024-11-13,South,B-,11,3,High
2024-11-13,South,AB+,36,38,Low
2024-11-13,South,AB-,9,38,Low
2024-11-13,South,O+,34,9,High
2024-11-13,South,O-,7,42,Low
2024-11-13,East,A+,30,43,Low
2024-11-13,East,A-,38,23,High
2024-11-13,East,B+,32,22,High
2024-11-13,East,B-,13,24,Low
2024-11-13,East,AB+,34,6,High
2024-11-13,East,AB-,31,44,Low
2024-11-13,East,O+,40,44,Low
2024-11-13,East,O-,5,12,Low
2024-11-13,West,A+,32,40,Low
2024-11-13,West,A-,17,18,Low
2024-11-13,West,B+,9,26,Low
2024-11-13,West,B-,21,14,High
2024-11-13,West,AB+,17,3,High
2024-11-13,West,AB-,30,5,High
2024-11-13,West,O+,8,14,Low
2024-11-13,West,O-,17,6,High
2024-11-13,Central,A+,16,35,Low
2024-11-13,Central,A-,32,24,Medium
2024-11-13,Central,B+,26,4,High
2024-11-13,Central,B-,25,11,High
2024-11-13,Central,AB+,15,21,Low
2024-11-13,Central,AB-,11,9,Medium
2024-11-13,Central,O+,23,12,High
2024-11-13,Central,O-,6,28,Low
2024-11-14,North,A+,31,33,Low
2024-11-14,North,A-,7,9,Low
2024-11-14,North,B+,25,7,High
2024-11-14,North,B-,21,23,Low
2024-11-14,North,AB+,14,4,High
2024-11-14,North,AB-,11,28,Low
2024-11-14,North,O+,32,18,High
2024-11-14,North,O-,18,36,Low
2024-11-14,South,A+,14,11,Medium
2024-11-14,South,A-,13,11,Medium
2024-11-14,South,B+,22,5,High
2024-11-14,South,B-,7,23,Low
2024-11-14,South,AB+,19,40,Low
2024-11-14,South,AB-,13,14,Low
2024-11-14,South,O+,16,6,High
2024-11-14,South,O-,28,27,Medium
2024-11-14,East,A+,13,44,Low
2024-11-14,East,A-,6,9,Low
2024-11-14,East,B+,7,7,Low
2024-11-14,East,B-,12,16,Low
2024-11-14,East,AB+,21,37,Low
2024-11-14,East,AB-,24,16,High
2024-11-14,East,O+,19,39,Low
2024-11-14,East,O-,11,15,Low
2024-11-14,West,A+,19,44,Low
2024-11-14,West,A-,16,26,Low
2024-11-14,West,B+,16,36,Low
2024-11-14,West,B-,29,10,High
2024-11-14,West,AB+,18,13,Medium
2024-11-14,West,AB-,20,41,Low
2024-11-14,West,O+,21,24,Low
2024-11-14,West,O-,31,21,High
2024-11-14,Central,A+,26,11,High
2024-11-14,Central,A-,18,22,Low
2024-11-14,Central,B+,16,35,Low
2024-11-14,Central,B-,30,22,Medium
2024-11-14,Central,AB+,24,42,Low
2024-11-14,Central,AB-,33,30,Medium
2024-11-14,Central,O+,5,14,Low
2024-11-14,Central,O-,21,40,Low
2024-11-15,North,A+,37,30,Medium
2024-11-15,North,A-,32,15,High
2024-11-15,North,B+,22,14,High
2024-11-15,North,B-,8,40,Low
2024-11-15,North,AB+,27,18,High
2024-11-15,North,AB-,32,32,Low
2024-11-15,North,O+,35,43,Low
2024-11-15,North,O-,20,20,Low
2024-11-15,South,A+,40,43,Low
2024-11-15,South,A-,28,14,High
2024-11-15,South,B+,35,17,High
2024-11-15,South,B-,27,28,Low
2024-11-15,South,AB+,10,24,Low
2024-11-15,South,AB-,16,27,Low
2024-11-15,South,O+,30,26,Medium
2024-11-15,South,O-,26,39,Low
2024-11-15,East,A+,9,20,Low
2024-11-15,East,A-,36,27,Medium
2024-11-15,East,B+,15,26,Low
2024-11-15,East,B-,20,43,Low
2024-11-15,East,AB+,37,6,High
2024-11-15,East,AB-,31,29,Medium
2024-11-15,East,O+,24,9,High
2024-11-15,East,O-,22,33,Low
2024-11-15,West,A+,28,17,High
2024-11-15,West,A-,20,28,Low
2024-11-15,West,B+,28,13,High
2024-11-15,West,B-,23,31,Low
2024-11-15,West,AB+,22,28,Low
2024-11-15,West,AB-,32,23,Medium
2024-11-15,West,O+,19,24,Low
2024-11-15,West,O-,18,38,Low
2024-11-15,Central,A+,31,11,High
2024-11-15,Central,A-,40,24,High
2024-11-15,Central,B+,20,12,High
2024-11-15,Central,B-,23,15,High
2024-11-15,Central,AB+,29,34,Low
2024-11-15,Central,AB-,14,22,Low
2024-11-15,Central,O+,11,24,Low
2024-11-15,Central,O-,35,8,High
2024-11-16,North,A+,15,44,Low
2024-11-16,North,A-,34,44,Low
2024-11-16,North,B+,31,15,High
2024-11-16,North,B-,40,17,High
2024-11-16,North,AB+,25,20,Medium
2024-11-16,North,AB-,18,45,Low
2024-11-16,North,O+,23,29,Low
2024-11-16,North,O-,40,24,High
2024-11-16,South,A+,37,30,Medium
2024-11-16,South,A-,20,45,Low
2024-11-16,South,B+,6,29,Low
2024-11-16,South,B-,11,28,Low
2024-11-16,South,AB+,39,12,High
2024-11-16,South,AB-,23,39,Low
2024-11-16,South,O+,35,40,Low
2024-11-16,South,O-,20,42,Low
2024-11-16,East,A+,39,45,Low
2024-11-16,East,A-,9,29,Low
2024-11-16,East,B+,11,25,Low
2024-11-16,East,B-,19,35,Low
2024-11-16,East,AB+,10,9,Medium
2024-11-16,East,AB-,30,35,Low
2024-11-16,East,O+,17,32,Low
2024-11-16,East,O-,10,4,High
2024-11-16,West,A+,20,4,High
2024-11-16,West,A-,36,16,High
2024-11-16,West,B+,35,11,High
2024-11-16,West,B-,29,6,High
2024-11-16,West,AB+,35,13,High
2024-11-16,West,AB-,5,9,Low
2024-11-16,West,O+,22,37,Low
2024-11-16,West,O-,32,33,Low
2024-11-16,Central,A+,40,4,High
2024-11-16,Central,A-,40,11,High
2024-11-16,Central,B+,29,20,High
2024-11-16,Central,B-,18,10,High
2024-11-16,Central,AB+,13,10,Medium
2024-11-16,Central,AB-,23,28,Low
2024-11-16,Central,O+,17,40,Low
2024-11-16,Central,O-,24,31,Low
2024-11-17,North,A+,30,14,High
2024-11-17,North,A-,25,44,Low
2024-11-17,North,B+,22,12,High
2024-11-17,North,B-,15,27,Low
2024-11-17,North,AB+,23,25,Low
2024-11-17,North,AB-,30,16,High
2024-11-17,North,O+,17,41,Low
2024-11-17,North,O-,11,32,Low
2024-11-17,South,A+,13,40,Low
2024-11-17,South,A-,24,3,High
2024-11-17,South,B+,18,28,Low
2024-11-17,South,B-,21,35,Low
2024-11-17,South,AB+,10,45,Low
2024-11-17,South,AB-,12,14,Low
2024-11-17,South,O+,31,27,Medium
2024-11-17,South,O-,23,39,Low
2024-11-17,East,A+,34,8,High
2024-11-17,East,A-,31,31,Low
2024-11-17,East,B+,6,29,Low
2024-11-17,East,B-,40,17,High
2024-11-17,East,AB+,18,24,Low
2024-11-17,East,AB-,19,41,Low
2024-11-17,East,O+,12,5,High
2024-11-17,East,O-,11,27,Low
2024-11-17,West,A+,11,13,Low
2024-11-17,West,A-,27,39,Low
2024-11-17,West,B+,6,10,Low
2024-11-17,West,B-,30,18,High
2024-11-17,West,AB+,22,40,Low
2024-11-17,West,AB-,7,8,Low
2024-11-17,West,O+,17,17,Low
2024-11-17,West,O-,19,20,Low
2024-11-17,Central,A+,22,16,Medium
2024-11-17,Central,A-,35,45,Low
2024-11-17,Central,B+,31,33,Low
2024-11-17,Central,B-,18,20,Low
2024-11-17,Central,AB+,39,9,High
2024-11-17,Central,AB-,23,5,High
2024-11-17,Central,O+,39,19,High
2024-11-17,Central,O-,10,6,High
2024-11-18,North,A+,9,30,Low
2024-11-18,North,A-,36,41,Low
2024-11-18,North,B+,18,5,High
2024-11-18,North,B-,9,19,Low
2024-11-18,North,AB+,39,8,High
2024-11-18,North,AB-,11,28,Low
2024-11-18,North,O+,5,21,Low
2024-11-18,North,O-,10,4,High
2024-11-18,South,A+,8,22,Low
2024-11-18,South,A-,15,5,High
2024-11-18,South,B+,14,36,Low
2024-11-18,South,B-,40,29,Medium
2024-11-18,South,AB+,31,10,High
2024-11-18,South,AB-,30,37,Low
2024-11-18,South,O+,7,7,Low
2024-11-18,South,O-,7,18,Low
2024-11-18,East,A+,23,12,High
2024-11-18,East,A-,12,15,Low
2024-11-18,East,B+,21,35,Low
2024-11-18,East,B-,26,22,Medium
2024-11-18,East,AB+,40,19,High
2024-11-18,East,AB-,14,6,High
2024-11-18,East,O+,18,23,Low
2024-11-18,East,O-,17,7,High
2024-11-18,West,A+,32,6,High
2024-11-18,West,A-,35,39,Low
2024-11-18,West,B+,11,34,Low
2024-11-18,West,B-,11,16,Low
2024-11-18,West,AB+,39,27,High
2024-11-18,West,AB-,8,8,Low
2024-11-18,West,O+,25,33,Low
2024-11-18,West,O-,11,8,Medium
2024-11-18,Central,A+,36,10,High
2024-11-18,Central,A-,18,11,High
2024-11-18,Central,B+,11,40,Low
2024-11-18,Central,B-,24,4,High
2024-11-18,Central,AB+,13,22,Low
2024-11-18,Central,AB-,34,45,Low
2024-11-18,Central,O+,5,13,Low
2024-11-18,Central,O-,38,38,Low
2024-11-19,North,A+,10,21,Low
2024-11-19,North,A-,10,10,Low
2024-11-19,North,B+,13,37,Low
2024-11-19,North,B-,34,43,Low
2024-11-19,North,AB+,24,23,Medium
2024-11-19,North,AB-,13,34,Low
2024-11-19,North,O+,9,41,Low
2024-11-19,North,O-,18,30,Low
2024-11-19,South,A+,35,35,Low
2024-11-19,South,A-,28,34,Low
2024-11-19,South,B+,29,21,Medium
2024-11-19,South,B-,32,15,High
2024-11-19,South,AB+,9,18,Low
2024-11-19,South,AB-,40,8,High
2024-11-19,South,O+,7,43,Low
2024-11-19,South,O-,36,22,High
2024-11-19,East,A+,12,45,Low
2024-11-19,East,A-,29,10,High
2024-11-19,East,B+,23,13,High
2024-11-19,East,B-,20,44,Low
2024-11-19,East,AB+,14,10,Medium
2024-11-19,East,AB-,27,21,Medium
2024-11-19,East,O+,8,7,Medium
2024-11-19,East,O-,20,8,High
2024-11-19,West,A+,26,16,High
2024-11-19,West,A-,26,6,High
2024-11-19,West,B+,31,41,Low
2024-11-19,West,B-,32,45,Low
2024-11-19,West,AB+,16,27,Low
2024-11-19,West,AB-,9,29,Low
2024-11-19,West,O+,40,19,High
2024-11-19,West,O-,27,24,Medium
2024-11-19,Central,A+,15,23,Low
2024-11-19,Central,A-,16,44,Low
2024-11-19,Central,B+,36,22,High
2024-11-19,Central,B-,9,3,High
2024-11-19,Central,AB+,13,43,Low
2024-11-19,Central,AB-,28,21,Medium
2024-11-19,Central,O+,36,7,High
2024-11-19,Central,O-,34,40,Low
2024-11-20,North,A+,39,41,Low
2024-11-20,North,A-,22,36,Low
2024-11-20,North,B+,38,25,High
2024-11-20,North,B-,32,27,Medium
2024-11-20,North,AB+,23,35,Low
2024-11-20,North,AB-,19,6,High
2024-11-20,North,O+,6,26,Low
2024-11-20,North,O-,11,40,Low
2024-11-20,South,A+,26,30,Low
2024-11-20,South,A-,33,25,Medium
2024-11-20,South,B+,30,16,High
2024-11-20,South,B-,28,26,Medium
2024-11-20,South,AB+,37,21,High
2024-11-20,South,AB-,14,14,Low
2024-11-20,South,O+,33,43,Low
2024-11-20,South,O-,10,32,Low
2024-11-20,East,A+,14,27,Low
2024-11-20,East,A-,30,11,High
2024-11-20,East,B+,28,28,Low
2024-11-20,East,B-,28,4,High
2024-11-20,East,AB+,21,27,Low
2024-11-20,East,AB-,5,33,Low
2024-11-20,East,O+,6,45,Low
2024-11-20,East,O-,7,8,Low
2024-11-20,West,A+,23,44,Low
2024-11-20,West,A-,22,10,High
2024-11-20,West,B+,19,3,High
2024-11-20,West,B-,29,35,Low
2024-11-20,West,AB+,31,14,High
2024-11-20,West,AB-,21,5,High
2024-11-20,West,O+,37,31,Medium
2024-11-20,West,O-,11,3,High
2024-11-20,Central,A+,5,43,Low
2024-11-20,Central,A-,31,29,Medium
2024-11-20,Central,B+,39,41,Low
2024-11-20,Central,B-,8,20,Low
2024-11-20,Central,AB+,11,34,Low
2024-11-20,Central,AB-,13,37,Low
2024-11-20,Central,O+,14,3,High
2024-11-20,Central,O-,35,29,Medium
2024-11-21,North,A+,15,15,Low
2024-11-21,North,A-,37,10,High
2024-11-21,North,B+,12,25,Low
2024-11-21,North,B-,15,11,Medium
2024-11-21,North,AB+,19,12,High
2024-11-21,North,AB-,40,12,High
2024-11-21,North,O+,16,14,Medium
2024-11-21,North,O-,40,12,High
2024-11-21,South,A+,23,3,High
2024-11-21,South,A-,39,20,High
2024-11-21,South,B+,35,23,High
2024-11-21,South,B-,14,36,Low
2024-11-21,South,AB+,17,25,Low
2024-11-21,South,AB-,24,5,High
2024-11-21,South,O+,5,20,Low
2024-11-21,South,O-,10,5,High
2024-11-21,East,A+,40,20,High
2024-11-21,East,A-,33,41,Low
2024-11-21,East,B+,12,17,Low
2024-11-21,East,B-,28,9,High
2024-11-21,East,AB+,12,18,Low
2024-11-21,East,AB-,27,45,Low
2024-11-21,East,O+,6,23,Low
2024-11-21,East,O-,17,23,Low
2024-11-21,West,A+,33,12,High
2024-11-21,West,A-,15,44,Low
2024-11-21,West,B+,38,40,Low
2024-11-21,West,B-,13,3,High
2024-11-21,West,AB+,32,21,High
2024-11-21,West,AB-,12,43,Low
2024-11-21,West,O+,28,34,Low
2024-11-21,West,O-,40,5,High
2024-11-21,Central,A+,34,36,Low
2024-11-21,Central,A-,20,4,High
2024-11-21,Central,B+,13,37,Low
2024-11-21,Central,B-,6,7,Low
2024-11-21,Central,AB+,6,22,Low
2024-11-21,Central,AB-,11,42,Low
2024-11-21,Central,O+,23,24,Low
2024-11-21,Central,O-,20,22,Low
2024-11-22,North,A+,9,42,Low
2024-11-22,North,A-,26,11,High
2024-11-22,North,B+,37,9,High
2024-11-22,North,B-,21,21,Low
2024-11-22,North,AB+,35,38,Low
2024-11-22,North,AB-,31,32,Low
2024-11-22,North,O+,23,43,Low
2024-11-22,North,O-,13,38,Low
2024-11-22,South,A+,7,14,Low
2024-11-22,South,A-,10,44,Low
2024-11-22,South,B+,37,38,Low
2024-11-22,South,B-,19,4,High
2024-11-22,South,AB+,29,17,High
2024-11-22,South,AB-,27,34,Low
2024-11-22,South,O+,40,44,Low
2024-11-22,South,O-,6,17,Low
2024-11-22,East,A+,34,38,Low
2024-11-22,East,A-,12,45,Low
2024-11-22,East,B+,14,9,High
2024-11-22,East,B-,19,45,Low
2024-11-22,East,AB+,33,19,High
2024-11-22,East,AB-,20,28,Low
2024-11-22,East,O+,5,23,Low
2024-11-22,East,O-,26,38,Low
2024-11-22,West,A+,25,25,Low
2024-11-22,West,A-,36,26,Medium
2024-11-22,West,B+,24,4,High
2024-11-22,West,B-,39,20,High
2024-11-22,West,AB+,16,39,Low
2024-11-22,West,AB-,5,29,Low
2024-11-22,West,O+,32,39,Low
2024-11-22,West,O-,8,22,Low
2024-11-22,Central,A+,27,12,High
2024-11-22,Central,A-,38,41,Low
2024-11-22,Central,B+,39,30,Medium
2024-11-22,Central,B-,5,27,Low
2024-11-22,Central,AB+,9,6,High
2024-11-22,Central,AB-,29,24,Medium
2024-11-22,Central,O+,31,32,Low
2024-11-22,Central,O-,20,17,Medium
2024-11-23,North,A+,33,20,High
2024-11-23,North,A-,28,31,Low
2024-11-23,North,B+,7,8,Low
2024-11-23,North,B-,30,23,Medium
2024-11-23,North,AB+,14,31,Low
2024-11-23,North,AB-,31,8,High
2024-11-23,North,O+,19,29,Low
2024-11-23,North,O-,40,7,High
2024-11-23,South,A+,24,40,Low
2024-11-23,South,A-,40,6,High
2024-11-23,South,B+,13,25,Low
2024-11-23,South,B-,19,43,Low
2024-11-23,South,AB+,6,35,Low
2024-11-23,South,AB-,22,15,High
2024-11-23,South,O+,35,28,Medium
2024-11-23,South,O-,15,43,Low
2024-11-23,East,A+,30,21,Medium
2024-11-23,East,A-,22,22,Low
2024-11-23,East,B+,34,34,Low
2024-11-23,East,B-,16,23,Low
2024-11-23,East,AB+,5,37,Low
2024-11-23,East,AB-,23,14,High
2024-11-23,East,O+,20,12,High
2024-11-23,East,O-,21,14,High
2024-11-23,West,A+,18,22,Low
2024-11-23,West,A-,37,3,High
2024-11-23,West,B+,7,20,Low
2024-11-23,West,B-,10,32,Low
2024-11-23,West,AB+,13,22,Low
2024-11-23,West,AB-,12,24,Low
2024-11-23,West,O+,26,18,High
2024-11-23,West,O-,30,41,Low
2024-11-23,Central,A+,11,23,Low
2024-11-23,Central,A-,39,24,High
2024-11-23,Central,B+,25,32,Low
2024-11-23,Central,B-,23,40,Low
2024-11-23,Central,AB+,6,27,Low
2024-11-23,Central,AB-,16,34,Low
2024-11-23,Central,O+,29,3,High
2024-11-23,Central,O-,15,20,Low
2024-11-24,North,A+,15,26,Low
2024-11-24,North,A-,33,6,High
2024-11-24,North,B+,20,16,Medium
2024-11-24,North,B-,19,45,Low
2024-11-24,North,AB+,14,42,Low
2024-11-24,North,AB-,26,41,Low
2024-11-24,North,O+,23,25,Low
2024-11-24,North,O-,16,17,Low
2024-11-24,South,A+,10,23,Low
2024-11-24,South,A-,39,11,High
2024-11-24,South,B+,38,27,Medium
2024-11-24,South,B-,19,5,High
2024-11-24,South,AB+,22,4,High
2024-11-24,South,AB-,13,41,Low
2024-11-24,South,O+,32,28,Medium
2024-11-24,South,O-,16,42,Low
2024-11-24,East,A+,10,31,Low
2024-11-24,East,A-,15,9,High
2024-11-24,East,B+,36,21,High
2024-11-24,East,B-,15,41,Low
2024-11-24,East,AB+,13,11,Medium
2024-11-24,East,AB-,6,22,Low
2024-11-24,East,O+,10,29,Low
2024-11-24,East,O-,34,37,Low
2024-11-24,West,A+,16,10,High
2024-11-24,West,A-,27,18,High
2024-11-24,West,B+,16,28,Low
2024-11-24,West,B-,29,41,Low
2024-11-24,West,AB+,18,33,Low
2024-11-24,West,AB-,5,28,Low
2024-11-24,West,O+,19,11,High
2024-11-24,West,O-,27,5,High
2024-11-24,Central,A+,18,10,High
2024-11-24,Central,A-,19,40,Low
2024-11-24,Central,B+,15,35,Low
2024-11-24,Central,B-,7,22,Low
2024-11-24,Central,AB+,39,25,High
2024-11-24,Central,AB-,5,14,Low
2024-11-24,Central,O+,14,5,High
2024-11-24,Central,O-,31,9,High
2024-11-25,North,A+,8,9,Low
2024-11-25,North,A-,20,44,Low
2024-11-25,North,B+,20,16,Medium
2024-11-25,North,B-,28,42,Low
2024-11-25,North,AB+,19,34,Low
2024-11-25,North,AB-,36,8,High
2024-11-25,North,O+,8,3,High
2024-11-25,North,O-,8,44,Low
2024-11-25,South,A+,6,14,Low
2024-11-25,South,A-,26,30,Low
2024-11-25,South,B+,11,27,Low
2024-11-25,South,B-,14,14,Low
2024-11-25,South,AB+,26,27,Low
2024-11-25,South,AB-,22,34,Low
2024-11-25,South,O+,9,35,Low
2024-11-25,South,O-,28,25,Medium
2024-11-25,East,A+,24,3,High
2024-11-25,East,A-,33,40,Low
2024-11-25,East,B+,14,17,Low
2024-11-25,East,B-,5,21,Low
2024-11-25,East,AB+,27,16,High
2024-11-25,East,AB-,13,17,Low
2024-11-25,East,O+,10,27,Low
2024-11-25,East,O-,34,32,Medium
2024-11-25,West,A+,39,7,High
2024-11-25,West,A-,23,24,Low
2024-11-25,West,B+,29,21,Medium
2024-11-25,West,B-,33,21,High
2024-11-25,West,AB+,20,31,Low
2024-11-25,West,AB-,5,10,Low
2024-11-25,West,O+,23,25,Low
2024-11-25,West,O-,17,42,Low
2024-11-25,Central,A+,11,8,Medium
2024-11-25,Central,A-,33,34,Low
2024-11-25,Central,B+,32,29,Medium
2024-11-25,Central,B-,32,24,Medium
2024-11-25,Central,AB+,8,25,Low
2024-11-25,Central,AB-,16,45,Low
2024-11-25,Central,O+,35,44,Low
2024-11-25,Central,O-,31,7,High
2024-11-26,North,A+,13,4,High
2024-11-26,North,A-,15,38,Low
2024-11-26,North,B+,10,44,Low
2024-11-26,North,B-,25,33,Low
2024-11-26,North,AB+,40,6,High
2024-11-26,North,AB-,31,45,Low
2024-11-26,North,O+,9,42,Low
2024-11-26,North,O-,8,12,Low
2024-11-26,South,A+,13,18,Low
2024-11-26,South,A-,9,10,Low
2024-11-26,South,B+,30,33,Low
2024-11-26,South,B-,40,31,Medium
2024-11-26,South,AB+,6,27,Low
2024-11-26,South,AB-,35,43,Low
2024-11-26,South,O+,32,16,High
2024-11-26,South,O-,26,18,High
2024-11-26,East,A+,13,12,Medium
2024-11-26,East,A-,17,34,Low
2024-11-26,East,B+,12,37,Low
2024-11-26,East,B-,27,40,Low
2024-11-26,East,AB+,14,7,High
2024-11-26,East,AB-,13,27,Low
2024-11-26,East,O+,38,21,High
2024-11-26,East,O-,37,26,Medium
2024-11-26,West,A+,31,17,High
2024-11-26,West,A-,36,8,High
2024-11-26,West,B+,10,21,Low
2024-11-26,West,B-,14,41,Low
2024-11-26,West,AB+,24,15,High
2024-11-26,West,AB-,6,5,Medium
2024-11-26,West,O+,6,18,Low
2024-11-26,West,O-,34,24,Medium
2024-11-26,Central,A+,20,39,Low
2024-11-26,Central,A-,39,39,Low
2024-11-26,Central,B+,14,18,Low
2024-11-26,Central,B-,9,16,Low
2024-11-26,Central,AB+,14,19,Low
2024-11-26,Central,AB-,32,25,Medium
2024-11-26,Central,O+,37,27,Medium
2024-11-26,Central,O-,29,42,Low
2024-11-27,North,A+,18,11,High
2024-11-27,North,A-,35,37,Low
2024-11-27,North,B+,21,9,High
2024-11-27,North,B-,36,45,Low
2024-11-27,North,AB+,40,15,High
2024-11-27,North,AB-,36,29,Medium
2024-11-27,North,O+,26,39,Low
2024-11-27,North,O-,9,24,Low
2024-11-27,South,A+,18,36,Low
2024-11-27,South,A-,13,5,High
2024-11-27,South,B+,11,9,Medium
2024-11-27,South,B-,22,45,Low
2024-11-27,South,AB+,6,27,Low
2024-11-27,South,AB-,27,13,High
2024-11-27,South,O+,32,28,Medium
2024-11-27,South,O-,23,14,High
2024-11-27,East,A+,32,31,Medium
2024-11-27,East,A-,19,26,Low
2024-11-27,East,B+,9,12,Low
2024-11-27,East,B-,36,14,High
2024-11-27,East,AB+,22,23,Low
2024-11-27,East,AB-,27,17,High
2024-11-27,East,O+,20,34,Low
2024-11-27,East,O-,28,28,Low
2024-11-27,West,A+,25,27,Low
2024-11-27,West,A-,35,29,Medium
2024-11-27,West,B+,21,36,Low
2024-11-27,West,B-,33,35,Low
2024-11-27,West,AB+,23,40,Low
2024-11-27,West,AB-,32,13,High
2024-11-27,West,O+,15,20,Low
2024-11-27,West,O-,23,26,Low
2024-11-27,Central,A+,12,4,High
2024-11-27,Central,A-,24,29,Low
2024-11-27,Central,B+,13,23,Low
2024-11-27,Central,B-,5,29,Low
2024-11-27,Central,AB+,13,39,Low
2024-11-27,Central,AB-,31,23,Medium
2024-11-27,Central,O+,29,37,Low
2024-11-27,Central,O-,26,10,High
2024-11-28,North,A+,14,6,High
2024-11-28,North,A-,31,11,High
2024-11-28,North,B+,33,29,Medium
2024-11-28,North,B-,36,14,High
2024-11-28,North,AB+,19,23,Low
2024-11-28,North,AB-,6,42,Low
2024-11-28,North,O+,33,40,Low
2024-11-28,North,O-,18,19,Low
2024-11-28,South,A+,22,11,High
2024-11-28,South,A-,9,11,Low
2024-11-28,South,B+,12,22,Low
2024-11-28,South,B-,32,45,Low
2024-11-28,South,AB+,28,3,High
2024-11-28,South,AB-,16,12,Medium
2024-11-28,South,O+,17,21,Low
2024-11-28,South,O-,36,32,Medium
2024-11-28,East,A+,40,45,Low
2024-11-28,East,A-,5,21,Low
2024-11-28,East,B+,27,34,Low
2024-11-28,East,B-,34,11,High
2024-11-28,East,AB+,28,10,High
2024-11-28,East,AB-,38,21,High
2024-11-28,East,O+,8,32,Low
2024-11-28,East,O-,6,16,Low
2024-11-28,West,A+,19,44,Low
2024-11-28,West,A-,38,11,High
2024-11-28,West,B+,10,21,Low
2024-11-28,West,B-,33,38,Low
2024-11-28,West,AB+,14,18,Low
2024-11-28,West,AB-,17,31,Low
2024-11-28,West,O+,14,6,High
2024-11-28,West,O-,22,23,Low
2024-11-28,Central,A+,9,28,Low
2024-11-28,Central,A-,36,28,Medium
2024-11-28,Central,B+,33,3,High
2024-11-28,Central,B-,30,15,High
2024-11-28,Central,AB+,31,43,Low
2024-11-28,Central,AB-,19,45,Low
2024-11-28,Central,O+,13,36,Low
2024-11-28,Central,O-,32,15,High
2024-11-29,North,A+,5,10,Low
2024-11-29,North,A-,9,11,Low
2024-11-29,North,B+,14,4,High
2024-11-29,North,B-,8,36,Low
2024-11-29,North,AB+,23,35,Low
2024-11-29,North,AB-,22,11,High
2024-11-29,North,O+,29,19,High
2024-11-29,North,O-,39,16,High
2024-11-29,South,A+,18,16,Medium
2024-11-29,South,A-,32,31,Medium
2024-11-29,South,B+,29,4,High
2024-11-29,South,B-,37,13,High
2024-11-29,South,AB+,39,41,Low
2024-11-29,South,AB-,30,34,Low
2024-11-29,South,O+,10,16,Low
2024-11-29,South,O-,29,3,High
2024-11-29,East,A+,26,43,Low
2024-11-29,East,A-,21,41,Low
2024-11-29,East,B+,23,30,Low
2024-11-29,East,B-,13,4,High
2024-11-29,East,AB+,40,26,High
2024-11-29,East,AB-,31,20,High
2024-11-29,East,O+,8,10,Low
2024-11-29,East,O-,17,12,Medium
2024-11-29,West,A+,21,42,Low
2024-11-29,West,A-,28,8,High
2024-11-29,West,B+,18,26,Low
2024-11-29,West,B-,8,44,Low
2024-11-29,West,AB+,5,7,Low
2024-11-29,West,AB-,11,24,Low
2024-11-29,West,O+,23,28,Low
2024-11-29,West,O-,12,33,Low
2024-11-29,Central,A+,27,36,Low
2024-11-29,Central,A-,8,37,Low
2024-11-29,Central,B+,8,16,Low
2024-11-29,Central,B-,38,35,Medium
2024-11-29,Central,AB+,7,21,Low
2024-11-29,Central,AB-,21,43,Low
2024-11-29,Central,O+,9,6,High
2024-11-29,Central,O-,23,6,High
2024-11-30,North,A+,22,18,Medium
2024-11-30,North,A-,9,25,Low
2024-11-30,North,B+,30,27,Medium
2024-11-30,North,B-,37,24,High
2024-11-30,North,AB+,9,16,Low
2024-11-30,North,AB-,26,15,High
2024-11-30,North,O+,38,43,Low
2024-11-30,North,O-,11,20,Low
2024-11-30,South,A+,37,44,Low
2024-11-30,South,A-,18,33,Low
2024-11-30,South,B+,24,32,Low
2024-11-30,South,B-,25,25,Low
2024-11-30,South,AB+,37,6,High
2024-11-30,South,AB-,17,5,High
2024-11-30,South,O+,5,9,Low
2024-11-30,South,O-,30,36,Low
2024-11-30,East,A+,25,27,Low
2024-11-30,East,A-,23,31,Low
2024-11-30,East,B+,12,34,Low
2024-11-30,East,B-,33,38,Low
2024-11-30,East,AB+,21,5,High
2024-11-30,East,AB-,10,41,Low
2024-11-30,East,O+,7,12,Low
2024-11-30,East,O-,34,45,Low
2024-11-30,West,A+,11,28,Low
2024-11-30,West,A-,38,38,Low
2024-11-30,West,B+,18,33,Low
2024-11-30,West,B-,11,30,Low
2024-11-30,West,AB+,10,9,Medium
2024-11-30,West,AB-,28,36,Low
2024-11-30,West,O+,29,30,Low
2024-11-30,West,O-,38,30,Medium
2024-11-30,Central,A+,12,8,High
2024-11-30,Central,A-,35,27,Medium
2024-11-30,Central,B+,33,25,Medium
2024-11-30,Central,B-,38,15,High
2024-11-30,Central,AB+,17,13,Medium
2024-11-30,Central,AB-,31,7,High
2024-11-30,Central,O+,35,5,High
2024-11-30,Central,O-,25,4,High
2024-12-01,North,A+,26,37,Low
2024-12-01,North,A-,18,26,Low
2024-12-01,North,B+,17,19,Low
2024-12-01,North,B-,27,44,Low
2024-12-01,North,AB+,39,7,High
2024-12-01,North,AB-,27,30,Low
2024-12-01,North,O+,25,31,Low
2024-12-01,North,O-,14,37,Low
2024-12-01,South,A+,28,18,High
2024-12-01,South,A-,28,18,High
2024-12-01,South,B+,20,40,Low
2024-12-01,South,B-,37,13,High
2024-12-01,South,AB+,23,13,High
2024-12-01,South,AB-,29,28,Medium
2024-12-01,South,O+,14,9,High
2024-12-01,South,O-,34,33,Medium
2024-12-01,East,A+,26,38,Low
2024-12-01,East,A-,7,7,Low
2024-12-01,East,B+,26,37,Low
2024-12-01,East,B-,22,30,Low
2024-12-01,East,AB+,32,38,Low
2024-12-01,East,AB-,36,41,Low
2024-12-01,East,O+,18,3,High
2024-12-01,East,O-,17,3,High
2024-12-01,West,A+,14,35,Low
2024-12-01,West,A-,26,16,High
2024-12-01,West,B+,15,32,Low
2024-12-01,West,B-,16,33,Low
2024-12-01,West,AB+,29,30,Low
2024-12-01,West,AB-,40,44,Low
2024-12-01,West,O+,19,19,Low
2024-12-01,West,O-,25,7,High
2024-12-01,Central,A+,28,6,High
2024-12-01,Central,A-,15,23,Low
2024-12-01,Central,B+,13,36,Low
2024-12-01,Central,B-,28,22,Medium
2024-12-01,Central,AB+,32,9,High
2024-12-01,Central,AB-,20,3,High
2024-12-01,Central,O+,39,32,Medium
2024-12-01,Central,O-,17,3,High
2024-12-02,North,A+,39,39,Low
2024-12-02,North,A-,35,11,High
2024-12-02,North,B+,5,43,Low
2024-12-02,North,B-,34,17,High
2024-12-02,North,AB+,40,13,High
2024-12-02,North,AB-,35,33,Medium
2024-12-02,North,O+,35,32,Medium
2024-12-02,North,O-,12,10,Medium
2024-12-02,South,A+,37,21,High
2024-12-02,South,A-,13,23,Low
2024-12-02,South,B+,13,33,Low
2024-12-02,South,B-,37,27,Medium
2024-12-02,South,AB+,17,3,High
2024-12-02,South,AB-,8,3,High
2024-12-02,South,O+,33,8,High
2024-12-02,South,O-,14,7,High
2024-12-02,East,A+,8,12,Low
2024-12-02,East,A-,22,12,High
2024-12-02,East,B+,17,21,Low
2024-12-02,East,B-,23,34,Low
2024-12-02,East,AB+,18,6,High
2024-12-02,East,AB-,27,45,Low
2024-12-02,East,O+,35,45,Low
2024-12-02,East,O-,33,33,Low
2024-12-02,West,A+,11,42,Low
2024-12-02,West,A-,32,10,High
2024-12-02,West,B+,35,9,High
2024-12-02,West,B-,29,26,Medium
2024-12-02,West,AB+,32,25,Medium
2024-12-02,West,AB-,30,28,Medium
2024-12-02,West,O+,34,29,Medium
2024-12-02,West,O-,23,5,High
2024-12-02,Central,A+,29,36,Low
2024-12-02,Central,A-,20,15,Medium
2024-12-02,Central,B+,23,20,Medium
2024-12-02,Central,B-,6,4,High
2024-12-02,Central,AB+,28,12,High
2024-12-02,Central,AB-,15,21,Low
2024-12-02,Central,O+,13,27,Low
2024-12-02,Central,O-,28,15,High
2024-12-03,North,A+,34,42,Low
2024-12-03,North,A-,17,14,Medium
2024-12-03,North,B+,13,8,High
2024-12-03,North,B-,9,19,Low
2024-12-03,North,AB+,20,42,Low
2024-12-03,North,AB-,5,32,Low
2024-12-03,North,O+,6,26,Low
2024-12-03,North,O-,23,33,Low
2024-12-03,South,A+,20,29,Low
2024-12-03,South,A-,8,10,Low
2024-12-03,South,B+,26,34,Low
2024-12-03,South,B-,12,8,High
2024-12-03,South,AB+,26,5,High
2024-12-03,South,AB-,11,5,High
2024-12-03,South,O+,9,28,Low
2024-12-03,South,O-,14,29,Low
2024-12-03,East,A+,5,4,Medium
2024-12-03,East,A-,37,5,High
2024-12-03,East,B+,13,28,Low
2024-12-03,East,B-,27,38,Low
2024-12-03,East,AB+,18,45,Low
2024-12-03,East,AB-,21,32,Low
2024-12-03,East,O+,26,41,Low
2024-12-03,East,O-,34,38,Low
2024-12-03,West,A+,18,17,Medium
2024-12-03,West,A-,25,21,Medium
2024-12-03,West,B+,37,35,Medium
2024-12-03,West,B-,18,25,Low
2024-12-03,West,AB+,36,8,High
2024-12-03,West,AB-,16,9,High
2024-12-03,West,O+,23,39,Low
2024-12-03,West,O-,30,33,Low
2024-12-03,Central,A+,10,19,Low
2024-12-03,Central,A-,29,18,High
2024-12-03,Central,B+,37,29,Medium
2024-12-03,Central,B-,29,21,Medium
2024-12-03,Central,AB+,20,12,High
2024-12-03,Central,AB-,6,16,Low
2024-12-03,Central,O+,10,34,Low
2024-12-03,Central,O-,13,45,Low
2024-12-04,North,A+,31,30,Medium
2024-12-04,North,A-,28,12,High
2024-12-04,North,B+,38,12,High
2024-12-04,North,B-,24,28,Low
2024-12-04,North,AB+,39,24,High
2024-12-04,North,AB-,21,40,Low
2024-12-04,North,O+,15,34,Low
2024-12-04,North,O-,13,21,Low
2024-12-04,South,A+,5,5,Low
2024-12-04,South,A-,7,45,Low
2024-12-04,South,B+,14,4,High
2024-12-04,South,B-,39,28,Medium
2024-12-04,South,AB+,8,8,Low
2024-12-04,South,AB-,24,45,Low
2024-12-04,South,O+,29,4,High
2024-12-04,South,O-,25,8,High
2024-12-04,East,A+,6,38,Low
2024-12-04,East,A-,26,20,Medium
2024-12-04,East,B+,18,12,High
2024-12-04,East,B-,36,10,High
2024-12-04,East,AB+,30,44,Low
2024-12-04,East,AB-,17,6,High
2024-12-04,East,O+,17,18,Low
2024-12-04,East,O-,25,29,Low
2024-12-04,West,A+,18,27,Low
2024-12-04,West,A-,17,3,High
2024-12-04,West,B+,10,6,High
2024-12-04,West,B-,8,5,High
2024-12-04,West,AB+,8,36,Low
2024-12-04,West,AB-,20,7,High
2024-12-04,West,O+,40,31,Medium
2024-12-04,West,O-,38,10,High
2024-12-04,Central,A+,5,22,Low
2024-12-04,Central,A-,39,5,High
2024-12-04,Central,B+,16,36,Low
2024-12-04,Central,B-,19,24,Low
2024-12-04,Central,AB+,22,7,High
2024-12-04,Central,AB-,26,37,Low
2024-12-04,Central,O+,16,42,Low
2024-12-04,Central,O-,8,42,Low
2024-12-05,North,A+,19,6,High
2024-12-05,North,A-,21,17,Medium
2024-12-05,North,B+,33,29,Medium
2024-12-05,North,B-,32,8,High
2024-12-05,North,AB+,20,29,Low
2024-12-05,North,AB-,30,13,High
2024-12-05,North,O+,39,44,Low
2024-12-05,North,O-,6,35,Low
2024-12-05,South,A+,10,11,Low
2024-12-05,South,A-,13,43,Low
2024-12-05,South,B+,32,36,Low
2024-12-05,South,B-,9,25,Low
2024-12-05,South,AB+,24,32,Low
2024-12-05,South,AB-,21,32,Low
2024-12-05,South,O+,5,25,Low
2024-12-05,South,O-,19,7,High
2024-12-05,East,A+,10,5,High
2024-12-05,East,A-,27,38,Low
2024-12-05,East,B+,18,18,Low
2024-12-05,East,B-,5,42,Low
2024-12-05,East,AB+,32,34,Low
2024-12-05,East,AB-,17,41,Low
2024-12-05,East,O+,33,42,Low
2024-12-05,East,O-,37,21,High
2024-12-05,West,A+,13,9,High
2024-12-05,West,A-,40,40,Low
2024-12-05,West,B+,12,22,Low
2024-12-05,West,B-,13,45,Low
2024-12-05,West,AB+,32,41,Low
2024-12-05,West,AB-,19,33,Low
2024-12-05,West,O+,31,25,Medium
2024-12-05,West,O-,6,9,Low
2024-12-05,Central,A+,30,34,Low
2024-12-05,Central,A-,32,33,Low
2024-12-05,Central,B+,11,35,Low
2024-12-05,Central,B-,36,33,Medium
2024-12-05,Central,AB+,30,11,High
2024-12-05,Central,AB-,38,37,Medium
2024-12-05,Central,O+,18,29,Low
2024-12-05,Central,O-,20,30,Low
2024-12-06,North,A+,39,36,Medium
2024-12-06,North,A-,27,4,High
2024-12-06,North,B+,10,44,Low
2024-12-06,North,B-,30,43,Low
2024-12-06,North,AB+,15,32,Low
2024-12-06,North,AB-,30,14,High
2024-12-06,North,O+,15,14,Medium
2024-12-06,North,O-,32,30,Medium
2024-12-06,South,A+,32,31,Medium
2024-12-06,South,A-,37,35,Medium
2024-12-06,South,B+,5,39,Low
2024-12-06,South,B-,17,31,Low
2024-12-06,South,AB+,30,8,High
2024-12-06,South,AB-,30,23,Medium
2024-12-06,South,O+,15,14,Medium
2024-12-06,South,O-,40,44,Low
2024-12-06,East,A+,39,41,Low
2024-12-06,East,A-,5,32,Low
2024-12-06,East,B+,23,40,Low
2024-12-06,East,B-,20,23,Low
2024-12-06,East,AB+,39,9,High
2024-12-06,East,AB-,13,23,Low
2024-12-06,East,O+,26,42,Low
2024-12-06,East,O-,35,33,Medium
2024-12-06,West,A+,34,12,High
2024-12-06,West,A-,32,23,Medium
2024-12-06,West,B+,36,27,Medium
2024-12-06,West,B-,23,4,High
2024-12-06,West,AB+,40,15,High
2024-12-06,West,AB-,40,26,High
2024-12-06,West,O+,39,4,High
2024-12-06,West,O-,25,4,High
2024-12-06,Central,A+,9,21,Low
2024-12-06,Central,A-,12,31,Low
2024-12-06,Central,B+,11,27,Low
2024-12-06,Central,B-,26,33,Low
2024-12-06,Central,AB+,40,40,Low
2024-12-06,Central,AB-,17,39,Low
2024-12-06,Central,O+,9,11,Low
2024-12-06,Central,O-,27,28,Low
2024-12-07,North,A+,27,8,High
2024-12-07,North,A-,39,37,Medium
2024-12-07,North,B+,33,8,High
2024-12-07,North,B-,12,22,Low
2024-12-07,North,AB+,38,30,Medium
2024-12-07,North,AB-,7,6,Medium
2024-12-07,North,O+,28,5,High
2024-12-07,North,O-,5,41,Low
2024-12-07,South,A+,16,19,Low
2024-12-07,South,A-,22,41,Low
2024-12-07,South,B+,16,36,Low
2024-12-07,South,B-,33,38,Low
2024-12-07,South,AB+,36,25,High
2024-12-07,South,AB-,34,6,High
2024-12-07,South,O+,19,44,Low
2024-12-07,South,O-,6,12,Low
2024-12-07,East,A+,17,4,High
2024-12-07,East,A-,12,9,Medium
2024-12-07,East,B+,14,24,Low
2024-12-07,East,B-,5,7,Low
2024-12-07,East,AB+,37,28,Medium
2024-12-07,East,AB-,7,34,Low
2024-12-07,East,O+,22,13,High
2024-12-07,East,O-,6,28,Low
2024-12-07,West,A+,27,12,High
2024-12-07,West,A-,16,13,Medium
2024-12-07,West,B+,19,15,Medium
2024-12-07,West,B-,31,41,Low
2024-12-07,West,AB+,18,10,High
2024-12-07,West,AB-,40,4,High
2024-12-07,West,O+,29,13,High
2024-12-07,West,O-,7,3,High
2024-12-07,Central,A+,36,43,Low
2024-12-07,Central,A-,17,4,High
2024-12-07,Central,B+,13,19,Low
2024-12-07,Central,B-,16,27,Low
2024-12-07,Central,AB+,32,11,High
2024-12-07,Central,AB-,21,39,Low
2024-12-07,Central,O+,33,26,Medium
2024-12-07,Central,O-,20,33,Low
2024-12-08,North,A+,23,4,High
2024-12-08,North,A-,25,34,Low
2024-12-08,North,B+,10,44,Low
2024-12-08,North,B-,22,22,Low
2024-12-08,North,AB+,30,45,Low
2024-12-08,North,AB-,28,29,Low
2024-12-08,North,O+,36,19,High
2024-12-08,North,O-,8,27,Low
2024-12-08,South,A+,39,34,Medium
2024-12-08,South,A-,18,26,Low
2024-12-08,South,B+,24,19,Medium
2024-12-08,South,B-,28,17,High
2024-12-08,South,AB+,21,24,Low
2024-12-08,South,AB-,9,20,Low
2024-12-08,South,O+,29,44,Low
2024-12-08,South,O-,32,38,Low
2024-12-08,East,A+,39,45,Low
2024-12-08,East,A-,31,25,Medium
2024-12-08,East,B+,37,15,High
2024-12-08,East,B-,22,35,Low
2024-12-08,East,AB+,17,21,Low
2024-12-08,East,AB-,40,17,High
2024-12-08,East,O+,27,44,Low
2024-12-08,East,O-,40,30,Medium
2024-12-08,West,A+,15,29,Low
2024-12-08,West,A-,36,16,High
2024-12-08,West,B+,32,28,Medium
2024-12-08,West,B-,24,36,Low
2024-12-08,West,AB+,25,18,Medium
2024-12-08,West,AB-,14,4,High
2024-12-08,West,O+,34,33,Medium
2024-12-08,West,O-,28,36,Low
2024-12-08,Central,A+,35,3,High
2024-12-08,Central,A-,37,41,Low
2024-12-08,Central,B+,23,18,Medium
2024-12-08,Central,B-,15,44,Low
2024-12-08,Central,AB+,31,42,Low
2024-12-08,Central,AB-,40,16,High
2024-12-08,Central,O+,21,22,Low
2024-12-08,Central,O-,20,30,Low
2024-12-09,North,A+,26,37,Low
2024-12-09,North,A-,7,25,Low
2024-12-09,North,B+,6,22,Low
2024-12-09,North,B-,25,6,High
2024-12-09,North,AB+,28,5,High
2024-12-09,North,AB-,16,37,Low
2024-12-09,North,O+,22,28,Low
2024-12-09,North,O-,34,13,High
2024-12-09,South,A+,5,6,Low
2024-12-09,South,A-,34,15,High
2024-12-09,South,B+,22,14,High
2024-12-09,South,B-,17,39,Low
2024-12-09,South,AB+,7,32,Low
2024-12-09,South,AB-,33,17,High
2024-12-09,South,O+,36,12,High
2024-12-09,South,O-,25,20,Medium
2024-12-09,East,A+,27,45,Low
2024-12-09,East,A-,5,18,Low
2024-12-09,East,B+,40,4,High
2024-12-09,East,B-,9,29,Low
2024-12-09,East,AB+,13,24,Low
2024-12-09,East,AB-,40,25,High
2024-12-09,East,O+,12,25,Low
2024-12-09,East,O-,7,11,Low
2024-12-09,West,A+,5,22,Low
2024-12-09,West,A-,26,4,High
2024-12-09,West,B+,16,38,Low
2024-12-09,West,B-,11,22,Low
2024-12-09,West,AB+,18,24,Low
2024-12-09,West,AB-,19,7,High
2024-12-09,West,O+,13,32,Low
2024-12-09,West,O-,21,17,Medium
2024-12-09,Central,A+,19,34,Low
2024-12-09,Central,A-,26,15,High
2024-12-09,Central,B+,10,9,Medium
2024-12-09,Central,B-,12,12,Low
2024-12-09,Central,AB+,20,45,Low
2024-12-09,Central,AB-,27,39,Low
2024-12-09,Central,O+,6,20,Low
2024-12-09,Central,O-,15,28,Low
2024-12-10,North,A+,27,14,High
2024-12-10,North,A-,34,19,High
2024-12-10,North,B+,14,38,Low
2024-12-10,North,B-,32,27,Medium
2024-12-10,North,AB+,16,45,Low
2024-12-10,North,AB-,27,10,High
2024-12-10,North,O+,8,36,Low
2024-12-10,North,O-,28,34,Low
2024-12-10,South,A+,19,36,Low
2024-12-10,South,A-,17,38,Low
2024-12-10,South,B+,27,25,Medium
2024-12-10,South,B-,23,24,Low
2024-12-10,South,AB+,10,19,Low
2024-12-10,South,AB-,32,5,High
2024-12-10,South,O+,10,40,Low
2024-12-10,South,O-,19,23,Low
2024-12-10,East,A+,11,8,Medium
2024-12-10,East,A-,35,45,Low
2024-12-10,East,B+,24,25,Low
2024-12-10,East,B-,27,23,Medium
2024-12-10,East,AB+,19,32,Low
2024-12-10,East,AB-,7,29,Low
2024-12-10,East,O+,13,33,Low
2024-12-10,East,O-,16,37,Low
2024-12-10,West,A+,11,29,Low
2024-12-10,West,A-,34,15,High
2024-12-10,West,B+,20,31,Low
2024-12-10,West,B-,21,27,Low
2024-12-10,West,AB+,11,11,Low
2024-12-10,West,AB-,10,45,Low
2024-12-10,West,O+,25,33,Low
2024-12-10,West,O-,28,30,Low
2024-12-10,Central,A+,15,30,Low
2024-12-10,Central,A-,21,9,High
2024-12-10,Central,B+,16,30,Low
2024-12-10,Central,B-,6,35,Low
2024-12-10,Central,AB+,21,36,Low
2024-12-10,Central,AB-,12,35,Low
2024-12-10,Central,O+,33,28,Medium
2024-12-10,Central,O-,15,3,High
2024-12-11,North,A+,8,30,Low
2024-12-11,North,A-,19,8,High
2024-12-11,North,B+,32,18,High
2024-12-11,North,B-,6,18,Low
2024-12-11,North,AB+,26,7,High
2024-12-11,North,AB-,32,34,Low
2024-12-11,North,O+,8,22,Low
2024-12-11,North,O-,26,5,High
2024-12-11,South,A+,26,42,Low
2024-12-11,South,A-,39,12,High
2024-12-11,South,B+,13,29,Low
2024-12-11,South,B-,33,17,High
2024-12-11,South,AB+,11,14,Low
2024-12-11,South,AB-,18,20,Low
2024-12-11,South,O+,19,36,Low
2024-12-11,South,O-,40,36,Medium
2024-12-11,East,A+,7,22,Low
2024-12-11,East,A-,37,25,High
2024-12-11,East,B+,10,45,Low
2024-12-11,East,B-,23,44,Low
2024-12-11,East,AB+,14,6,High
2024-12-11,East,AB-,14,26,Low
2024-12-11,East,O+,20,28,Low
2024-12-11,East,O-,24,26,Low
2024-12-11,West,A+,7,12,Low
2024-12-11,West,A-,40,14,High
2024-12-11,West,B+,20,9,High
2024-12-11,West,B-,20,19,Medium
2024-12-11,West,AB+,13,33,Low
2024-12-11,West,AB-,28,26,Medium
2024-12-11,West,O+,33,27,Medium
2024-12-11,West,O-,34,14,High
2024-12-11,Central,A+,9,10,Low
2024-12-11,Central,A-,26,21,Medium
2024-12-11,Central,B+,6,21,Low
2024-12-11,Central,B-,21,15,Medium
2024-12-11,Central,AB+,10,36,Low
2024-12-11,Central,AB-,17,44,Low
2024-12-11,Central,O+,24,18,Medium
2024-12-11,Central,O-,32,42,Low
2024-12-12,North,A+,28,17,High
2024-12-12,North,A-,10,5,High
2024-12-12,North,B+,15,45,Low
2024-12-12,North,B-,35,33,Medium
2024-12-12,North,AB+,12,44,Low
2024-12-12,North,AB-,11,23,Low
2024-12-12,North,O+,6,29,Low
2024-12-12,North,O-,14,40,Low
2024-12-12,South,A+,12,32,Low
2024-12-12,South,A-,13,27,Low
2024-12-12,South,B+,26,7,High
2024-12-12,South,B-,33,16,High
2024-12-12,South,AB+,15,35,Low
2024-12-12,South,AB-,12,30,Low
2024-12-12,South,O+,14,42,Low
2024-12-12,South,O-,10,6,High
2024-12-12,East,A+,37,34,Medium
2024-12-12,East,A-,19,42,Low
2024-12-12,East,B+,14,13,Medium
2024-12-12,East,B-,11,40,Low
2024-12-12,East,AB+,40,18,High
2024-12-12,East,AB-,30,39,Low
2024-12-12,East,O+,9,23,Low
2024-12-12,East,O-,33,16,High
2024-12-12,West,A+,34,30,Medium
2024-12-12,West,A-,35,10,High
2024-12-12,West,B+,6,25,Low
2024-12-12,West,B-,13,39,Low
2024-12-12,West,AB+,37,31,Medium
2024-12-12,West,AB-,36,3,High
2024-12-12,West,O+,33,44,Low
2024-12-12,West,O-,23,25,Low
2024-12-12,Central,A+,10,26,Low
2024-12-12,Central,A-,17,6,High
2024-12-12,Central,B+,21,20,Medium
2024-12-12,Central,B-,25,6,High
2024-12-12,Central,AB+,5,14,Low
2024-12-12,Central,AB-,5,11,Low
2024-12-12,Central,O+,29,36,Low
2024-12-12,Central,O-,20,38,Low
2024-12-13,North,A+,36,38,Low
2024-12-13,North,A-,7,16,Low
2024-12-13,North,B+,24,43,Low
2024-12-13,North,B-,27,6,High
2024-12-13,North,AB+,15,41,Low
2024-12-13,North,AB-,25,35,Low
2024-12-13,North,O+,30,31,Low
2024-12-13,North,O-,30,6,High
2024-12-13,South,A+,20,44,Low
2024-12-13,South,A-,8,20,Low
2024-12-13,South,B+,5,41,Low
2024-12-13,South,B-,18,20,Low
2024-12-13,South,AB+,31,32,Low
2024-12-13,South,AB-,27,22,Medium
2024-12-13,South,O+,9,37,Low
2024-12-13,South,O-,14,18,Low
2024-12-13,East,A+,32,37,Low
2024-12-13,East,A-,37,9,High
2024-12-13,East,B+,7,7,Low
2024-12-13,East,B-,20,38,Low
2024-12-13,East,AB+,13,31,Low
2024-12-13,East,AB-,16,7,High
2024-12-13,East,O+,8,23,Low
2024-12-13,East,O-,11,18,Low
2024-12-13,West,A+,20,20,Low
2024-12-13,West,A-,29,6,High
2024-12-13,West,B+,11,37,Low
2024-12-13,West,B-,24,13,High
2024-12-13,West,AB+,14,3,High
2024-12-13,West,AB-,11,18,Low
2024-12-13,West,O+,39,45,Low
2024-12-13,West,O-,40,13,High
2024-12-13,Central,A+,28,18,High
2024-12-13,Central,A-,16,5,High
2024-12-13,Central,B+,40,15,High
2024-12-13,Central,B-,9,27,Low
2024-12-13,Central,AB+,38,10,High
2024-12-13,Central,AB-,31,17,High
2024-12-13,Central,O+,31,3,High
2024-12-13,Central,O-,20,37,Low
2024-12-14,North,A+,10,44,Low
2024-12-14,North,A-,35,18,High
2024-12-14,North,B+,29,41,Low
2024-12-14,North,B-,5,32,Low
2024-12-14,North,AB+,37,40,Low
2024-12-14,North,AB-,24,44,Low
2024-12-14,North,O+,36,30,Medium
2024-12-14,North,O-,35,14,High
2024-12-14,South,A+,7,5,Medium
2024-12-14,South,A-,6,25,Low
2024-12-14,South,B+,13,8,High
2024-12-14,South,B-,21,9,High
2024-12-14,South,AB+,8,33,Low
2024-12-14,South,AB-,5,32,Low
2024-12-14,South,O+,12,30,Low
2024-12-14,South,O-,20,20,Low
2024-12-14,East,A+,40,26,High
2024-12-14,East,A-,6,44,Low
2024-12-14,East,B+,39,41,Low
2024-12-14,East,B-,25,9,High
2024-12-14,East,AB+,16,16,Low
2024-12-14,East,AB-,34,3,High
2024-12-14,East,O+,38,26,High
2024-12-14,East,O-,10,10,Low
2024-12-14,West,A+,10,42,Low
2024-12-14,West,A-,21,44,Low
2024-12-14,West,B+,24,26,Low
2024-12-14,West,B-,21,26,Low
2024-12-14,West,AB+,31,41,Low
2024-12-14,West,AB-,35,12,High
2024-12-14,West,O+,30,25,Medium
2024-12-14,West,O-,26,27,Low
2024-12-14,Central,A+,12,41,Low
2024-12-14,Central,A-,16,32,Low
2024-12-14,Central,B+,32,34,Low
2024-12-14,Central,B-,10,18,Low
2024-12-14,Central,AB+,33,31,Medium
2024-12-14,Central,AB-,12,35,Low
2024-12-14,Central,O+,37,29,Medium
2024-12-14,Central,O-,14,30,Low
2024-12-15,North,A+,20,40,Low
2024-12-15,North,A-,27,28,Low
2024-12-15,North,B+,11,11,Low
2024-12-15,North,B-,30,27,Medium
2024-12-15,North,AB+,33,37,Low
2024-12-15,North,AB-,19,4,High
2024-12-15,North,O+,28,26,Medium
2024-12-15,North,O-,36,16,High
2024-12-15,South,A+,34,9,High
2024-12-15,South,A-,17,37,Low
2024-12-15,South,B+,38,33,Medium
2024-12-15,South,B-,23,5,High
2024-12-15,South,AB+,15,11,Medium
2024-12-15,South,AB-,18,44,Low
2024-12-15,South,O+,23,45,Low
2024-12-15,South,O-,29,7,High
2024-12-15,East,A+,24,22,Medium
2024-12-15,East,A-,30,27,Medium
2024-12-15,East,B+,16,34,Low
2024-12-15,East,B-,32,16,High
2024-12-15,East,AB+,18,3,High
2024-12-15,East,AB-,23,10,High
2024-12-15,East,O+,9,32,Low
2024-12-15,East,O-,31,9,High
2024-12-15,West,A+,24,14,High
2024-12-15,West,A-,11,26,Low
2024-12-15,West,B+,16,21,Low
2024-12-15,West,B-,37,17,High
2024-12-15,West,AB+,12,41,Low
2024-12-15,West,AB-,30,37,Low
2024-12-15,West,O+,31,16,High
2024-12-15,West,O-,31,19,High
2024-12-15,Central,A+,35,4,High
2024-12-15,Central,A-,21,27,Low
2024-12-15,Central,B+,25,27,Low
2024-12-15,Central,B-,39,39,Low
2024-12-15,Central,AB+,29,40,Low
2024-12-15,Central,AB-,37,33,Medium
2024-12-15,Central,O+,6,16,Low
2024-12-15,Central,O-,29,38,Low
2024-12-16,North,A+,40,17,High
2024-12-16,North,A-,5,4,Medium
2024-12-16,North,B+,22,37,Low
2024-12-16,North,B-,19,34,Low
2024-12-16,North,AB+,19,28,Low
2024-12-16,North,AB-,19,8,High
2024-12-16,North,O+,27,39,Low
2024-12-16,North,O-,16,12,Medium
2024-12-16,South,A+,12,45,Low
2024-12-16,South,A-,15,33,Low
2024-12-16,South,B+,8,27,Low
2024-12-16,South,B-,26,41,Low
2024-12-16,South,AB+,19,20,Low
2024-12-16,South,AB-,9,5,High
2024-12-16,South,O+,21,6,High
2024-12-16,South,O-,29,12,High
2024-12-16,East,A+,11,8,Medium
2024-12-16,East,A-,39,31,Medium
2024-12-16,East,B+,15,11,Medium
2024-12-16,East,B-,37,13,High
2024-12-16,East,AB+,22,33,Low
2024-12-16,East,AB-,12,36,Low
2024-12-16,East,O+,17,4,High
2024-12-16,East,O-,10,37,Low
2024-12-16,West,A+,12,31,Low
2024-12-16,West,A-,30,44,Low
2024-12-16,West,B+,8,33,Low
2024-12-16,West,B-,26,31,Low
2024-12-16,West,AB+,38,42,Low
2024-12-16,West,AB-,38,44,Low
2024-12-16,West,O+,21,39,Low
2024-12-16,West,O-,35,21,High
2024-12-16,Central,A+,33,42,Low
2024-12-16,Central,A-,8,23,Low
2024-12-16,Central,B+,15,11,Medium
2024-12-16,Central,B-,11,34,Low
2024-12-16,Central,AB+,12,10,Medium
2024-12-16,Central,AB-,22,37,Low
2024-12-16,Central,O+,31,24,Medium
2024-12-16,Central,O-,31,25,Medium
2024-12-17,North,A+,38,9,High
2024-12-17,North,A-,40,42,Low
2024-12-17,North,B+,39,45,Low
2024-12-17,North,B-,11,3,High
2024-12-17,North,AB+,32,7,High
2024-12-17,North,AB-,36,16,High
2024-12-17,North,O+,25,29,Low
2024-12-17,North,O-,20,9,High
2024-12-17,South,A+,31,15,High
2024-12-17,South,A-,11,13,Low
2024-12-17,South,B+,34,26,Medium
2024-12-17,South,B-,27,31,Low
2024-12-17,South,AB+,16,29,Low
2024-12-17,South,AB-,11,29,Low
2024-12-17,South,O+,24,41,Low
2024-12-17,South,O-,31,16,High
2024-12-17,East,A+,36,38,Low
2024-12-17,East,A-,37,7,High
2024-12-17,East,B+,10,39,Low
2024-12-17,East,B-,18,36,Low
2024-12-17,East,AB+,8,28,Low
2024-12-17,East,AB-,38,13,High
2024-12-17,East,O+,8,10,Low
2024-12-17,East,O-,18,44,Low
2024-12-17,West,A+,5,34,Low
2024-12-17,West,A-,9,30,Low
2024-12-17,West,B+,36,25,High
2024-12-17,West,B-,17,13,Medium
2024-12-17,West,AB+,12,27,Low
2024-12-17,West,AB-,19,15,Medium
2024-12-17,West,O+,31,10,High
2024-12-17,West,O-,20,7,High
2024-12-17,Central,A+,35,42,Low
2024-12-17,Central,A-,38,24,High
2024-12-17,Central,B+,22,40,Low
2024-12-17,Central,B-,7,5,Medium
2024-12-17,Central,AB+,24,41,Low
2024-12-17,Central,AB-,8,18,Low
2024-12-17,Central,O+,35,13,High
2024-12-17,Central,O-,27,21,Medium
2024-12-18,North,A+,28,36,Low
2024-12-18,North,A-,26,35,Low
2024-12-18,North,B+,19,24,Low
2024-12-18,North,B-,31,18,High
2024-12-18,North,AB+,40,10,High
2024-12-18,North,AB-,14,33,Low
2024-12-18,North,O+,22,16,Medium
2024-12-18,North,O-,14,12,Medium
2024-12-18,South,A+,25,24,Medium
2024-12-18,South,A-,11,31,Low
2024-12-18,South,B+,22,7,High
2024-12-18,South,B-,16,23,Low
2024-12-18,South,AB+,40,7,High
2024-12-18,South,AB-,21,34,Low
2024-12-18,South,O+,31,14,High
2024-12-18,South,O-,11,14,Low
2024-12-18,East,A+,17,28,Low
2024-12-18,East,A-,7,10,Low
2024-12-18,East,B+,39,28,Medium
2024-12-18,East,B-,19,39,Low
2024-12-18,East,AB+,21,25,Low
2024-12-18,East,AB-,21,9,High
2024-12-18,East,O+,18,38,Low
2024-12-18,East,O-,21,23,Low
2024-12-18,West,A+,19,9,High
2024-12-18,West,A-,25,27,Low
2024-12-18,West,B+,18,6,High
2024-12-18,West,B-,20,3,High
2024-12-18,West,AB+,35,41,Low
2024-12-18,West,AB-,30,36,Low
2024-12-18,West,O+,26,42,Low
2024-12-18,West,O-,7,44,Low
2024-12-18,Central,A+,32,45,Low
2024-12-18,Central,A-,24,26,Low
2024-12-18,Central,B+,39,32,Medium
2024-12-18,Central,B-,13,43,Low
2024-12-18,Central,AB+,22,5,High
2024-12-18,Central,AB-,40,42,Low
2024-12-18,Central,O+,16,9,High
2024-12-18,Central,O-,34,33,Medium
2024-12-19,North,A+,17,24,Low
2024-12-19,North,A-,10,29,Low
2024-12-19,North,B+,30,35,Low
2024-12-19,North,B-,9,7,Medium
2024-12-19,North,AB+,18,16,Medium
2024-12-19,North,AB-,35,15,High
2024-12-19,North,O+,32,31,Medium
2024-12-19,North,O-,6,33,Low
2024-12-19,South,A+,13,10,Medium
2024-12-19,South,A-,35,45,Low
2024-12-19,South,B+,19,21,Low
2024-12-19,South,B-,5,14,Low
2024-12-19,South,AB+,24,11,High
2024-12-19,South,AB-,15,44,Low
2024-12-19,South,O+,15,20,Low
2024-12-19,South,O-,11,42,Low
2024-12-19,East,A+,38,17,High
2024-12-19,East,A-,8,29,Low
2024-12-19,East,B+,20,14,Medium
2024-12-19,East,B-,20,30,Low
2024-12-19,East,AB+,25,22,Medium
2024-12-19,East,AB-,5,9,Low
2024-12-19,East,O+,39,9,High
2024-12-19,East,O-,24,21,Medium
2024-12-19,West,A+,22,13,High
2024-12-19,West,A-,23,38,Low
2024-12-19,West,B+,22,12,High
2024-12-19,West,B-,6,13,Low
2024-12-19,West,AB+,22,18,Medium
2024-12-19,West,AB-,28,3,High
2024-12-19,West,O+,24,31,Low
2024-12-19,West,O-,31,25,Medium
2024-12-19,Central,A+,10,10,Low
2024-12-19,Central,A-,37,30,Medium
2024-12-19,Central,B+,9,24,Low
2024-12-19,Central,B-,31,20,High
2024-12-19,Central,AB+,5,42,Low
2024-12-19,Central,AB-,23,9,High
2024-12-19,Central,O+,24,34,Low
2024-12-19,Central,O-,27,15,High
2024-12-20,North,A+,39,42,Low
2024-12-20,North,A-,9,15,Low
2024-12-20,North,B+,34,5,High
2024-12-20,North,B-,25,22,Medium
2024-12-20,North,AB+,13,22,Low
2024-12-20,North,AB-,25,8,High
2024-12-20,North,O+,8,35,Low
2024-12-20,North,O-,16,27,Low
2024-12-20,South,A+,9,45,Low
2024-12-20,South,A-,9,4,High
2024-12-20,South,B+,17,23,Low
2024-12-20,South,B-,29,23,Medium
2024-12-20,South,AB+,22,14,High
2024-12-20,South,AB-,16,5,High
2024-12-20,South,O+,16,18,Low
2024-12-20,South,O-,35,27,Medium
2024-12-20,East,A+,29,30,Low
2024-12-20,East,A-,32,41,Low
2024-12-20,East,B+,16,13,Medium
2024-12-20,East,B-,27,17,High
2024-12-20,East,AB+,19,37,Low
2024-12-20,East,AB-,29,8,High
2024-12-20,East,O+,21,8,High
2024-12-20,East,O-,9,43,Low
2024-12-20,West,A+,39,15,High
2024-12-20,West,A-,6,42,Low
2024-12-20,West,B+,19,22,Low
2024-12-20,West,B-,13,20,Low
2024-12-20,West,AB+,14,21,Low
2024-12-20,West,AB-,5,27,Low
2024-12-20,West,O+,32,14,High
2024-12-20,West,O-,37,15,High
2024-12-20,Central,A+,22,29,Low
2024-12-20,Central,A-,17,15,Medium
2024-12-20,Central,B+,24,36,Low
2024-12-20,Central,B-,39,41,Low
2024-12-20,Central,AB+,19,18,Medium
2024-12-20,Central,AB-,21,16,Medium
2024-12-20,Central,O+,35,26,Medium
2024-12-20,Central,O-,11,36,Low
2024-12-21,North,A+,29,30,Low
2024-12-21,North,A-,21,5,High
2024-12-21,North,B+,37,30,Medium
2024-12-21,North,B-,28,21,Medium
2024-12-21,North,AB+,16,21,Low
2024-12-21,North,AB-,20,38,Low
2024-12-21,North,O+,16,27,Low
2024-12-21,North,O-,13,38,Low
2024-12-21,South,A+,26,24,Medium
2024-12-21,South,A-,6,31,Low
2024-12-21,South,B+,22,16,Medium
2024-12-21,South,B-,26,4,High
2024-12-21,South,AB+,27,13,High
2024-12-21,South,AB-,40,43,Low
2024-12-21,South,O+,38,42,Low
2024-12-21,South,O-,28,41,Low
2024-12-21,East,A+,22,33,Low
2024-12-21,East,A-,5,18,Low
2024-12-21,East,B+,32,41,Low
2024-12-21,East,B-,32,21,High
2024-12-21,East,AB+,25,16,High
2024-12-21,East,AB-,25,41,Low
2024-12-21,East,O+,11,33,Low
2024-12-21,East,O-,30,24,Medium
2024-12-21,West,A+,7,19,Low
2024-12-21,West,A-,34,10,High
2024-12-21,West,B+,40,36,Medium
2024-12-21,West,B-,17,3,High
2024-12-21,West,AB+,7,40,Low
2024-12-21,West,AB-,26,20,Medium
2024-12-21,West,O+,13,38,Low
2024-12-21,West,O-,37,32,Medium
2024-12-21,Central,A+,18,20,Low
2024-12-21,Central,A-,23,42,Low
2024-12-21,Central,B+,30,45,Low
2024-12-21,Central,B-,29,36,Low
2024-12-21,Central,AB+,32,30,Medium
2024-12-21,Central,AB-,33,40,Low
2024-12-21,Central,O+,39,42,Low
2024-12-21,Central,O-,21,32,Low
2024-12-22,North,A+,6,29,Low
2024-12-22,North,A-,11,32,Low
2024-12-22,North,B+,6,30,Low
2024-12-22,North,B-,8,8,Low
2024-12-22,North,AB+,21,42,Low
2024-12-22,North,AB-,33,8,High
2024-12-22,North,O+,10,4,High
2024-12-22,North,O-,18,36,Low
2024-12-22,South,A+,21,31,Low
2024-12-22,South,A-,11,24,Low
2024-12-22,South,B+,30,33,Low
2024-12-22,South,B-,27,29,Low
2024-12-22,South,AB+,32,23,Medium
2024-12-22,South,AB-,5,44,Low
2024-12-22,South,O+,26,7,High
2024-12-22,South,O-,39,35,Medium
2024-12-22,East,A+,32,4,High
2024-12-22,East,A-,11,27,Low
2024-12-22,East,B+,36,45,Low
2024-12-22,East,B-,23,19,Medium
2024-12-22,East,AB+,16,16,Low
2024-12-22,East,AB-,23,16,High
2024-12-22,East,O+,28,42,Low
2024-12-22,East,O-,32,39,Low
2024-12-22,West,A+,38,23,High
2024-12-22,West,A-,6,20,Low
2024-12-22,West,B+,25,4,High
2024-12-22,West,B-,26,29,Low
2024-12-22,West,AB+,31,39,Low
2024-12-22,West,AB-,19,34,Low
2024-12-22,West,O+,26,22,Medium
2024-12-22,West,O-,7,11,Low
2024-12-22,Central,A+,21,14,High
2024-12-22,Central,A-,40,30,Medium
2024-12-22,Central,B+,9,33,Low
2024-12-22,Central,B-,39,40,Low
2024-12-22,Central,AB+,15,24,Low
2024-12-22,Central,AB-,33,10,High
2024-12-22,Central,O+,24,5,High
2024-12-22,Central,O-,13,24,Low
2024-12-23,North,A+,8,18,Low
2024-12-23,North,A-,39,23,High
2024-12-23,North,B+,36,30,Medium
2024-12-23,North,B-,16,27,Low
2024-12-23,North,AB+,24,35,Low
2024-12-23,North,AB-,9,43,Low
2024-12-23,North,O+,31,18,High
2024-12-23,North,O-,38,44,Low
2024-12-23,South,A+,23,39,Low
2024-12-23,South,A-,20,29,Low
2024-12-23,South,B+,40,6,High
2024-12-23,South,B-,29,15,High
2024-12-23,South,AB+,25,35,Low
2024-12-23,South,AB-,27,17,High
2024-12-23,South,O+,6,8,Low
2024-12-23,South,O-,6,8,Low
2024-12-23,East,A+,14,31,Low
2024-12-23,East,A-,40,39,Medium
2024-12-23,East,B+,29,41,Low
2024-12-23,East,B-,26,8,High
2024-12-23,East,AB+,18,3,High
2024-12-23,East,AB-,23,44,Low
2024-12-23,East,O+,37,26,Medium
2024-12-23,East,O-,14,34,Low
2024-12-23,West,A+,34,25,Medium
2024-12-23,West,A-,38,27,Medium
2024-12-23,West,B+,35,6,High
2024-12-23,West,B-,18,27,Low
2024-12-23,West,AB+,25,29,Low
2024-12-23,West,AB-,14,6,High
2024-12-23,West,O+,17,30,Low
2024-12-23,West,O-,18,19,Low
2024-12-23,Central,A+,24,21,Medium
2024-12-23,Central,A-,18,43,Low
2024-12-23,Central,B+,21,28,Low
2024-12-23,Central,B-,37,41,Low
2024-12-23,Central,AB+,29,18,High
2024-12-23,Central,AB-,19,9,High
2024-12-23,Central,O+,39,7,High
2024-12-23,Central,O-,14,15,Low
2024-12-24,North,A+,19,26,Low
2024-12-24,North,A-,33,29,Medium
2024-12-24,North,B+,10,33,Low
2024-12-24,North,B-,8,31,Low
2024-12-24,North,AB+,19,10,High
2024-12-24,North,AB-,33,22,High
2024-12-24,North,O+,22,25,Low
2024-12-24,North,O-,34,32,Medium
2024-12-24,South,A+,32,14,High
2024-12-24,South,A-,31,11,High
2024-12-24,South,B+,29,18,High
2024-12-24,South,B-,30,31,Low
2024-12-24,South,AB+,39,23,High
2024-12-24,South,AB-,7,35,Low
2024-12-24,South,O+,40,41,Low
2024-12-24,South,O-,36,34,Medium
2024-12-24,East,A+,21,34,Low
2024-12-24,East,A-,28,42,Low
2024-12-24,East,B+,22,21,Medium
2024-12-24,East,B-,20,21,Low
2024-12-24,East,AB+,37,24,High
2024-12-24,East,AB-,13,40,Low
2024-12-24,East,O+,27,15,High
2024-12-24,East,O-,33,32,Medium
2024-12-24,West,A+,21,4,High
2024-12-24,West,A-,20,33,Low
2024-12-24,West,B+,29,32,Low
2024-12-24,West,B-,31,38,Low
2024-12-24,West,AB+,35,21,High
2024-12-24,West,AB-,6,19,Low
2024-12-24,West,O+,14,4,High
2024-12-24,West,O-,35,29,Medium
2024-12-24,Central,A+,34,25,Medium
2024-12-24,Central,A-,10,22,Low
2024-12-24,Central,B+,33,25,Medium
2024-12-24,Central,B-,17,22,Low
2024-12-24,Central,AB+,10,7,Medium
2024-12-24,Central,AB-,25,33,Low
2024-12-24,Central,O+,18,44,Low
2024-12-24,Central,O-,18,6,High
2024-12-25,North,A+,8,5,High
2024-12-25,North,A-,7,39,Low
2024-12-25,North,B+,22,5,High
2024-12-25,North,B-,31,26,Medium
2024-12-25,North,AB+,30,25,Medium
2024-12-25,North,AB-,37,12,High
2024-12-25,North,O+,20,21,Low
2024-12-25,North,O-,21,24,Low
2024-12-25,South,A+,20,36,Low
2024-12-25,South,A-,26,44,Low
2024-12-25,South,B+,32,26,Medium
2024-12-25,South,B-,20,24,Low
2024-12-25,South,AB+,16,15,Medium
2024-12-25,South,AB-,13,29,Low
2024-12-25,South,O+,32,5,High
2024-12-25,South,O-,5,5,Low
2024-12-25,East,A+,21,32,Low
2024-12-25,East,A-,6,39,Low
2024-12-25,East,B+,10,7,Medium
2024-12-25,East,B-,8,18,Low
2024-12-25,East,AB+,24,40,Low
2024-12-25,East,AB-,28,29,Low
2024-12-25,East,O+,9,8,Medium
2024-12-25,East,O-,37,39,Low
2024-12-25,West,A+,30,23,Medium
2024-12-25,West,A-,10,8,Medium
2024-12-25,West,B+,40,9,High
2024-12-25,West,B-,25,35,Low
2024-12-25,West,AB+,18,31,Low
2024-12-25,West,AB-,22,28,Low
2024-12-25,West,O+,32,7,High
2024-12-25,West,O-,24,22,Medium
2024-12-25,Central,A+,35,31,Medium
2024-12-25,Central,A-,32,8,High
2024-12-25,Central,B+,37,44,Low
2024-12-25,Central,B-,31,35,Low
2024-12-25,Central,AB+,36,45,Low
2024-12-25,Central,AB-,5,20,Low
2024-12-25,Central,O+,34,40,Low
2024-12-25,Central,O-,31,28,Medium
2024-12-26,North,A+,29,38,Low
2024-12-26,North,A-,14,42,Low
2024-12-26,North,B+,6,26,Low
2024-12-26,North,B-,13,26,Low
2024-12-26,North,AB+,30,24,Medium
2024-12-26,North,AB-,28,4,High
2024-12-26,North,O+,38,44,Low
2024-12-26,North,O-,9,20,Low
2024-12-26,South,A+,15,17,Low
2024-12-26,South,A-,19,3,High
2024-12-26,South,B+,16,39,Low
2024-12-26,South,B-,16,34,Low
2024-12-26,South,AB+,32,21,High
2024-12-26,South,AB-,6,23,Low
2024-12-26,South,O+,22,33,Low
2024-12-26,South,O-,20,42,Low
2024-12-26,East,A+,39,30,Medium
2024-12-26,East,A-,16,12,Medium
2024-12-26,East,B+,9,19,Low
2024-12-26,East,B-,8,25,Low
2024-12-26,East,AB+,9,16,Low
2024-12-26,East,AB-,10,37,Low
2024-12-26,East,O+,29,27,Medium
2024-12-26,East,O-,7,22,Low
2024-12-26,West,A+,36,22,High
2024-12-26,West,A-,33,18,High
2024-12-26,West,B+,18,38,Low
2024-12-26,West,B-,10,19,Low
2024-12-26,West,AB+,34,35,Low
2024-12-26,West,AB-,26,13,High
2024-12-26,West,O+,21,32,Low
2024-12-26,West,O-,24,22,Medium
2024-12-26,Central,A+,13,3,High
2024-12-26,Central,A-,17,23,Low
2024-12-26,Central,B+,21,21,Low
2024-12-26,Central,B-,11,4,High
2024-12-26,Central,AB+,15,17,Low
2024-12-26,Central,AB-,37,33,Medium
2024-12-26,Central,O+,19,25,Low
2024-12-26,Central,O-,10,37,Low
2024-12-27,North,A+,31,29,Medium
2024-12-27,North,A-,24,34,Low
2024-12-27,North,B+,35,22,High
2024-12-27,North,B-,11,16,Low
2024-12-27,North,AB+,10,16,Low
2024-12-27,North,AB-,28,7,High
2024-12-27,North,O+,37,15,High
2024-12-27,North,O-,5,12,Low
2024-12-27,South,A+,27,35,Low
2024-12-27,South,A-,28,15,High
2024-12-27,South,B+,22,29,Low
2024-12-27,South,B-,25,37,Low
2024-12-27,South,AB+,10,25,Low
2024-12-27,South,AB-,18,42,Low
2024-12-27,South,O+,38,37,Medium
2024-12-27,South,O-,28,43,Low
2024-12-27,East,A+,15,10,High
2024-12-27,East,A-,36,38,Low
2024-12-27,East,B+,25,24,Medium
2024-12-27,East,B-,8,39,Low
2024-12-27,East,AB+,38,22,High
2024-12-27,East,AB-,9,13,Low
2024-12-27,East,O+,40,27,High
2024-12-27,East,O-,26,26,Low
2024-12-27,West,A+,38,10,High
2024-12-27,West,A-,29,32,Low
2024-12-27,West,B+,27,42,Low
2024-12-27,West,B-,16,16,Low
2024-12-27,West,AB+,39,16,High
2024-12-27,West,AB-,11,40,Low
2024-12-27,West,O+,19,22,Low
2024-12-27,West,O-,39,39,Low
2024-12-27,Central,A+,10,38,Low
2024-12-27,Central,A-,7,6,Medium
2024-12-27,Central,B+,17,37,Low
2024-12-27,Central,B-,9,19,Low
2024-12-27,Central,AB+,29,15,High
2024-12-27,Central,AB-,21,11,High
2024-12-27,Central,O+,16,22,Low
2024-12-27,Central,O-,15,9,High
2024-12-28,North,A+,28,39,Low
2024-12-28,North,A-,34,18,High
2024-12-28,North,B+,8,40,Low
2024-12-28,North,B-,11,14,Low
2024-12-28,North,AB+,9,35,Low
2024-12-28,North,AB-,25,12,High
2024-12-28,North,O+,35,15,High
2024-12-28,North,O-,23,8,High
2024-12-28,South,A+,10,21,Low
2024-12-28,South,A-,30,8,High
2024-12-28,South,B+,17,18,Low
2024-12-28,South,B-,10,24,Low
2024-12-28,South,AB+,27,26,Medium
2024-12-28,South,AB-,17,6,High
2024-12-28,South,O+,9,23,Low
2024-12-28,South,O-,19,5,High
2024-12-28,East,A+,17,6,High
2024-12-28,East,A-,24,21,Medium
2024-12-28,East,B+,5,31,Low
2024-12-28,East,B-,33,37,Low
2024-12-28,East,AB+,10,45,Low
2024-12-28,East,AB-,11,6,High
2024-12-28,East,O+,31,26,Medium
2024-12-28,East,O-,40,22,High
2024-12-28,West,A+,25,23,Medium
2024-12-28,West,A-,34,29,Medium
2024-12-28,West,B+,32,18,High
2024-12-28,West,B-,24,23,Medium
2024-12-28,West,AB+,24,10,High
2024-12-28,West,AB-,40,14,High
2024-12-28,West,O+,11,12,Low
2024-12-28,West,O-,31,42,Low
2024-12-28,Central,A+,22,24,Low
2024-12-28,Central,A-,14,6,High
2024-12-28,Central,B+,31,22,Medium
2024-12-28,Central,B-,10,42,Low
2024-12-28,Central,AB+,11,4,High
2024-12-28,Central,AB-,31,9,High
2024-12-28,Central,O+,29,44,Low
2024-12-28,Central,O-,29,42,Low
2024-12-29,North,A+,10,4,High
2024-12-29,North,A-,8,36,Low
2024-12-29,North,B+,13,13,Low
2024-12-29,North,B-,21,11,High
2024-12-29,North,AB+,12,28,Low
2024-12-29,North,AB-,39,12,High
2024-12-29,North,O+,31,35,Low
2024-12-29,North,O-,13,12,Medium
2024-12-29,South,A+,10,43,Low
2024-12-29,South,A-,36,25,High
2024-12-29,South,B+,30,13,High
2024-12-29,South,B-,29,42,Low
2024-12-29,South,AB+,29,12,High
2024-12-29,South,AB-,6,36,Low
2024-12-29,South,O+,17,43,Low
2024-12-29,South,O-,22,34,Low
2024-12-29,East,A+,10,3,High
2024-12-29,East,A-,5,25,Low
2024-12-29,East,B+,19,11,High
2024-12-29,East,B-,27,34,Low
2024-12-29,East,AB+,13,11,Medium
2024-12-29,East,AB-,40,43,Low
2024-12-29,East,O+,34,6,High
2024-12-29,East,O-,17,13,Medium
2024-12-29,West,A+,14,4,High
2024-12-29,West,A-,7,44,Low
2024-12-29,West,B+,34,20,High
2024-12-29,West,B-,40,24,High
2024-12-29,West,AB+,36,11,High
2024-12-29,West,AB-,21,15,Medium
2024-12-29,West,O+,40,32,Medium
2024-12-29,West,O-,12,12,Low
2024-12-29,Central,A+,27,8,High
2024-12-29,Central,A-,23,24,Low
2024-12-29,Central,B+,16,5,High
2024-12-29,Central,B-,26,35,Low
2024-12-29,Central,AB+,6,12,Low
2024-12-29,Central,AB-,38,28,Medium
2024-12-29,Central,O+,6,27,Low
2024-12-29,Central,O-,7,21,Low
2024-12-30,North,A+,40,4,High
2024-12-30,North,A-,16,14,Medium
2024-12-30,North,B+,21,3,High
2024-12-30,North,B-,31,25,Medium
2024-12-30,North,AB+,24,33,Low
2024-12-30,North,AB-,21,31,Low
2024-12-30,North,O+,30,41,Low
2024-12-30,North,O-,26,5,High
2024-12-30,South,A+,6,19,Low
2024-12-30,South,A-,10,43,Low
2024-12-30,South,B+,37,40,Low
2024-12-30,South,B-,37,24,High
2024-12-30,South,AB+,32,28,Medium
2024-12-30,South,AB-,21,16,Medium
2024-12-30,South,O+,7,9,Low
2024-12-30,South,O-,29,24,Medium
2024-12-30,East,A+,27,30,Low
2024-12-30,East,A-,13,17,Low
2024-12-30,East,B+,37,38,Low
2024-12-30,East,B-,36,36,Low
2024-12-30,East,AB+,37,35,Medium
2024-12-30,East,AB-,33,27,Medium
2024-12-30,East,O+,27,30,Low
2024-12-30,East,O-,20,7,High
2024-12-30,West,A+,18,27,Low
2024-12-30,West,A-,8,29,Low
2024-12-30,West,B+,13,11,Medium
2024-12-30,West,B-,6,8,Low
2024-12-30,West,AB+,11,15,Low
2024-12-30,West,AB-,40,27,High
2024-12-30,West,O+,5,20,Low
2024-12-30,West,O-,35,40,Low
2024-12-30,Central,A+,22,45,Low
2024-12-30,Central,A-,33,8,High
2024-12-30,Central,B+,5,16,Low
2024-12-30,Central,B-,37,4,High
2024-12-30,Central,AB+,18,24,Low
2024-12-30,Central,AB-,12,19,Low
2024-12-30,Central,O+,38,40,Low
2024-12-30,Central,O-,25,18,Medium
